timestamp_iso,sim_time_elapsed_sec,crane_slew_angle_deg,crane_mast_x,crane_mast_z,trolley_pos_x,trolley_pos_z,load_pos_x,load_pos_y,load_pos_z,load_velocity_mps,worker_id,worker_pos_x,worker_pos_z,worker_to_load_dist_2d,is_in_drop_zone,is_in_driver_frustum,is_driver_los_blocked,bldg_world_center_x,bldg_world_center_z,bldg_world_size_x,bldg_world_size_z,load_danger_radius,site_pad_size,safety_status_label
2026-08-26T10:43:02.672Z,0.37,90.00,0.000,2.540,0.000,10.500,0.000,9.091,10.500,2.890,Worker_1,6.780,10.266,6.784,0,1,0,3.280,4.760,3.000,3.000,3.0,26.0,SAFE
2026-08-26T10:43:02.672Z,0.37,90.00,0.000,2.540,0.000,10.500,0.000,9.091,10.500,2.890,Worker_2,-4.290,-3.740,14.872,0,0,1,3.280,4.760,3.000,3.000,3.0,26.0,SAFE
2026-08-26T10:43:02.672Z,0.37,90.00,0.000,2.540,0.000,10.500,0.000,9.091,10.500,2.890,Worker_3,3.640,-7.120,17.992,0,0,1,3.280,4.760,3.000,3.000,3.0,26.0,SAFE
2026-08-26T10:43:02.764Z,0.48,90.00,0.000,2.540,0.000,10.500,0.000,8.789,10.500,3.084,Worker_1,6.574,10.293,6.577,0,1,0,3.280,4.760,3.000,3.000,3.0,26.0,SAFE
2026-08-26T10:43:02.764Z,0.48,90.00,0.000,2.540,0.000,10.500,0.000,8.789,10.500,3.084,Worker_2,-4.290,-3.740,14.872,0,0,1,3.280,4.760,3.000,3.000,3.0,26.0,SAFE
2026-08-26T10:43:02.764Z,0.48,90.00,0.000,2.540,0.000,10.500,0.000,8.789,10.500,3.084,Worker_3,3.640,-7.120,17.992,0,0,1,3.280,4.760,3.000,3.000,3.0,26.0,SAFE
2026-08-26T10:43:02.903Z,0.61,90.00,0.000,2.540,0.000,10.500,0.000,8.354,10.500,3.085,Worker_1,6.302,10.328,6.304,0,1,0,3.280,4.760,3.000,3.000,3.0,26.0,SAFE
2026-08-26T10:43:02.903Z,0.61,90.00,0.000,2.540,0.000,10.500,0.000,8.354,10.500,3.085,Worker_2,-4.290,-3.740,14.872,0,0,1,3.280,4.760,3.000,3.000,3.0,26.0,SAFE
2026-08-26T10:43:02.903Z,0.61,90.00,0.000,2.540,0.000,10.500,0.000,8.354,10.500,3.085,Worker_3,3.640,-7.120,17.992,0,0,1,3.280,4.760,3.000,3.000,3.0,26.0,SAFE
2026-08-26T10:43:03.014Z,0.73,90.00,0.000,2.540,0.000,10.500,0.000,7.996,10.500,2.888,Worker_1,6.078,10.357,6.080,0,1,0,3.280,4.760,3.000,3.000,3.0,26.0,SAFE
2026-08-26T10:43:03.014Z,0.73,90.00,0.000,2.540,0.000,10.500,0.000,7.996,10.500,2.888,Worker_2,-4.290,-3.740,14.872,0,0,1,3.280,4.760,3.000,3.000,3.0,26.0,SAFE
2026-08-26T10:43:03.014Z,0.73,90.00,0.000,2.540,0.000,10.500,0.000,7.996,10.500,2.888,Worker_3,3.640,-7.120,17.992,0,0,1,3.280,4.760,3.000,3.000,3.0,26.0,SAFE
2026-08-26T10:43:03.132Z,0.84,90.00,0.000,2.540,0.000,10.500,0.000,7.671,10.500,2.573,Worker_1,5.847,10.388,5.848,0,1,0,3.280,4.760,3.000,3.000,3.0,26.0,SAFE
2026-08-26T10:43:03.132Z,0.84,90.00,0.000,2.540,0.000,10.500,0.000,7.671,10.500,2.573,Worker_2,-4.290,-3.740,14.872,0,0,1,3.280,4.760,3.000,3.000,3.0,26.0,SAFE
2026-08-26T10:43:03.132Z,0.84,90.00,0.000,2.540,0.000,10.500,0.000,7.671,10.500,2.573,Worker_3,3.640,-7.120,17.992,0,0,1,3.280,4.760,3.000,3.000,3.0,26.0,SAFE
2026-08-26T10:43:03.245Z,0.96,90.00,0.000,2.540,0.000,10.500,0.000,7.432,10.500,2.258,Worker_1,5.619,10.417,5.619,0,1,0,3.280,4.760,3.000,3.000,3.0,26.0,SAFE
2026-08-26T10:43:03.245Z,0.96,90.00,0.000,2.540,0.000,10.500,0.000,7.432,10.500,2.258,Worker_2,-4.290,-3.740,14.872,0,0,1,3.280,4.760,3.000,3.000,3.0,26.0,SAFE
2026-08-26T10:43:03.245Z,0.96,90.00,0.000,2.540,0.000,10.500,0.000,7.432,10.500,2.258,Worker_3,3.640,-7.120,17.992,0,0,1,3.280,4.760,3.000,3.000,3.0,26.0,SAFE
2026-08-26T10:43:03.349Z,1.06,90.00,0.000,2.540,0.000,10.500,0.000,7.189,10.500,1.857,Worker_1,5.416,10.444,5.417,0,1,0,3.280,4.760,3.000,3.000,3.0,26.0,SAFE
2026-08-26T10:43:03.349Z,1.06,90.00,0.000,2.540,0.000,10.500,0.000,7.189,10.500,1.857,Worker_2,-4.290,-3.740,14.872,0,0,1,3.280,4.760,3.000,3.000,3.0,26.0,SAFE
2026-08-26T10:43:03.349Z,1.06,90.00,0.000,2.540,0.000,10.500,0.000,7.189,10.500,1.857,Worker_3,3.640,-7.120,17.992,0,0,1,3.280,4.760,3.000,3.000,3.0,26.0,SAFE
2026-08-26T10:43:03.480Z,1.19,90.00,0.000,2.540,0.000,10.500,0.000,6.994,10.500,1.459,Worker_1,5.154,10.478,5.154,0,1,0,3.280,4.760,3.000,3.000,3.0,26.0,SAFE
2026-08-26T10:43:03.480Z,1.19,90.00,0.000,2.540,0.000,10.500,0.000,6.994,10.500,1.459,Worker_2,-4.290,-3.740,14.872,0,0,1,3.280,4.760,3.000,3.000,3.0,26.0,SAFE
2026-08-26T10:43:03.480Z,1.19,90.00,0.000,2.540,0.000,10.500,0.000,6.994,10.500,1.459,Worker_3,3.640,-7.120,17.992,0,0,1,3.280,4.760,3.000,3.000,3.0,26.0,SAFE
2026-08-26T10:43:03.599Z,1.31,90.00,0.000,2.540,0.000,10.500,0.000,6.845,10.500,1.088,Worker_1,4.920,10.508,4.920,0,1,0,3.280,4.760,3.000,3.000,3.0,26.0,SAFE
2026-08-26T10:43:03.599Z,1.31,90.00,0.000,2.540,0.000,10.500,0.000,6.845,10.500,1.088,Worker_2,-4.290,-3.740,14.872,0,0,1,3.280,4.760,3.000,3.000,3.0,26.0,SAFE
2026-08-26T10:43:03.599Z,1.31,90.00,0.000,2.540,0.000,10.500,0.000,6.845,10.500,1.088,Worker_3,3.640,-7.120,17.992,0,0,1,3.280,4.760,3.000,3.000,3.0,26.0,SAFE
2026-08-26T10:43:03.715Z,1.43,90.00,0.000,2.540,0.000,10.500,0.000,6.738,10.500,0.758,Worker_1,4.689,10.538,4.689,0,1,0,3.280,4.760,3.000,3.000,3.0,26.0,SAFE
2026-08-26T10:43:03.715Z,1.43,90.00,0.000,2.540,0.000,10.500,0.000,6.738,10.500,0.758,Worker_2,-4.290,-3.740,14.872,0,0,1,3.280,4.760,3.000,3.000,3.0,26.0,SAFE
2026-08-26T10:43:03.715Z,1.43,90.00,0.000,2.540,0.000,10.500,0.000,6.738,10.500,0.758,Worker_3,3.640,-7.120,17.992,0,0,1,3.280,4.760,3.000,3.000,3.0,26.0,SAFE
2026-08-26T10:43:03.847Z,1.56,90.00,0.000,2.540,0.000,10.500,0.000,6.667,10.500,0.479,Worker_1,4.427,10.572,4.427,0,1,0,3.280,4.760,3.000,3.000,3.0,26.0,SAFE
2026-08-26T10:43:03.847Z,1.56,90.00,0.000,2.540,0.000,10.500,0.000,6.667,10.500,0.479,Worker_2,-4.290,-3.740,14.872,0,0,1,3.280,4.760,3.000,3.000,3.0,26.0,SAFE
2026-08-26T10:43:03.847Z,1.56,90.00,0.000,2.540,0.000,10.500,0.000,6.667,10.500,0.479,Worker_3,3.640,-7.120,17.992,0,0,1,3.280,4.760,3.000,3.000,3.0,26.0,SAFE
2026-08-26T10:43:03.982Z,1.70,90.00,0.000,2.540,0.000,10.500,0.000,6.622,10.500,0.218,Worker_1,4.158,10.607,4.159,0,1,0,3.280,4.760,3.000,3.000,3.0,26.0,SAFE
2026-08-26T10:43:03.982Z,1.70,90.00,0.000,2.540,0.000,10.500,0.000,6.622,10.500,0.218,Worker_2,-4.290,-3.740,14.872,0,0,1,3.280,4.760,3.000,3.000,3.0,26.0,SAFE
2026-08-26T10:43:03.982Z,1.70,90.00,0.000,2.540,0.000,10.500,0.000,6.622,10.500,0.218,Worker_3,3.640,-7.120,17.992,0,0,1,3.280,4.760,3.000,3.000,3.0,26.0,SAFE
2026-08-26T10:43:04.085Z,1.80,90.00,0.000,2.540,0.000,10.500,0.000,6.609,10.500,0.074,Worker_1,3.954,10.634,3.957,0,1,0,3.280,4.760,3.000,3.000,3.0,26.0,SAFE
2026-08-26T10:43:04.085Z,1.80,90.00,0.000,2.540,0.000,10.500,0.000,6.609,10.500,0.074,Worker_2,-4.290,-3.740,14.872,0,0,1,3.280,4.760,3.000,3.000,3.0,26.0,SAFE
2026-08-26T10:43:04.085Z,1.80,90.00,0.000,2.540,0.000,10.500,0.000,6.609,10.500,0.074,Worker_3,3.640,-7.120,17.992,0,0,1,3.280,4.760,3.000,3.000,3.0,26.0,SAFE
2026-08-26T10:43:04.198Z,1.91,90.00,0.000,2.540,0.000,10.500,0.000,6.610,10.500,0.056,Worker_1,3.729,10.663,3.733,0,1,0,3.280,4.760,3.000,3.000,3.0,26.0,SAFE
2026-08-26T10:43:04.198Z,1.91,90.00,0.000,2.540,0.000,10.500,0.000,6.610,10.500,0.056,Worker_2,-4.290,-3.740,14.872,0,0,1,3.280,4.760,3.000,3.000,3.0,26.0,SAFE
2026-08-26T10:43:04.198Z,1.91,90.00,0.000,2.540,0.000,10.500,0.000,6.610,10.500,0.056,Worker_3,3.640,-7.120,17.992,0,0,1,3.280,4.760,3.000,3.000,3.0,26.0,SAFE
2026-08-26T10:43:04.325Z,2.04,90.00,0.000,2.540,0.000,10.500,0.000,6.623,10.500,0.145,Worker_1,3.480,10.695,3.486,0,1,0,3.280,4.760,3.000,3.000,3.0,26.0,SAFE
2026-08-26T10:43:04.325Z,2.04,90.00,0.000,2.540,0.000,10.500,0.000,6.623,10.500,0.145,Worker_2,-4.290,-3.740,14.872,0,0,1,3.280,4.760,3.000,3.000,3.0,26.0,SAFE
2026-08-26T10:43:04.325Z,2.04,90.00,0.000,2.540,0.000,10.500,0.000,6.623,10.500,0.145,Worker_3,3.640,-7.120,17.992,0,0,1,3.280,4.760,3.000,3.000,3.0,26.0,SAFE
2026-08-26T10:43:04.431Z,2.14,90.00,0.000,2.540,0.000,10.500,0.000,6.645,10.500,0.200,Worker_1,3.269,10.723,3.276,0,1,0,3.280,4.760,3.000,3.000,3.0,26.0,SAFE
2026-08-26T10:43:04.431Z,2.14,90.00,0.000,2.540,0.000,10.500,0.000,6.645,10.500,0.200,Worker_2,-4.290,-3.740,14.872,0,0,1,3.280,4.760,3.000,3.000,3.0,26.0,SAFE
2026-08-26T10:43:04.431Z,2.14,90.00,0.000,2.540,0.000,10.500,0.000,6.645,10.500,0.200,Worker_3,3.640,-7.120,17.992,0,0,1,3.280,4.760,3.000,3.000,3.0,26.0,SAFE
2026-08-26T10:43:04.547Z,2.26,90.00,0.000,2.540,0.000,10.500,0.000,6.666,10.500,0.223,Worker_1,3.039,10.753,3.049,0,1,0,3.280,4.760,3.000,3.000,3.0,26.0,SAFE
2026-08-26T10:43:04.547Z,2.26,90.00,0.000,2.540,0.000,10.500,0.000,6.666,10.500,0.223,Worker_2,-4.290,-3.740,14.872,0,0,1,3.280,4.760,3.000,3.000,3.0,26.0,SAFE
2026-08-26T10:43:04.547Z,2.26,90.00,0.000,2.540,0.000,10.500,0.000,6.666,10.500,0.223,Worker_3,3.640,-7.120,17.992,0,0,1,3.280,4.760,3.000,3.000,3.0,26.0,SAFE
2026-08-26T10:43:04.663Z,2.38,90.00,0.000,2.540,0.000,10.500,0.000,6.694,10.500,0.231,Worker_1,2.809,10.783,2.823,1,1,0,3.280,4.760,3.000,3.000,3.0,26.0,DANGER_ZONE
2026-08-26T10:43:04.663Z,2.38,90.00,0.000,2.540,0.000,10.500,0.000,6.694,10.500,0.231,Worker_2,-4.290,-3.740,14.872,0,0,1,3.280,4.760,3.000,3.000,3.0,26.0,SAFE
2026-08-26T10:43:04.663Z,2.38,90.00,0.000,2.540,0.000,10.500,0.000,6.694,10.500,0.231,Worker_3,3.640,-7.120,17.992,0,0,1,3.280,4.760,3.000,3.000,3.0,26.0,SAFE
2026-08-26T10:43:04.778Z,2.49,90.00,0.000,2.540,0.000,10.500,0.000,6.721,10.500,0.223,Worker_1,2.579,10.813,2.598,1,1,0,3.280,4.760,3.000,3.000,3.0,26.0,DANGER_ZONE
2026-08-26T10:43:04.778Z,2.49,90.00,0.000,2.540,0.000,10.500,0.000,6.721,10.500,0.223,Worker_2,-4.290,-3.740,14.872,0,0,1,3.280,4.760,3.000,3.000,3.0,26.0,SAFE
2026-08-26T10:43:04.778Z,2.49,90.00,0.000,2.540,0.000,10.500,0.000,6.721,10.500,0.223,Worker_3,3.640,-7.120,17.992,0,0,1,3.280,4.760,3.000,3.000,3.0,26.0,SAFE
2026-08-26T10:43:04.911Z,2.62,90.00,0.000,2.540,0.000,10.500,0.000,6.751,10.500,0.200,Worker_1,2.316,10.847,2.341,1,1,0,3.280,4.760,3.000,3.000,3.0,26.0,DANGER_ZONE
2026-08-26T10:43:04.911Z,2.62,90.00,0.000,2.540,0.000,10.500,0.000,6.751,10.500,0.200,Worker_2,-4.290,-3.740,14.872,0,0,1,3.280,4.760,3.000,3.000,3.0,26.0,SAFE
2026-08-26T10:43:04.911Z,2.62,90.00,0.000,2.540,0.000,10.500,0.000,6.751,10.500,0.200,Worker_3,3.640,-7.120,17.992,0,0,1,3.280,4.760,3.000,3.000,3.0,26.0,SAFE
2026-08-26T10:43:05.018Z,2.73,90.00,0.000,2.540,0.000,10.500,0.000,6.769,10.500,0.178,Worker_1,2.103,10.875,2.136,1,1,0,3.280,4.760,3.000,3.000,3.0,26.0,DANGER_ZONE
2026-08-26T10:43:05.018Z,2.73,90.00,0.000,2.540,0.000,10.500,0.000,6.769,10.500,0.178,Worker_2,-4.290,-3.740,14.872,0,0,1,3.280,4.760,3.000,3.000,3.0,26.0,SAFE
2026-08-26T10:43:05.018Z,2.73,90.00,0.000,2.540,0.000,10.500,0.000,6.769,10.500,0.178,Worker_3,3.640,-7.120,17.992,0,0,1,3.280,4.760,3.000,3.000,3.0,26.0,SAFE
2026-08-26T10:43:05.129Z,2.84,90.00,0.000,2.540,0.000,10.500,0.000,6.789,10.500,0.148,Worker_1,1.883,10.903,1.926,1,1,0,3.280,4.760,3.000,3.000,3.0,26.0,DANGER_ZONE
2026-08-26T10:43:05.129Z,2.84,90.00,0.000,2.540,0.000,10.500,0.000,6.789,10.500,0.148,Worker_2,-4.290,-3.740,14.872,0,0,1,3.280,4.760,3.000,3.000,3.0,26.0,SAFE
2026-08-26T10:43:05.129Z,2.84,90.00,0.000,2.540,0.000,10.500,0.000,6.789,10.500,0.148,Worker_3,3.640,-7.120,17.992,0,0,1,3.280,4.760,3.000,3.000,3.0,26.0,SAFE
2026-08-26T10:43:05.262Z,2.97,90.00,0.000,2.540,0.000,10.500,0.000,6.804,10.500,0.118,Worker_1,1.620,10.937,1.678,1,1,0,3.280,4.760,3.000,3.000,3.0,26.0,DANGER_ZONE
2026-08-26T10:43:05.262Z,2.97,90.00,0.000,2.540,0.000,10.500,0.000,6.804,10.500,0.118,Worker_2,-4.290,-3.740,14.872,0,0,1,3.280,4.760,3.000,3.000,3.0,26.0,SAFE
2026-08-26T10:43:05.262Z,2.97,90.00,0.000,2.540,0.000,10.500,0.000,6.804,10.500,0.118,Worker_3,3.640,-7.120,17.992,0,0,1,3.280,4.760,3.000,3.000,3.0,26.0,SAFE
2026-08-26T10:43:05.379Z,3.09,90.00,0.000,2.540,0.000,10.500,0.000,6.817,10.500,0.090,Worker_1,1.390,10.967,1.466,1,1,0,3.280,4.760,3.000,3.000,3.0,26.0,DANGER_ZONE
2026-08-26T10:43:05.379Z,3.09,90.00,0.000,2.540,0.000,10.500,0.000,6.817,10.500,0.090,Worker_2,-4.290,-3.740,14.872,0,0,1,3.280,4.760,3.000,3.000,3.0,26.0,SAFE
2026-08-26T10:43:05.379Z,3.09,90.00,0.000,2.540,0.000,10.500,0.000,6.817,10.500,0.090,Worker_3,3.640,-7.120,17.992,0,0,1,3.280,4.760,3.000,3.000,3.0,26.0,SAFE
2026-08-26T10:43:05.479Z,3.19,90.00,0.000,2.540,0.000,10.500,0.000,6.824,10.500,0.069,Worker_1,1.189,10.993,1.288,1,1,0,3.280,4.760,3.000,3.000,3.0,26.0,DANGER_ZONE
2026-08-26T10:43:05.479Z,3.19,90.00,0.000,2.540,0.000,10.500,0.000,6.824,10.500,0.069,Worker_2,-4.290,-3.740,14.872,0,0,1,3.280,4.760,3.000,3.000,3.0,26.0,SAFE
2026-08-26T10:43:05.479Z,3.19,90.00,0.000,2.540,0.000,10.500,0.000,6.824,10.500,0.069,Worker_3,3.640,-7.120,17.992,0,0,1,3.280,4.760,3.000,3.000,3.0,26.0,SAFE
2026-08-26T10:43:05.597Z,3.31,90.00,0.000,2.540,0.000,10.500,0.000,6.831,10.500,0.046,Worker_1,0.958,11.023,1.092,1,1,0,3.280,4.760,3.000,3.000,3.0,26.0,DANGER_ZONE
2026-08-26T10:43:05.597Z,3.31,90.00,0.000,2.540,0.000,10.500,0.000,6.831,10.500,0.046,Worker_2,-4.290,-3.740,14.872,0,0,1,3.280,4.760,3.000,3.000,3.0,26.0,SAFE
2026-08-26T10:43:05.597Z,3.31,90.00,0.000,2.540,0.000,10.500,0.000,6.831,10.500,0.046,Worker_3,3.640,-7.120,17.992,0,0,1,3.280,4.760,3.000,3.000,3.0,26.0,SAFE
2026-08-26T10:43:05.711Z,3.42,90.00,0.000,2.540,0.000,10.500,0.000,6.835,10.500,0.027,Worker_1,0.729,11.053,0.915,1,1,0,3.280,4.760,3.000,3.000,3.0,26.0,DANGER_ZONE
2026-08-26T10:43:05.711Z,3.42,90.00,0.000,2.540,0.000,10.500,0.000,6.835,10.500,0.027,Worker_2,-4.290,-3.740,14.872,0,0,1,3.280,4.760,3.000,3.000,3.0,26.0,SAFE
2026-08-26T10:43:05.711Z,3.42,90.00,0.000,2.540,0.000,10.500,0.000,6.835,10.500,0.027,Worker_3,3.640,-7.120,17.992,0,0,1,3.280,4.760,3.000,3.000,3.0,26.0,SAFE
2026-08-26T10:43:05.829Z,3.54,90.00,0.000,2.540,0.000,10.500,0.000,6.837,10.500,0.012,Worker_1,0.497,11.083,0.766,1,1,0,3.280,4.760,3.000,3.000,3.0,26.0,DANGER_ZONE
2026-08-26T10:43:05.829Z,3.54,90.00,0.000,2.540,0.000,10.500,0.000,6.837,10.500,0.012,Worker_2,-4.290,-3.740,14.872,0,0,1,3.280,4.760,3.000,3.000,3.0,26.0,SAFE
2026-08-26T10:43:05.829Z,3.54,90.00,0.000,2.540,0.000,10.500,0.000,6.837,10.500,0.012,Worker_3,3.640,-7.120,17.992,0,0,1,3.280,4.760,3.000,3.000,3.0,26.0,SAFE
2026-08-26T10:43:05.944Z,3.66,90.00,0.000,2.540,0.000,10.500,0.000,6.838,10.500,0.002,Worker_1,0.266,11.113,0.668,1,1,0,3.280,4.760,3.000,3.000,3.0,26.0,DANGER_ZONE
2026-08-26T10:43:05.944Z,3.66,90.00,0.000,2.540,0.000,10.500,0.000,6.838,10.500,0.002,Worker_2,-4.290,-3.740,14.872,0,0,1,3.280,4.760,3.000,3.000,3.0,26.0,SAFE
2026-08-26T10:43:05.944Z,3.66,90.00,0.000,2.540,0.000,10.500,0.000,6.838,10.500,0.002,Worker_3,3.640,-7.120,17.992,0,0,1,3.280,4.760,3.000,3.000,3.0,26.0,SAFE
2026-08-26T10:43:06.046Z,3.76,90.00,0.000,2.540,0.000,10.500,0.000,6.837,10.500,0.005,Worker_1,0.067,11.139,0.643,1,1,0,3.280,4.760,3.000,3.000,3.0,26.0,DANGER_ZONE
2026-08-26T10:43:06.046Z,3.76,90.00,0.000,2.540,0.000,10.500,0.000,6.837,10.500,0.005,Worker_2,-4.290,-3.740,14.872,0,0,1,3.280,4.760,3.000,3.000,3.0,26.0,SAFE
2026-08-26T10:43:06.046Z,3.76,90.00,0.000,2.540,0.000,10.500,0.000,6.837,10.500,0.005,Worker_3,3.640,-7.120,17.992,0,0,1,3.280,4.760,3.000,3.000,3.0,26.0,SAFE
2026-08-26T10:43:06.149Z,3.86,90.00,0.000,2.540,0.000,10.500,0.000,6.837,10.500,0.000,Worker_1,-0.138,11.166,0.680,1,1,0,3.280,4.760,3.000,3.000,3.0,26.0,DANGER_ZONE
2026-08-26T10:43:06.149Z,3.86,90.00,0.000,2.540,0.000,10.500,0.000,6.837,10.500,0.000,Worker_2,-4.290,-3.740,14.872,0,0,1,3.280,4.760,3.000,3.000,3.0,26.0,SAFE
2026-08-26T10:43:06.149Z,3.86,90.00,0.000,2.540,0.000,10.500,0.000,6.837,10.500,0.000,Worker_3,3.640,-7.120,17.992,0,0,1,3.280,4.760,3.000,3.000,3.0,26.0,SAFE
2026-08-26T10:43:06.249Z,3.96,90.00,0.000,2.540,0.000,10.500,0.000,6.837,10.500,0.000,Worker_1,-0.337,11.192,0.769,1,1,0,3.280,4.760,3.000,3.000,3.0,26.0,DANGER_ZONE
2026-08-26T10:43:06.249Z,3.96,90.00,0.000,2.540,0.000,10.500,0.000,6.837,10.500,0.000,Worker_2,-4.290,-3.740,14.872,0,0,1,3.280,4.760,3.000,3.000,3.0,26.0,SAFE
2026-08-26T10:43:06.249Z,3.96,90.00,0.000,2.540,0.000,10.500,0.000,6.837,10.500,0.000,Worker_3,3.640,-7.120,17.992,0,0,1,3.280,4.760,3.000,3.000,3.0,26.0,SAFE
2026-08-26T10:43:06.383Z,4.10,90.00,0.000,2.540,0.000,10.500,0.000,6.837,10.500,0.000,Worker_1,-0.602,11.226,0.944,1,1,0,3.280,4.760,3.000,3.000,3.0,26.0,DANGER_ZONE
2026-08-26T10:43:06.383Z,4.10,90.00,0.000,2.540,0.000,10.500,0.000,6.837,10.500,0.000,Worker_2,-4.290,-3.740,14.872,0,0,1,3.280,4.760,3.000,3.000,3.0,26.0,SAFE
2026-08-26T10:43:06.383Z,4.10,90.00,0.000,2.540,0.000,10.500,0.000,6.837,10.500,0.000,Worker_3,3.640,-7.120,17.992,0,0,1,3.280,4.760,3.000,3.000,3.0,26.0,SAFE
2026-08-26T10:43:06.495Z,4.21,90.00,0.000,2.540,0.000,10.500,0.000,6.837,10.500,0.000,Worker_1,-0.826,11.255,1.119,1,1,0,3.280,4.760,3.000,3.000,3.0,26.0,DANGER_ZONE
2026-08-26T10:43:06.495Z,4.21,90.00,0.000,2.540,0.000,10.500,0.000,6.837,10.500,0.000,Worker_2,-4.290,-3.740,14.872,0,0,1,3.280,4.760,3.000,3.000,3.0,26.0,SAFE
2026-08-26T10:43:06.495Z,4.21,90.00,0.000,2.540,0.000,10.500,0.000,6.837,10.500,0.000,Worker_3,3.640,-7.120,17.992,0,0,1,3.280,4.760,3.000,3.000,3.0,26.0,SAFE
2026-08-26T10:43:06.597Z,4.31,90.00,0.000,2.540,0.000,10.500,0.000,6.837,10.500,0.000,Worker_1,-1.026,11.281,1.290,1,1,0,3.280,4.760,3.000,3.000,3.0,26.0,DANGER_ZONE
2026-08-26T10:43:06.597Z,4.31,90.00,0.000,2.540,0.000,10.500,0.000,6.837,10.500,0.000,Worker_2,-4.290,-3.740,14.872,0,0,1,3.280,4.760,3.000,3.000,3.0,26.0,SAFE
2026-08-26T10:43:06.597Z,4.31,90.00,0.000,2.540,0.000,10.500,0.000,6.837,10.500,0.000,Worker_3,3.640,-7.120,17.992,0,0,1,3.280,4.760,3.000,3.000,3.0,26.0,SAFE
2026-08-26T10:43:06.730Z,4.44,90.00,0.000,2.540,0.000,10.500,0.000,6.837,10.500,0.000,Worker_1,-1.290,11.316,1.527,1,1,0,3.280,4.760,3.000,3.000,3.0,26.0,DANGER_ZONE
2026-08-26T10:43:06.730Z,4.44,90.00,0.000,2.540,0.000,10.500,0.000,6.837,10.500,0.000,Worker_2,-4.290,-3.740,14.872,0,0,1,3.280,4.760,3.000,3.000,3.0,26.0,SAFE
2026-08-26T10:43:06.730Z,4.44,90.00,0.000,2.540,0.000,10.500,0.000,6.837,10.500,0.000,Worker_3,3.640,-7.120,17.992,0,0,1,3.280,4.760,3.000,3.000,3.0,26.0,SAFE
2026-08-26T10:43:06.848Z,4.56,90.00,0.000,2.540,0.000,10.500,0.000,6.837,10.500,0.000,Worker_1,-1.191,11.285,1.426,1,1,0,3.280,4.760,3.000,3.000,3.0,26.0,DANGER_ZONE
2026-08-26T10:43:06.848Z,4.56,90.00,0.000,2.540,0.000,10.500,0.000,6.837,10.500,0.000,Worker_2,-4.290,-3.740,14.872,0,0,1,3.280,4.760,3.000,3.000,3.0,26.0,SAFE
2026-08-26T10:43:06.848Z,4.56,90.00,0.000,2.540,0.000,10.500,0.000,6.837,10.500,0.000,Worker_3,3.640,-7.120,17.992,0,0,1,3.280,4.760,3.000,3.000,3.0,26.0,SAFE
2026-08-26T10:43:06.948Z,4.66,90.00,0.000,2.540,0.000,10.500,0.000,6.837,10.500,0.000,Worker_1,-0.996,11.239,1.240,1,1,0,3.280,4.760,3.000,3.000,3.0,26.0,DANGER_ZONE
2026-08-26T10:43:06.948Z,4.66,90.00,0.000,2.540,0.000,10.500,0.000,6.837,10.500,0.000,Worker_2,-4.290,-3.740,14.872,0,0,1,3.280,4.760,3.000,3.000,3.0,26.0,SAFE
2026-08-26T10:43:06.948Z,4.66,90.00,0.000,2.540,0.000,10.500,0.000,6.837,10.500,0.000,Worker_3,3.640,-7.120,17.992,0,0,1,3.280,4.760,3.000,3.000,3.0,26.0,SAFE
2026-08-26T10:43:07.062Z,4.77,90.00,0.000,2.540,0.000,10.500,0.000,6.837,10.500,0.000,Worker_1,-0.775,11.186,1.035,1,1,0,3.280,4.760,3.000,3.000,3.0,26.0,DANGER_ZONE
2026-08-26T10:43:07.062Z,4.77,90.00,0.000,2.540,0.000,10.500,0.000,6.837,10.500,0.000,Worker_2,-4.290,-3.740,14.872,0,0,1,3.280,4.760,3.000,3.000,3.0,26.0,SAFE
2026-08-26T10:43:07.062Z,4.77,90.00,0.000,2.540,0.000,10.500,0.000,6.837,10.500,0.000,Worker_3,3.640,-7.120,17.992,0,0,1,3.280,4.760,3.000,3.000,3.0,26.0,SAFE
2026-08-26T10:43:07.162Z,4.87,90.00,0.000,2.540,0.000,10.500,0.000,6.837,10.500,0.000,Worker_1,-0.579,11.139,0.863,1,1,0,3.280,4.760,3.000,3.000,3.0,26.0,DANGER_ZONE
2026-08-26T10:43:07.162Z,4.87,90.00,0.000,2.540,0.000,10.500,0.000,6.837,10.500,0.000,Worker_2,-4.290,-3.740,14.872,0,0,1,3.280,4.760,3.000,3.000,3.0,26.0,SAFE
2026-08-26T10:43:07.162Z,4.87,90.00,0.000,2.540,0.000,10.500,0.000,6.837,10.500,0.000,Worker_3,3.640,-7.120,17.992,0,0,1,3.280,4.760,3.000,3.000,3.0,26.0,SAFE
2026-08-26T10:43:07.317Z,4.99,90.00,0.000,2.540,0.000,10.500,0.000,6.837,10.500,0.000,Worker_1,-0.347,11.084,0.679,1,1,0,3.280,4.760,3.000,3.000,3.0,26.0,DANGER_ZONE
2026-08-26T10:43:07.317Z,4.99,90.00,0.000,2.540,0.000,10.500,0.000,6.837,10.500,0.000,Worker_2,-4.290,-3.740,14.872,0,0,1,3.280,4.760,3.000,3.000,3.0,26.0,SAFE
2026-08-26T10:43:07.317Z,4.99,90.00,0.000,2.540,0.000,10.500,0.000,6.837,10.500,0.000,Worker_3,3.640,-7.120,17.992,0,0,1,3.280,4.760,3.000,3.000,3.0,26.0,SAFE
2026-08-26T10:43:07.417Z,5.13,90.00,0.000,2.540,0.000,10.500,0.000,6.837,10.500,0.000,Worker_1,-0.082,11.021,0.528,1,1,0,3.280,4.760,3.000,3.000,3.0,26.0,DANGER_ZONE
2026-08-26T10:43:07.417Z,5.13,90.00,0.000,2.540,0.000,10.500,0.000,6.837,10.500,0.000,Worker_2,-4.290,-3.740,14.872,0,0,1,3.280,4.760,3.000,3.000,3.0,26.0,SAFE
2026-08-26T10:43:07.417Z,5.13,90.00,0.000,2.540,0.000,10.500,0.000,6.837,10.500,0.000,Worker_3,3.640,-7.120,17.992,0,0,1,3.280,4.760,3.000,3.000,3.0,26.0,SAFE
2026-08-26T10:43:07.543Z,5.26,90.00,0.000,2.540,0.000,10.500,0.000,6.837,10.500,0.000,Worker_1,0.162,10.963,0.490,1,1,0,3.280,4.760,3.000,3.000,3.0,26.0,DANGER_ZONE
2026-08-26T10:43:07.543Z,5.26,90.00,0.000,2.540,0.000,10.500,0.000,6.837,10.500,0.000,Worker_2,-4.290,-3.740,14.872,0,0,1,3.280,4.760,3.000,3.000,3.0,26.0,SAFE
2026-08-26T10:43:07.543Z,5.26,90.00,0.000,2.540,0.000,10.500,0.000,6.837,10.500,0.000,Worker_3,3.640,-7.120,17.992,0,0,1,3.280,4.760,3.000,3.000,3.0,26.0,SAFE
2026-08-26T10:43:07.656Z,5.37,90.00,0.000,2.540,0.000,10.500,0.000,6.837,10.500,0.000,Worker_1,0.381,10.911,0.560,1,1,0,3.280,4.760,3.000,3.000,3.0,26.0,DANGER_ZONE
2026-08-26T10:43:07.656Z,5.37,90.00,0.000,2.540,0.000,10.500,0.000,6.837,10.500,0.000,Worker_2,-4.290,-3.740,14.872,0,0,1,3.280,4.760,3.000,3.000,3.0,26.0,SAFE
2026-08-26T10:43:07.656Z,5.37,90.00,0.000,2.540,0.000,10.500,0.000,6.837,10.500,0.000,Worker_3,3.640,-7.120,17.992,0,0,1,3.280,4.760,3.000,3.000,3.0,26.0,SAFE
2026-08-26T10:43:07.783Z,5.50,90.00,0.000,2.540,0.000,10.500,0.000,6.837,10.500,0.000,Worker_1,0.628,10.852,0.720,1,1,0,3.280,4.760,3.000,3.000,3.0,26.0,DANGER_ZONE
2026-08-26T10:43:07.783Z,5.50,90.00,0.000,2.540,0.000,10.500,0.000,6.837,10.500,0.000,Worker_2,-4.290,-3.740,14.872,0,0,1,3.280,4.760,3.000,3.000,3.0,26.0,SAFE
2026-08-26T10:43:07.783Z,5.50,90.00,0.000,2.540,0.000,10.500,0.000,6.837,10.500,0.000,Worker_3,3.640,-7.120,17.992,0,0,1,3.280,4.760,3.000,3.000,3.0,26.0,SAFE
2026-08-26T10:43:07.894Z,5.61,90.00,0.000,2.540,0.000,10.500,0.000,6.837,10.500,0.000,Worker_1,0.846,10.800,0.897,1,1,0,3.280,4.760,3.000,3.000,3.0,26.0,DANGER_ZONE
2026-08-26T10:43:07.894Z,5.61,90.00,0.000,2.540,0.000,10.500,0.000,6.837,10.500,0.000,Worker_2,-4.290,-3.740,14.872,0,0,1,3.280,4.760,3.000,3.000,3.0,26.0,SAFE
2026-08-26T10:43:07.894Z,5.61,90.00,0.000,2.540,0.000,10.500,0.000,6.837,10.500,0.000,Worker_3,3.640,-7.120,17.992,0,0,1,3.280,4.760,3.000,3.000,3.0,26.0,SAFE
2026-08-26T10:43:08.011Z,5.72,90.00,0.000,2.540,0.000,10.500,0.000,6.837,10.500,0.000,Worker_1,1.073,10.746,1.100,1,1,0,3.280,4.760,3.000,3.000,3.0,26.0,DANGER_ZONE
2026-08-26T10:43:08.011Z,5.72,90.00,0.000,2.540,0.000,10.500,0.000,6.837,10.500,0.000,Worker_2,-4.290,-3.740,14.872,0,0,1,3.280,4.760,3.000,3.000,3.0,26.0,SAFE
2026-08-26T10:43:08.011Z,5.72,90.00,0.000,2.540,0.000,10.500,0.000,6.837,10.500,0.000,Worker_3,3.640,-7.120,17.992,0,0,1,3.280,4.760,3.000,3.000,3.0,26.0,SAFE
2026-08-26T10:43:08.125Z,5.84,90.00,0.000,2.540,0.000,10.500,0.000,6.837,10.500,0.000,Worker_1,1.295,10.693,1.309,1,1,0,3.280,4.760,3.000,3.000,3.0,26.0,DANGER_ZONE
2026-08-26T10:43:08.125Z,5.84,90.00,0.000,2.540,0.000,10.500,0.000,6.837,10.500,0.000,Worker_2,-4.290,-3.740,14.872,0,0,1,3.280,4.760,3.000,3.000,3.0,26.0,SAFE
2026-08-26T10:43:08.125Z,5.84,90.00,0.000,2.540,0.000,10.500,0.000,6.837,10.500,0.000,Worker_3,3.640,-7.120,17.992,0,0,1,3.280,4.760,3.000,3.000,3.0,26.0,SAFE
2026-08-26T10:43:08.226Z,5.94,90.00,0.000,2.540,0.000,10.500,0.000,6.837,10.500,0.000,Worker_1,1.490,10.647,1.498,1,1,0,3.280,4.760,3.000,3.000,3.0,26.0,DANGER_ZONE
2026-08-26T10:43:08.226Z,5.94,90.00,0.000,2.540,0.000,10.500,0.000,6.837,10.500,0.000,Worker_2,-4.290,-3.740,14.872,0,0,1,3.280,4.760,3.000,3.000,3.0,26.0,SAFE
2026-08-26T10:43:08.226Z,5.94,90.00,0.000,2.540,0.000,10.500,0.000,6.837,10.500,0.000,Worker_3,3.640,-7.120,17.992,0,0,1,3.280,4.760,3.000,3.000,3.0,26.0,SAFE
2026-08-26T10:43:08.357Z,6.07,90.00,0.000,2.540,0.000,10.500,0.000,6.837,10.500,0.000,Worker_1,1.745,10.586,1.747,1,1,0,3.280,4.760,3.000,3.000,3.0,26.0,DANGER_ZONE
2026-08-26T10:43:08.357Z,6.07,90.00,0.000,2.540,0.000,10.500,0.000,6.837,10.500,0.000,Worker_2,-4.290,-3.740,14.872,0,0,1,3.280,4.760,3.000,3.000,3.0,26.0,SAFE
2026-08-26T10:43:08.357Z,6.07,90.00,0.000,2.540,0.000,10.500,0.000,6.837,10.500,0.000,Worker_3,3.640,-7.120,17.992,0,0,1,3.280,4.760,3.000,3.000,3.0,26.0,SAFE
2026-08-26T10:43:08.483Z,6.20,90.00,0.000,2.540,0.000,10.500,0.000,6.837,10.500,0.000,Worker_1,1.992,10.527,1.992,1,1,0,3.280,4.760,3.000,3.000,3.0,26.0,DANGER_ZONE
2026-08-26T10:43:08.483Z,6.20,90.00,0.000,2.540,0.000,10.500,0.000,6.837,10.500,0.000,Worker_2,-4.290,-3.740,14.872,0,0,1,3.280,4.760,3.000,3.000,3.0,26.0,SAFE
2026-08-26T10:43:08.483Z,6.20,90.00,0.000,2.540,0.000,10.500,0.000,6.837,10.500,0.000,Worker_3,3.640,-7.120,17.992,0,0,1,3.280,4.760,3.000,3.000,3.0,26.0,SAFE
2026-08-26T10:43:08.587Z,6.30,90.00,0.000,2.540,0.000,10.500,0.000,6.837,10.500,0.000,Worker_1,2.193,10.480,2.193,1,1,0,3.280,4.760,3.000,3.000,3.0,26.0,DANGER_ZONE
2026-08-26T10:43:08.587Z,6.30,90.00,0.000,2.540,0.000,10.500,0.000,6.837,10.500,0.000,Worker_2,-4.290,-3.740,14.872,0,0,1,3.280,4.760,3.000,3.000,3.0,26.0,SAFE
2026-08-26T10:43:08.587Z,6.30,90.00,0.000,2.540,0.000,10.500,0.000,6.837,10.500,0.000,Worker_3,3.640,-7.120,17.992,0,0,1,3.280,4.760,3.000,3.000,3.0,26.0,SAFE
2026-08-26T10:43:08.693Z,6.41,90.00,0.000,2.540,0.000,10.500,0.000,6.837,10.500,0.000,Worker_1,2.398,10.431,2.400,1,1,0,3.280,4.760,3.000,3.000,3.0,26.0,DANGER_ZONE
2026-08-26T10:43:08.693Z,6.41,90.00,0.000,2.540,0.000,10.500,0.000,6.837,10.500,0.000,Worker_2,-4.290,-3.740,14.872,0,0,1,3.280,4.760,3.000,3.000,3.0,26.0,SAFE
2026-08-26T10:43:08.693Z,6.41,90.00,0.000,2.540,0.000,10.500,0.000,6.837,10.500,0.000,Worker_3,3.640,-7.120,17.992,0,0,1,3.280,4.760,3.000,3.000,3.0,26.0,SAFE
2026-08-26T10:43:08.800Z,6.51,90.00,0.000,2.540,0.000,10.500,0.000,6.837,10.500,0.000,Worker_1,2.608,10.381,2.611,1,1,0,3.280,4.760,3.000,3.000,3.0,26.0,DANGER_ZONE
2026-08-26T10:43:08.800Z,6.51,90.00,0.000,2.540,0.000,10.500,0.000,6.837,10.500,0.000,Worker_2,-4.290,-3.740,14.872,0,0,1,3.280,4.760,3.000,3.000,3.0,26.0,SAFE
2026-08-26T10:43:08.800Z,6.51,90.00,0.000,2.540,0.000,10.500,0.000,6.837,10.500,0.000,Worker_3,3.640,-7.120,17.992,0,0,1,3.280,4.760,3.000,3.000,3.0,26.0,SAFE
2026-08-26T10:43:08.932Z,6.65,90.00,0.000,2.540,0.000,10.500,0.000,6.837,10.500,0.000,Worker_1,2.865,10.319,2.871,1,1,0,3.280,4.760,3.000,3.000,3.0,26.0,DANGER_ZONE
2026-08-26T10:43:08.932Z,6.65,90.00,0.000,2.540,0.000,10.500,0.000,6.837,10.500,0.000,Worker_2,-4.290,-3.740,14.872,0,0,1,3.280,4.760,3.000,3.000,3.0,26.0,SAFE
2026-08-26T10:43:08.932Z,6.65,90.00,0.000,2.540,0.000,10.500,0.000,6.837,10.500,0.000,Worker_3,3.640,-7.120,17.992,0,0,1,3.280,4.760,3.000,3.000,3.0,26.0,SAFE
2026-08-26T10:43:09.049Z,6.76,90.00,0.000,2.540,0.000,10.500,0.000,6.837,10.500,0.000,Worker_1,3.092,10.266,3.100,0,1,0,3.280,4.760,3.000,3.000,3.0,26.0,SAFE
2026-08-26T10:43:09.049Z,6.76,90.00,0.000,2.540,0.000,10.500,0.000,6.837,10.500,0.000,Worker_2,-4.290,-3.740,14.872,0,0,1,3.280,4.760,3.000,3.000,3.0,26.0,SAFE
2026-08-26T10:43:09.049Z,6.76,90.00,0.000,2.540,0.000,10.500,0.000,6.837,10.500,0.000,Worker_3,3.640,-7.120,17.992,0,0,1,3.280,4.760,3.000,3.000,3.0,26.0,SAFE
2026-08-26T10:43:09.158Z,6.87,90.00,0.000,2.540,0.000,10.500,0.000,6.837,10.500,0.000,Worker_1,3.304,10.215,3.316,0,1,0,3.280,4.760,3.000,3.000,3.0,26.0,SAFE
2026-08-26T10:43:09.158Z,6.87,90.00,0.000,2.540,0.000,10.500,0.000,6.837,10.500,0.000,Worker_2,-4.290,-3.740,14.872,0,0,1,3.280,4.760,3.000,3.000,3.0,26.0,SAFE
2026-08-26T10:43:09.158Z,6.87,90.00,0.000,2.540,0.000,10.500,0.000,6.837,10.500,0.000,Worker_3,3.640,-7.120,17.992,0,0,1,3.280,4.760,3.000,3.000,3.0,26.0,SAFE
2026-08-26T10:43:09.284Z,7.00,90.00,0.000,2.540,0.000,10.500,0.000,6.837,10.500,0.000,Worker_1,3.550,10.156,3.567,0,1,0,3.280,4.760,3.000,3.000,3.0,26.0,SAFE
2026-08-26T10:43:09.284Z,7.00,90.00,0.000,2.540,0.000,10.500,0.000,6.837,10.500,0.000,Worker_2,-4.290,-3.740,14.872,0,0,1,3.280,4.760,3.000,3.000,3.0,26.0,SAFE
2026-08-26T10:43:09.284Z,7.00,90.00,0.000,2.540,0.000,10.500,0.000,6.837,10.500,0.000,Worker_3,3.640,-7.120,17.992,0,0,1,3.280,4.760,3.000,3.000,3.0,26.0,SAFE
2026-08-26T10:43:09.400Z,7.11,90.00,0.000,2.540,0.000,10.500,0.000,6.837,10.500,0.000,Worker_1,3.775,10.103,3.796,0,1,0,3.280,4.760,3.000,3.000,3.0,26.0,SAFE
2026-08-26T10:43:09.400Z,7.11,90.00,0.000,2.540,0.000,10.500,0.000,6.837,10.500,0.000,Worker_2,-4.290,-3.740,14.872,0,0,1,3.280,4.760,3.000,3.000,3.0,26.0,SAFE
2026-08-26T10:43:09.400Z,7.11,90.00,0.000,2.540,0.000,10.500,0.000,6.837,10.500,0.000,Worker_3,3.640,-7.120,17.992,0,0,1,3.280,4.760,3.000,3.000,3.0,26.0,SAFE
2026-08-26T10:43:09.510Z,7.22,90.00,0.000,2.540,0.000,10.500,0.000,6.837,10.500,0.000,Worker_1,3.989,10.052,4.014,0,1,0,3.280,4.760,3.000,3.000,3.0,26.0,SAFE
2026-08-26T10:43:09.510Z,7.22,90.00,0.000,2.540,0.000,10.500,0.000,6.837,10.500,0.000,Worker_2,-4.290,-3.740,14.872,0,0,1,3.280,4.760,3.000,3.000,3.0,26.0,SAFE
2026-08-26T10:43:09.510Z,7.22,90.00,0.000,2.540,0.000,10.500,0.000,6.837,10.500,0.000,Worker_3,3.640,-7.120,17.992,0,0,1,3.280,4.760,3.000,3.000,3.0,26.0,SAFE
2026-08-26T10:43:09.624Z,7.34,90.00,0.000,2.540,0.000,10.500,0.000,6.837,10.500,0.000,Worker_1,4.212,9.999,4.241,0,1,0,3.280,4.760,3.000,3.000,3.0,26.0,SAFE
2026-08-26T10:43:09.624Z,7.34,90.00,0.000,2.540,0.000,10.500,0.000,6.837,10.500,0.000,Worker_2,-4.290,-3.740,14.872,0,0,1,3.280,4.760,3.000,3.000,3.0,26.0,SAFE
2026-08-26T10:43:09.624Z,7.34,90.00,0.000,2.540,0.000,10.500,0.000,6.837,10.500,0.000,Worker_3,3.640,-7.120,17.992,0,0,1,3.280,4.760,3.000,3.000,3.0,26.0,SAFE
2026-08-26T10:43:09.747Z,7.46,90.00,0.000,2.540,0.000,10.500,0.000,6.837,10.500,0.000,Worker_1,4.450,9.942,4.485,0,1,0,3.280,4.760,3.000,3.000,3.0,26.0,SAFE
2026-08-26T10:43:09.747Z,7.46,90.00,0.000,2.540,0.000,10.500,0.000,6.837,10.500,0.000,Worker_2,-4.290,-3.740,14.872,0,0,1,3.280,4.760,3.000,3.000,3.0,26.0,SAFE
2026-08-26T10:43:09.747Z,7.46,90.00,0.000,2.540,0.000,10.500,0.000,6.837,10.500,0.000,Worker_3,3.640,-7.120,17.992,0,0,1,3.280,4.760,3.000,3.000,3.0,26.0,SAFE
2026-08-26T10:43:09.865Z,7.58,90.00,0.000,2.540,0.000,10.500,0.000,6.837,10.500,0.000,Worker_1,4.681,9.887,4.721,0,1,0,3.280,4.760,3.000,3.000,3.0,26.0,SAFE
2026-08-26T10:43:09.865Z,7.58,90.00,0.000,2.540,0.000,10.500,0.000,6.837,10.500,0.000,Worker_2,-4.290,-3.740,14.872,0,0,1,3.280,4.760,3.000,3.000,3.0,26.0,SAFE
2026-08-26T10:43:09.865Z,7.58,90.00,0.000,2.540,0.000,10.500,0.000,6.837,10.500,0.000,Worker_3,3.640,-7.120,17.992,0,0,1,3.280,4.760,3.000,3.000,3.0,26.0,SAFE
2026-08-26T10:43:09.992Z,7.70,90.00,0.000,2.540,0.000,10.500,0.000,6.837,10.500,0.000,Worker_1,4.926,9.829,4.972,0,1,0,3.280,4.760,3.000,3.000,3.0,26.0,SAFE
2026-08-26T10:43:09.992Z,7.70,90.00,0.000,2.540,0.000,10.500,0.000,6.837,10.500,0.000,Worker_2,-4.290,-3.740,14.872,0,0,1,3.280,4.760,3.000,3.000,3.0,26.0,SAFE
2026-08-26T10:43:09.992Z,7.70,90.00,0.000,2.540,0.000,10.500,0.000,6.837,10.500,0.000,Worker_3,3.640,-7.120,17.992,0,0,1,3.280,4.760,3.000,3.000,3.0,26.0,SAFE
2026-08-26T10:43:10.116Z,7.83,90.00,0.000,2.540,0.000,10.500,0.000,6.837,10.500,0.000,Worker_1,5.168,9.771,5.219,0,1,0,3.280,4.760,3.000,3.000,3.0,26.0,SAFE
2026-08-26T10:43:10.116Z,7.83,90.00,0.000,2.540,0.000,10.500,0.000,6.837,10.500,0.000,Worker_2,-4.290,-3.740,14.872,0,0,1,3.280,4.760,3.000,3.000,3.0,26.0,SAFE
2026-08-26T10:43:10.116Z,7.83,90.00,0.000,2.540,0.000,10.500,0.000,6.837,10.500,0.000,Worker_3,3.640,-7.120,17.992,0,0,1,3.280,4.760,3.000,3.000,3.0,26.0,SAFE
2026-08-26T10:43:10.227Z,7.94,90.00,0.000,2.540,0.000,10.500,0.000,6.837,10.500,0.000,Worker_1,5.384,9.720,5.440,0,1,0,3.280,4.760,3.000,3.000,3.0,26.0,SAFE
2026-08-26T10:43:10.227Z,7.94,90.00,0.000,2.540,0.000,10.500,0.000,6.837,10.500,0.000,Worker_2,-4.290,-3.740,14.872,0,0,1,3.280,4.760,3.000,3.000,3.0,26.0,SAFE
2026-08-26T10:43:10.227Z,7.94,90.00,0.000,2.540,0.000,10.500,0.000,6.837,10.500,0.000,Worker_3,3.640,-7.120,17.992,0,0,1,3.280,4.760,3.000,3.000,3.0,26.0,SAFE
2026-08-26T10:43:10.346Z,8.06,90.00,0.000,2.540,0.000,10.500,0.000,6.837,10.500,0.000,Worker_1,5.615,9.665,5.676,0,1,0,3.280,4.760,3.000,3.000,3.0,26.0,SAFE
2026-08-26T10:43:10.346Z,8.06,90.00,0.000,2.540,0.000,10.500,0.000,6.837,10.500,0.000,Worker_2,-4.290,-3.740,14.872,0,0,1,3.280,4.760,3.000,3.000,3.0,26.0,SAFE
2026-08-26T10:43:10.346Z,8.06,90.00,0.000,2.540,0.000,10.500,0.000,6.837,10.500,0.000,Worker_3,3.640,-7.120,17.992,0,0,1,3.280,4.760,3.000,3.000,3.0,26.0,SAFE
2026-08-26T10:43:10.460Z,8.17,90.00,0.000,2.540,0.000,10.500,0.000,6.837,10.500,0.000,Worker_1,5.838,9.612,5.905,0,1,0,3.280,4.760,3.000,3.000,3.0,26.0,SAFE
2026-08-26T10:43:10.460Z,8.17,90.00,0.000,2.540,0.000,10.500,0.000,6.837,10.500,0.000,Worker_2,-4.290,-3.740,14.872,0,0,1,3.280,4.760,3.000,3.000,3.0,26.0,SAFE
2026-08-26T10:43:10.460Z,8.17,90.00,0.000,2.540,0.000,10.500,0.000,6.837,10.500,0.000,Worker_3,3.640,-7.120,17.992,0,0,1,3.280,4.760,3.000,3.000,3.0,26.0,SAFE
2026-08-26T10:43:10.570Z,8.28,90.00,0.000,2.540,0.000,10.500,0.000,6.837,10.500,0.000,Worker_1,6.053,9.561,6.125,0,1,0,3.280,4.760,3.000,3.000,3.0,26.0,SAFE
2026-08-26T10:43:10.570Z,8.28,90.00,0.000,2.540,0.000,10.500,0.000,6.837,10.500,0.000,Worker_2,-4.290,-3.740,14.872,0,0,1,3.280,4.760,3.000,3.000,3.0,26.0,SAFE
2026-08-26T10:43:10.570Z,8.28,90.00,0.000,2.540,0.000,10.500,0.000,6.837,10.500,0.000,Worker_3,3.640,-7.120,17.992,0,0,1,3.280,4.760,3.000,3.000,3.0,26.0,SAFE
2026-08-26T10:43:10.700Z,8.41,90.00,0.000,2.540,0.000,10.500,0.000,6.837,10.500,0.000,Worker_1,6.305,9.501,6.384,0,1,0,3.280,4.760,3.000,3.000,3.0,26.0,SAFE
2026-08-26T10:43:10.700Z,8.41,90.00,0.000,2.540,0.000,10.500,0.000,6.837,10.500,0.000,Worker_2,-4.290,-3.740,14.872,0,0,1,3.280,4.760,3.000,3.000,3.0,26.0,SAFE
2026-08-26T10:43:10.700Z,8.41,90.00,0.000,2.540,0.000,10.500,0.000,6.837,10.500,0.000,Worker_3,3.640,-7.120,17.992,0,0,1,3.280,4.760,3.000,3.000,3.0,26.0,SAFE
2026-08-26T10:43:10.802Z,8.52,90.00,0.000,2.540,0.000,10.500,0.000,6.837,10.500,0.000,Worker_1,6.504,9.453,6.588,0,1,0,3.280,4.760,3.000,3.000,3.0,26.0,SAFE
2026-08-26T10:43:10.802Z,8.52,90.00,0.000,2.540,0.000,10.500,0.000,6.837,10.500,0.000,Worker_2,-4.290,-3.740,14.872,0,0,1,3.280,4.760,3.000,3.000,3.0,26.0,SAFE
2026-08-26T10:43:10.802Z,8.52,90.00,0.000,2.540,0.000,10.500,0.000,6.837,10.500,0.000,Worker_3,3.640,-7.120,17.992,0,0,1,3.280,4.760,3.000,3.000,3.0,26.0,SAFE
2026-08-26T10:43:10.926Z,8.64,90.00,0.000,2.540,0.000,10.500,0.000,6.837,10.500,0.000,Worker_1,6.745,9.396,6.835,0,1,1,3.280,4.760,3.000,3.000,3.0,26.0,SAFE
2026-08-26T10:43:10.926Z,8.64,90.00,0.000,2.540,0.000,10.500,0.000,6.837,10.500,0.000,Worker_2,-4.290,-3.740,14.872,0,0,1,3.280,4.760,3.000,3.000,3.0,26.0,SAFE
2026-08-26T10:43:10.926Z,8.64,90.00,0.000,2.540,0.000,10.500,0.000,6.837,10.500,0.000,Worker_3,3.640,-7.120,17.992,0,0,1,3.280,4.760,3.000,3.000,3.0,26.0,SAFE
2026-08-26T10:43:11.050Z,8.76,90.00,0.000,2.540,0.000,10.500,0.000,6.837,10.500,0.000,Worker_1,6.985,9.339,7.081,0,1,1,3.280,4.760,3.000,3.000,3.0,26.0,SAFE
2026-08-26T10:43:11.050Z,8.76,90.00,0.000,2.540,0.000,10.500,0.000,6.837,10.500,0.000,Worker_2,-4.290,-3.740,14.872,0,0,1,3.280,4.760,3.000,3.000,3.0,26.0,SAFE
2026-08-26T10:43:11.050Z,8.76,90.00,0.000,2.540,0.000,10.500,0.000,6.837,10.500,0.000,Worker_3,3.640,-7.120,17.992,0,0,1,3.280,4.760,3.000,3.000,3.0,26.0,SAFE
2026-08-26T10:43:11.150Z,8.86,90.00,0.000,2.540,0.000,10.500,0.000,6.837,10.500,0.000,Worker_1,7.181,9.292,7.282,0,1,1,3.280,4.760,3.000,3.000,3.0,26.0,SAFE
2026-08-26T10:43:11.150Z,8.86,90.00,0.000,2.540,0.000,10.500,0.000,6.837,10.500,0.000,Worker_2,-4.290,-3.740,14.872,0,0,1,3.280,4.760,3.000,3.000,3.0,26.0,SAFE
2026-08-26T10:43:11.150Z,8.86,90.00,0.000,2.540,0.000,10.500,0.000,6.837,10.500,0.000,Worker_3,3.640,-7.120,17.992,0,0,1,3.280,4.760,3.000,3.000,3.0,26.0,SAFE
2026-08-26T10:43:11.253Z,8.97,90.00,0.000,2.540,0.000,10.500,0.000,6.837,10.500,0.000,Worker_1,7.380,9.245,7.486,0,1,1,3.280,4.760,3.000,3.000,3.0,26.0,SAFE
2026-08-26T10:43:11.253Z,8.97,90.00,0.000,2.540,0.000,10.500,0.000,6.837,10.500,0.000,Worker_2,-4.290,-3.740,14.872,0,0,1,3.280,4.760,3.000,3.000,3.0,26.0,SAFE
2026-08-26T10:43:11.253Z,8.97,90.00,0.000,2.540,0.000,10.500,0.000,6.837,10.500,0.000,Worker_3,3.640,-7.120,17.992,0,0,1,3.280,4.760,3.000,3.000,3.0,26.0,SAFE
2026-08-26T10:43:11.363Z,9.08,90.00,0.000,2.540,0.000,10.500,0.000,6.837,10.500,0.000,Worker_1,7.594,9.194,7.706,0,1,1,3.280,4.760,3.000,3.000,3.0,26.0,SAFE
2026-08-26T10:43:11.363Z,9.08,90.00,0.000,2.540,0.000,10.500,0.000,6.837,10.500,0.000,Worker_2,-4.290,-3.740,14.872,0,0,1,3.280,4.760,3.000,3.000,3.0,26.0,SAFE
2026-08-26T10:43:11.363Z,9.08,90.00,0.000,2.540,0.000,10.500,0.000,6.837,10.500,0.000,Worker_3,3.640,-7.120,17.992,0,0,1,3.280,4.760,3.000,3.000,3.0,26.0,SAFE
2026-08-26T10:43:11.486Z,9.20,90.00,0.000,2.540,0.000,10.500,0.000,6.837,10.500,0.000,Worker_1,7.833,9.137,7.951,0,1,1,3.280,4.760,3.000,3.000,3.0,26.0,SAFE
2026-08-26T10:43:11.486Z,9.20,90.00,0.000,2.540,0.000,10.500,0.000,6.837,10.500,0.000,Worker_2,-4.290,-3.740,14.872,0,0,1,3.280,4.760,3.000,3.000,3.0,26.0,SAFE
2026-08-26T10:43:11.486Z,9.20,90.00,0.000,2.540,0.000,10.500,0.000,6.837,10.500,0.000,Worker_3,3.640,-7.120,17.992,0,0,1,3.280,4.760,3.000,3.000,3.0,26.0,SAFE
2026-08-26T10:43:11.607Z,9.32,90.00,0.000,2.540,0.000,10.500,0.000,6.837,10.500,0.000,Worker_1,8.069,9.081,8.193,0,1,1,3.280,4.760,3.000,3.000,3.0,26.0,SAFE
2026-08-26T10:43:11.607Z,9.32,90.00,0.000,2.540,0.000,10.500,0.000,6.837,10.500,0.000,Worker_2,-4.290,-3.740,14.872,0,0,1,3.280,4.760,3.000,3.000,3.0,26.0,SAFE
2026-08-26T10:43:11.607Z,9.32,90.00,0.000,2.540,0.000,10.500,0.000,6.837,10.500,0.000,Worker_3,3.640,-7.120,17.992,0,0,1,3.280,4.760,3.000,3.000,3.0,26.0,SAFE
2026-08-26T10:43:11.728Z,9.44,90.00,0.000,2.540,0.000,10.500,0.000,6.837,10.500,0.000,Worker_1,8.305,9.024,8.435,0,0,1,3.280,4.760,3.000,3.000,3.0,26.0,SAFE
2026-08-26T10:43:11.728Z,9.44,90.00,0.000,2.540,0.000,10.500,0.000,6.837,10.500,0.000,Worker_2,-4.290,-3.740,14.872,0,0,1,3.280,4.760,3.000,3.000,3.0,26.0,SAFE
2026-08-26T10:43:11.728Z,9.44,90.00,0.000,2.540,0.000,10.500,0.000,6.837,10.500,0.000,Worker_3,3.640,-7.120,17.992,0,0,1,3.280,4.760,3.000,3.000,3.0,26.0,SAFE
2026-08-26T10:43:11.834Z,9.55,90.00,0.000,2.540,0.000,10.500,0.000,6.837,10.500,0.000,Worker_1,8.509,8.976,8.645,0,0,1,3.280,4.760,3.000,3.000,3.0,26.0,SAFE
2026-08-26T10:43:11.834Z,9.55,90.00,0.000,2.540,0.000,10.500,0.000,6.837,10.500,0.000,Worker_2,-4.290,-3.740,14.872,0,0,1,3.280,4.760,3.000,3.000,3.0,26.0,SAFE
2026-08-26T10:43:11.834Z,9.55,90.00,0.000,2.540,0.000,10.500,0.000,6.837,10.500,0.000,Worker_3,3.640,-7.120,17.992,0,0,1,3.280,4.760,3.000,3.000,3.0,26.0,SAFE
2026-08-26T10:43:11.939Z,9.65,90.00,0.000,2.540,0.000,10.500,0.000,6.837,10.500,0.000,Worker_1,8.715,8.927,8.856,0,0,1,3.280,4.760,3.000,3.000,3.0,26.0,SAFE
2026-08-26T10:43:11.939Z,9.65,90.00,0.000,2.540,0.000,10.500,0.000,6.837,10.500,0.000,Worker_2,-4.290,-3.740,14.872,0,0,1,3.280,4.760,3.000,3.000,3.0,26.0,SAFE
2026-08-26T10:43:11.939Z,9.65,90.00,0.000,2.540,0.000,10.500,0.000,6.837,10.500,0.000,Worker_3,3.640,-7.120,17.992,0,0,1,3.280,4.760,3.000,3.000,3.0,26.0,SAFE
2026-08-26T10:43:12.046Z,9.76,90.00,0.000,2.540,0.000,10.500,0.000,6.837,10.500,0.000,Worker_1,8.924,8.877,9.070,0,0,1,3.280,4.760,3.000,3.000,3.0,26.0,SAFE
2026-08-26T10:43:12.046Z,9.76,90.00,0.000,2.540,0.000,10.500,0.000,6.837,10.500,0.000,Worker_2,-4.290,-3.740,14.872,0,0,1,3.280,4.760,3.000,3.000,3.0,26.0,SAFE
2026-08-26T10:43:12.046Z,9.76,90.00,0.000,2.540,0.000,10.500,0.000,6.837,10.500,0.000,Worker_3,3.640,-7.120,17.992,0,0,1,3.280,4.760,3.000,3.000,3.0,26.0,SAFE
2026-08-26T10:43:12.152Z,9.87,90.00,0.000,2.540,0.000,10.500,0.000,6.837,10.500,0.000,Worker_1,9.132,8.828,9.284,0,0,1,3.280,4.760,3.000,3.000,3.0,26.0,SAFE
2026-08-26T10:43:12.152Z,9.87,90.00,0.000,2.540,0.000,10.500,0.000,6.837,10.500,0.000,Worker_2,-4.290,-3.740,14.872,0,0,1,3.280,4.760,3.000,3.000,3.0,26.0,SAFE
2026-08-26T10:43:12.152Z,9.87,90.00,0.000,2.540,0.000,10.500,0.000,6.837,10.500,0.000,Worker_3,3.640,-7.120,17.992,0,0,1,3.280,4.760,3.000,3.000,3.0,26.0,SAFE
2026-08-26T10:43:13.048Z,10.22,90.00,0.000,2.540,0.000,10.500,0.000,6.837,10.500,0.000,Worker_1,9.821,8.664,9.991,0,0,1,3.280,4.760,3.000,3.000,3.0,26.0,SAFE
2026-08-26T10:43:13.048Z,10.22,90.00,0.000,2.540,0.000,10.500,0.000,6.837,10.500,0.000,Worker_2,-4.290,-3.740,14.872,0,0,1,3.280,4.760,3.000,3.000,3.0,26.0,SAFE
2026-08-26T10:43:13.048Z,10.22,90.00,0.000,2.540,0.000,10.500,0.000,6.837,10.500,0.000,Worker_3,3.640,-7.120,17.992,0,0,1,3.280,4.760,3.000,3.000,3.0,26.0,SAFE
2026-08-26T10:43:13.157Z,10.33,90.00,0.000,2.540,0.000,10.500,0.000,6.837,10.500,0.000,Worker_1,9.603,8.715,9.767,0,0,1,3.280,4.760,3.000,3.000,3.0,26.0,SAFE
2026-08-26T10:43:13.157Z,10.33,90.00,0.000,2.540,0.000,10.500,0.000,6.837,10.500,0.000,Worker_2,-4.290,-3.740,14.872,0,0,1,3.280,4.760,3.000,3.000,3.0,26.0,SAFE
2026-08-26T10:43:13.157Z,10.33,90.00,0.000,2.540,0.000,10.500,0.000,6.837,10.500,0.000,Worker_3,3.640,-7.120,17.992,0,0,1,3.280,4.760,3.000,3.000,3.0,26.0,SAFE
2026-08-26T10:43:13.258Z,10.43,90.00,0.000,2.540,0.000,10.500,0.000,6.837,10.500,0.000,Worker_1,9.406,8.761,9.565,0,0,1,3.280,4.760,3.000,3.000,3.0,26.0,SAFE
2026-08-26T10:43:13.258Z,10.43,90.00,0.000,2.540,0.000,10.500,0.000,6.837,10.500,0.000,Worker_2,-4.290,-3.740,14.872,0,0,1,3.280,4.760,3.000,3.000,3.0,26.0,SAFE
2026-08-26T10:43:13.258Z,10.43,90.00,0.000,2.540,0.000,10.500,0.000,6.837,10.500,0.000,Worker_3,3.640,-7.120,17.992,0,0,1,3.280,4.760,3.000,3.000,3.0,26.0,SAFE
2026-08-26T10:43:13.372Z,10.55,90.00,0.000,2.540,0.000,10.500,0.000,6.837,10.500,0.000,Worker_1,9.185,8.813,9.338,0,0,1,3.280,4.760,3.000,3.000,3.0,26.0,SAFE
2026-08-26T10:43:13.372Z,10.55,90.00,0.000,2.540,0.000,10.500,0.000,6.837,10.500,0.000,Worker_2,-4.290,-3.740,14.872,0,0,1,3.280,4.760,3.000,3.000,3.0,26.0,SAFE
2026-08-26T10:43:13.372Z,10.55,90.00,0.000,2.540,0.000,10.500,0.000,6.837,10.500,0.000,Worker_3,3.640,-7.120,17.992,0,0,1,3.280,4.760,3.000,3.000,3.0,26.0,SAFE
2026-08-26T10:43:13.489Z,10.66,90.00,0.000,2.540,0.000,10.500,0.000,6.837,10.500,0.000,Worker_1,8.956,8.867,9.103,0,0,1,3.280,4.760,3.000,3.000,3.0,26.0,SAFE
2026-08-26T10:43:13.489Z,10.66,90.00,0.000,2.540,0.000,10.500,0.000,6.837,10.500,0.000,Worker_2,-4.290,-3.740,14.872,0,0,1,3.280,4.760,3.000,3.000,3.0,26.0,SAFE
2026-08-26T10:43:13.489Z,10.66,90.00,0.000,2.540,0.000,10.500,0.000,6.837,10.500,0.000,Worker_3,3.640,-7.120,17.992,0,0,1,3.280,4.760,3.000,3.000,3.0,26.0,SAFE
2026-08-26T10:43:13.603Z,10.78,90.00,0.000,2.540,0.000,10.500,0.000,6.837,10.500,0.000,Worker_1,8.734,8.920,8.875,0,0,1,3.280,4.760,3.000,3.000,3.0,26.0,SAFE
2026-08-26T10:43:13.603Z,10.78,90.00,0.000,2.540,0.000,10.500,0.000,6.837,10.500,0.000,Worker_2,-4.290,-3.740,14.872,0,0,1,3.280,4.760,3.000,3.000,3.0,26.0,SAFE
2026-08-26T10:43:13.603Z,10.78,90.00,0.000,2.540,0.000,10.500,0.000,6.837,10.500,0.000,Worker_3,3.640,-7.120,17.992,0,0,1,3.280,4.760,3.000,3.000,3.0,26.0,SAFE
2026-08-26T10:43:13.706Z,10.88,89.86,0.000,2.540,-0.020,10.500,0.000,6.837,10.500,0.004,Worker_1,8.536,8.966,8.672,0,0,1,3.280,4.760,3.000,3.000,3.0,26.0,SAFE
2026-08-26T10:43:13.706Z,10.88,89.86,0.000,2.540,-0.020,10.500,0.000,6.837,10.500,0.004,Worker_2,-4.290,-3.740,14.872,0,0,1,3.280,4.760,3.000,3.000,3.0,26.0,SAFE
2026-08-26T10:43:13.706Z,10.88,89.86,0.000,2.540,-0.020,10.500,0.000,6.837,10.500,0.004,Worker_3,3.640,-7.120,17.992,0,0,1,3.280,4.760,3.000,3.000,3.0,26.0,SAFE
2026-08-26T10:43:13.820Z,11.00,89.16,0.000,2.540,-0.118,10.499,-0.001,6.837,10.500,0.019,Worker_1,8.312,9.019,8.444,0,0,1,3.280,4.760,3.000,3.000,3.0,26.0,SAFE
2026-08-26T10:43:13.820Z,11.00,89.16,0.000,2.540,-0.118,10.499,-0.001,6.837,10.500,0.019,Worker_2,-4.290,-3.740,14.872,0,0,1,3.280,4.760,3.000,3.000,3.0,26.0,SAFE
2026-08-26T10:43:13.820Z,11.00,89.16,0.000,2.540,-0.118,10.499,-0.001,6.837,10.500,0.019,Worker_3,3.640,-7.120,17.992,0,0,1,3.280,4.760,3.000,3.000,3.0,26.0,SAFE
2026-08-26T10:43:13.937Z,11.11,87.83,0.000,2.540,-0.303,10.494,-0.007,6.835,10.500,0.079,Worker_1,8.086,9.072,8.217,0,0,1,3.280,4.760,3.000,3.000,3.0,26.0,SAFE
2026-08-26T10:43:13.937Z,11.11,87.83,0.000,2.540,-0.303,10.494,-0.007,6.835,10.500,0.079,Worker_2,-4.290,-3.740,14.870,0,0,1,3.280,4.760,3.000,3.000,3.0,26.0,SAFE
2026-08-26T10:43:13.937Z,11.11,87.83,0.000,2.540,-0.303,10.494,-0.007,6.835,10.500,0.079,Worker_3,3.640,-7.120,17.993,0,0,1,3.280,4.760,3.000,3.000,3.0,26.0,SAFE
2026-08-26T10:43:14.190Z,11.36,84.08,0.000,2.540,-0.826,10.457,-0.064,6.831,10.499,0.340,Worker_1,7.596,9.187,7.772,0,0,1,3.280,4.760,3.000,3.000,3.0,26.0,SAFE
2026-08-26T10:43:14.190Z,11.36,84.08,0.000,2.540,-0.826,10.457,-0.064,6.831,10.499,0.340,Worker_2,-4.290,-3.740,14.853,0,0,1,3.280,4.760,3.000,3.000,3.0,26.0,SAFE
2026-08-26T10:43:14.190Z,11.36,84.08,0.000,2.540,-0.826,10.457,-0.064,6.831,10.499,0.340,Worker_3,3.640,-7.120,18.004,0,0,1,3.280,4.760,3.000,3.000,3.0,26.0,SAFE
2026-08-26T10:43:14.287Z,11.46,82.57,0.000,2.540,-1.034,10.433,-0.110,6.829,10.497,0.543,Worker_1,7.402,9.233,7.617,0,0,1,3.280,4.760,3.000,3.000,3.0,26.0,SAFE
2026-08-26T10:43:14.287Z,11.46,82.57,0.000,2.540,-1.034,10.433,-0.110,6.829,10.497,0.543,Worker_2,-4.290,-3.740,14.838,0,0,1,3.280,4.760,3.000,3.000,3.0,26.0,SAFE
2026-08-26T10:43:14.287Z,11.46,82.57,0.000,2.540,-1.034,10.433,-0.110,6.829,10.497,0.543,Worker_3,3.640,-7.120,18.012,0,0,1,3.280,4.760,3.000,3.000,3.0,26.0,SAFE
2026-08-26T10:43:14.422Z,11.60,80.56,0.000,2.540,-1.313,10.392,-0.193,6.827,10.493,0.803,Worker_1,7.140,9.295,7.430,0,0,1,3.280,4.760,3.000,3.000,3.0,26.0,SAFE
2026-08-26T10:43:14.422Z,11.60,80.56,0.000,2.540,-1.313,10.392,-0.193,6.827,10.493,0.803,Worker_2,-4.290,-3.740,14.811,0,0,1,3.280,4.760,3.000,3.000,3.0,26.0,SAFE
2026-08-26T10:43:14.422Z,11.60,80.56,0.000,2.540,-1.313,10.392,-0.193,6.827,10.493,0.803,Worker_3,3.640,-7.120,18.025,0,0,1,3.280,4.760,3.000,3.000,3.0,26.0,SAFE
2026-08-26T10:43:14.536Z,11.71,78.85,0.000,2.540,-1.548,10.349,-0.308,6.824,10.485,1.069,Worker_1,6.918,9.347,7.315,0,0,1,3.280,4.760,3.000,3.000,3.0,26.0,SAFE
2026-08-26T10:43:14.536Z,11.71,78.85,0.000,2.540,-1.548,10.349,-0.308,6.824,10.485,1.069,Worker_2,-4.290,-3.740,14.772,0,0,1,3.280,4.760,3.000,3.000,3.0,26.0,SAFE
2026-08-26T10:43:14.536Z,11.71,78.85,0.000,2.540,-1.548,10.349,-0.308,6.824,10.485,1.069,Worker_3,3.640,-7.120,18.042,0,0,1,3.280,4.760,3.000,3.000,3.0,26.0,SAFE
2026-08-26T10:43:14.653Z,11.83,77.09,0.000,2.540,-1.787,10.298,-0.453,6.819,10.474,1.316,Worker_1,6.690,9.401,7.223,0,0,1,3.280,4.760,3.000,3.000,3.0,26.0,SAFE
2026-08-26T10:43:14.653Z,11.83,77.09,0.000,2.540,-1.787,10.298,-0.453,6.819,10.474,1.316,Worker_2,-4.290,-3.740,14.722,0,0,1,3.280,4.760,3.000,3.000,3.0,26.0,SAFE
2026-08-26T10:43:14.653Z,11.83,77.09,0.000,2.540,-1.787,10.298,-0.453,6.819,10.474,1.316,Worker_3,3.640,-7.120,18.063,0,0,1,3.280,4.760,3.000,3.000,3.0,26.0,SAFE
2026-08-26T10:43:14.754Z,11.93,75.58,0.000,2.540,-1.992,10.248,-0.596,6.813,10.460,1.510,Worker_1,6.494,9.447,7.162,0,0,1,3.280,4.760,3.000,3.000,3.0,26.0,SAFE
2026-08-26T10:43:14.754Z,11.93,75.58,0.000,2.540,-1.992,10.248,-0.596,6.813,10.460,1.510,Worker_2,-4.290,-3.740,14.673,0,0,1,3.280,4.760,3.000,3.000,3.0,26.0,SAFE
2026-08-26T10:43:14.754Z,11.93,75.58,0.000,2.540,-1.992,10.248,-0.596,6.813,10.460,1.510,Worker_3,3.640,-7.120,18.083,0,0,1,3.280,4.760,3.000,3.000,3.0,26.0,SAFE
2026-08-26T10:43:14.855Z,12.03,74.07,0.000,2.540,-2.195,10.193,-0.757,6.807,10.443,1.685,Worker_1,6.298,9.493,7.118,0,0,1,3.280,4.760,3.000,3.000,3.0,26.0,SAFE
2026-08-26T10:43:14.855Z,12.03,74.07,0.000,2.540,-2.195,10.193,-0.757,6.807,10.443,1.685,Worker_2,-4.290,-3.740,14.617,0,0,1,3.280,4.760,3.000,3.000,3.0,26.0,SAFE
2026-08-26T10:43:14.855Z,12.03,74.07,0.000,2.540,-2.195,10.193,-0.757,6.807,10.443,1.685,Worker_3,3.640,-7.120,18.105,0,0,1,3.280,4.760,3.000,3.000,3.0,26.0,SAFE
2026-08-26T10:43:14.970Z,12.15,72.33,0.000,2.540,-2.428,10.123,-0.970,6.798,10.417,1.870,Worker_1,6.072,9.546,7.096,0,0,0,3.280,4.760,3.000,3.000,3.0,26.0,SAFE
2026-08-26T10:43:14.970Z,12.15,72.33,0.000,2.540,-2.428,10.123,-0.970,6.798,10.417,1.870,Worker_2,-4.290,-3.740,14.541,0,0,1,3.280,4.760,3.000,3.000,3.0,26.0,SAFE
2026-08-26T10:43:14.970Z,12.15,72.33,0.000,2.540,-2.428,10.123,-0.970,6.798,10.417,1.870,Worker_3,3.640,-7.120,18.133,0,0,1,3.280,4.760,3.000,3.000,3.0,26.0,SAFE
2026-08-26T10:43:15.085Z,12.26,70.62,0.000,2.540,-2.655,10.047,-1.203,6.787,10.384,2.024,Worker_1,5.850,9.599,7.096,0,0,0,3.280,4.760,3.000,3.000,3.0,26.0,SAFE
2026-08-26T10:43:15.085Z,12.26,70.62,0.000,2.540,-2.655,10.047,-1.203,6.787,10.384,2.024,Worker_2,-4.290,-3.740,14.458,0,0,1,3.280,4.760,3.000,3.000,3.0,26.0,SAFE
2026-08-26T10:43:15.085Z,12.26,70.62,0.000,2.540,-2.655,10.047,-1.203,6.787,10.384,2.024,Worker_3,3.640,-7.120,18.162,0,0,1,3.280,4.760,3.000,3.000,3.0,26.0,SAFE
2026-08-26T10:43:15.203Z,12.38,68.84,0.000,2.540,-2.888,9.961,-1.409,6.778,10.352,2.129,Worker_1,5.619,9.653,7.063,0,0,0,3.280,4.760,3.000,3.000,3.0,26.0,SAFE
2026-08-26T10:43:15.203Z,12.38,68.84,0.000,2.540,-2.888,9.961,-1.409,6.778,10.352,2.129,Worker_2,-4.290,-3.740,14.383,0,0,1,3.280,4.760,3.000,3.000,3.0,26.0,SAFE
2026-08-26T10:43:15.203Z,12.38,68.84,0.000,2.540,-2.888,9.961,-1.409,6.778,10.352,2.129,Worker_3,3.640,-7.120,18.187,0,0,1,3.280,4.760,3.000,3.000,3.0,26.0,SAFE
2026-08-26T10:43:15.321Z,12.50,67.08,0.000,2.540,-3.115,9.868,-1.668,6.767,10.305,2.230,Worker_1,5.391,9.707,7.084,0,0,0,3.280,4.760,3.000,3.000,3.0,26.0,SAFE
2026-08-26T10:43:15.321Z,12.50,67.08,0.000,2.540,-3.115,9.868,-1.668,6.767,10.305,2.230,Worker_2,-4.290,-3.740,14.288,0,0,1,3.280,4.760,3.000,3.000,3.0,26.0,SAFE
2026-08-26T10:43:15.321Z,12.50,67.08,0.000,2.540,-3.115,9.868,-1.668,6.767,10.305,2.230,Worker_3,3.640,-7.120,18.216,0,0,1,3.280,4.760,3.000,3.000,3.0,26.0,SAFE
2026-08-26T10:43:15.421Z,12.60,65.58,0.000,2.540,-3.307,9.784,-1.890,6.758,10.261,2.292,Worker_1,5.196,9.753,7.104,0,0,0,3.280,4.760,3.000,3.000,3.0,26.0,SAFE
2026-08-26T10:43:15.421Z,12.60,65.58,0.000,2.540,-3.307,9.784,-1.890,6.758,10.261,2.292,Worker_2,-4.290,-3.740,14.205,0,0,1,3.280,4.760,3.000,3.000,3.0,26.0,SAFE
2026-08-26T10:43:15.421Z,12.60,65.58,0.000,2.540,-3.307,9.784,-1.890,6.758,10.261,2.292,Worker_3,3.640,-7.120,18.239,0,0,1,3.280,4.760,3.000,3.000,3.0,26.0,SAFE
2026-08-26T10:43:15.553Z,12.73,63.59,0.000,2.540,-3.559,9.665,-2.208,6.747,10.188,2.350,Worker_1,4.937,9.814,7.155,0,0,0,3.280,4.760,3.000,3.000,3.0,26.0,SAFE
2026-08-26T10:43:15.553Z,12.73,63.59,0.000,2.540,-3.559,9.665,-2.208,6.747,10.188,2.350,Worker_2,-4.290,-3.740,14.083,0,0,1,3.280,4.760,3.000,3.000,3.0,26.0,SAFE
2026-08-26T10:43:15.553Z,12.73,63.59,0.000,2.540,-3.559,9.665,-2.208,6.747,10.188,2.350,Worker_3,3.640,-7.120,18.269,0,0,1,3.280,4.760,3.000,3.000,3.0,26.0,SAFE
2026-08-26T10:43:15.653Z,12.83,62.09,0.000,2.540,-3.745,9.569,-2.437,6.739,10.129,2.375,Worker_1,4.742,9.859,7.184,0,0,0,3.280,4.760,3.000,3.000,3.0,26.0,SAFE
2026-08-26T10:43:15.653Z,12.83,62.09,0.000,2.540,-3.745,9.569,-2.437,6.739,10.129,2.375,Worker_2,-4.290,-3.740,13.992,0,0,1,3.280,4.760,3.000,3.000,3.0,26.0,SAFE
2026-08-26T10:43:15.653Z,12.83,62.09,0.000,2.540,-3.745,9.569,-2.437,6.739,10.129,2.375,Worker_3,3.640,-7.120,18.288,0,0,1,3.280,4.760,3.000,3.000,3.0,26.0,SAFE
2026-08-26T10:43:15.769Z,12.95,60.34,0.000,2.540,-3.958,9.452,-2.712,6.732,10.050,2.389,Worker_1,4.516,9.913,7.229,0,0,0,3.280,4.760,3.000,3.000,3.0,26.0,SAFE
2026-08-26T10:43:15.769Z,12.95,60.34,0.000,2.540,-3.958,9.452,-2.712,6.732,10.050,2.389,Worker_2,-4.290,-3.740,13.880,0,0,1,3.280,4.760,3.000,3.000,3.0,26.0,SAFE
2026-08-26T10:43:15.769Z,12.95,60.34,0.000,2.540,-3.958,9.452,-2.712,6.732,10.050,2.389,Worker_3,3.640,-7.120,18.308,0,0,1,3.280,4.760,3.000,3.000,3.0,26.0,SAFE
2026-08-26T10:43:15.884Z,13.06,58.62,0.000,2.540,-4.166,9.330,-2.985,6.726,9.963,2.389,Worker_1,4.293,9.965,7.277,0,0,0,3.280,4.760,3.000,3.000,3.0,26.0,SAFE
2026-08-26T10:43:15.884Z,13.06,58.62,0.000,2.540,-4.166,9.330,-2.985,6.726,9.963,2.389,Worker_2,-4.290,-3.740,13.765,0,0,1,3.280,4.760,3.000,3.000,3.0,26.0,SAFE
2026-08-26T10:43:15.884Z,13.06,58.62,0.000,2.540,-4.166,9.330,-2.985,6.726,9.963,2.389,Worker_3,3.640,-7.120,18.322,0,0,1,3.280,4.760,3.000,3.000,3.0,26.0,SAFE
2026-08-26T10:43:15.985Z,13.16,57.11,0.000,2.540,-4.344,9.218,-3.209,6.721,9.883,2.380,Worker_1,4.097,10.011,7.308,0,0,0,3.280,4.760,3.000,3.000,3.0,26.0,SAFE
2026-08-26T10:43:15.985Z,13.16,57.11,0.000,2.540,-4.344,9.218,-3.209,6.721,9.883,2.380,Worker_2,-4.290,-3.740,13.666,0,0,1,3.280,4.760,3.000,3.000,3.0,26.0,SAFE
2026-08-26T10:43:15.985Z,13.16,57.11,0.000,2.540,-4.344,9.218,-3.209,6.721,9.883,2.380,Worker_3,3.640,-7.120,18.331,0,0,1,3.280,4.760,3.000,3.000,3.0,26.0,SAFE
2026-08-26T10:43:16.102Z,13.28,55.35,0.000,2.540,-4.548,9.081,-3.430,6.718,9.798,2.366,Worker_1,3.868,10.065,7.304,0,0,0,3.280,4.760,3.000,3.000,3.0,26.0,SAFE
2026-08-26T10:43:16.102Z,13.28,55.35,0.000,2.540,-4.548,9.081,-3.430,6.718,9.798,2.366,Worker_2,-4.290,-3.740,13.565,0,0,1,3.280,4.760,3.000,3.000,3.0,26.0,SAFE
2026-08-26T10:43:16.102Z,13.28,55.35,0.000,2.540,-4.548,9.081,-3.430,6.718,9.798,2.366,Worker_3,3.640,-7.120,18.336,0,0,1,3.280,4.760,3.000,3.000,3.0,26.0,SAFE
2026-08-26T10:43:16.219Z,13.39,53.60,0.000,2.540,-4.747,8.939,-3.690,6.716,9.687,2.344,Worker_1,3.641,10.119,7.344,0,0,0,3.280,4.760,3.000,3.000,3.0,26.0,SAFE
2026-08-26T10:43:16.219Z,13.39,53.60,0.000,2.540,-4.747,8.939,-3.690,6.716,9.687,2.344,Worker_2,-4.290,-3.740,13.440,0,0,1,3.280,4.760,3.000,3.000,3.0,26.0,SAFE
2026-08-26T10:43:16.219Z,13.39,53.60,0.000,2.540,-4.747,8.939,-3.690,6.716,9.687,2.344,Worker_3,3.640,-7.120,18.336,0,0,1,3.280,4.760,3.000,3.000,3.0,26.0,SAFE
2026-08-26T10:43:16.352Z,13.53,51.61,0.000,2.540,-4.968,8.770,-3.984,6.715,9.547,2.312,Worker_1,3.383,10.180,7.394,0,0,0,3.280,4.760,3.000,3.000,3.0,26.0,SAFE
2026-08-26T10:43:16.352Z,13.53,51.61,0.000,2.540,-4.968,8.770,-3.984,6.715,9.547,2.312,Worker_2,-4.290,-3.740,13.291,0,0,1,3.280,4.760,3.000,3.000,3.0,26.0,SAFE
2026-08-26T10:43:16.352Z,13.53,51.61,0.000,2.540,-4.968,8.770,-3.984,6.715,9.547,2.312,Worker_3,3.640,-7.120,18.328,0,0,1,3.280,4.760,3.000,3.000,3.0,26.0,SAFE
2026-08-26T10:43:16.471Z,13.65,49.83,0.000,2.540,-5.161,8.613,-4.228,6.715,9.419,2.283,Worker_1,3.151,10.234,7.424,0,0,0,3.280,4.760,3.000,3.000,3.0,26.0,SAFE
2026-08-26T10:43:16.471Z,13.65,49.83,0.000,2.540,-5.161,8.613,-4.228,6.715,9.419,2.283,Worker_2,-4.290,-3.740,13.159,0,0,1,3.280,4.760,3.000,3.000,3.0,26.0,SAFE
2026-08-26T10:43:16.471Z,13.65,49.83,0.000,2.540,-5.161,8.613,-4.228,6.715,9.419,2.283,Worker_3,3.640,-7.120,18.315,0,0,1,3.280,4.760,3.000,3.000,3.0,26.0,SAFE
2026-08-26T10:43:16.571Z,13.75,48.32,0.000,2.540,-5.319,8.475,-4.425,6.715,9.305,2.262,Worker_1,2.956,10.280,7.445,0,0,0,3.280,4.760,3.000,3.000,3.0,26.0,SAFE
2026-08-26T10:43:16.571Z,13.75,48.32,0.000,2.540,-5.319,8.475,-4.425,6.715,9.305,2.262,Worker_2,-4.290,-3.740,13.046,0,0,1,3.280,4.760,3.000,3.000,3.0,26.0,SAFE
2026-08-26T10:43:16.571Z,13.75,48.32,0.000,2.540,-5.319,8.475,-4.425,6.715,9.305,2.262,Worker_3,3.640,-7.120,18.299,0,0,1,3.280,4.760,3.000,3.000,3.0,26.0,SAFE
2026-08-26T10:43:16.702Z,13.88,46.36,0.000,2.540,-5.521,8.289,-4.653,6.717,9.163,2.236,Worker_1,2.701,10.340,7.448,0,0,0,3.280,4.760,3.000,3.000,3.0,26.0,SAFE
2026-08-26T10:43:16.702Z,13.88,46.36,0.000,2.540,-5.521,8.289,-4.653,6.717,9.163,2.236,Worker_2,-4.290,-3.740,12.908,0,0,1,3.280,4.760,3.000,3.000,3.0,26.0,SAFE
2026-08-26T10:43:16.702Z,13.88,46.36,0.000,2.540,-5.521,8.289,-4.653,6.717,9.163,2.236,Worker_3,3.640,-7.120,18.273,0,0,1,3.280,4.760,3.000,3.000,3.0,26.0,SAFE
2026-08-26T10:43:16.818Z,13.99,44.62,0.000,2.540,-5.694,8.119,-4.874,6.718,9.012,2.213,Worker_1,2.476,10.393,7.478,0,0,0,3.280,4.760,3.000,3.000,3.0,26.0,SAFE
2026-08-26T10:43:16.818Z,13.99,44.62,0.000,2.540,-5.694,8.119,-4.874,6.718,9.012,2.213,Worker_2,-4.290,-3.740,12.766,0,0,1,3.280,4.760,3.000,3.000,3.0,26.0,SAFE
2026-08-26T10:43:16.818Z,13.99,44.62,0.000,2.540,-5.694,8.119,-4.874,6.718,9.012,2.213,Worker_3,3.640,-7.120,18.241,0,0,1,3.280,4.760,3.000,3.000,3.0,26.0,SAFE
2026-08-26T10:43:16.919Z,14.09,43.11,0.000,2.540,-5.840,7.968,-5.051,6.720,8.882,2.193,Worker_1,2.280,10.439,7.495,0,0,0,3.280,4.760,3.000,3.000,3.0,26.0,SAFE
2026-08-26T10:43:16.919Z,14.09,43.11,0.000,2.540,-5.840,7.968,-5.051,6.720,8.882,2.193,Worker_2,-4.290,-3.740,12.644,0,0,1,3.280,4.760,3.000,3.000,3.0,26.0,SAFE
2026-08-26T10:43:16.919Z,14.09,43.11,0.000,2.540,-5.840,7.968,-5.051,6.720,8.882,2.193,Worker_3,3.640,-7.120,18.209,0,0,1,3.280,4.760,3.000,3.000,3.0,26.0,SAFE
2026-08-26T10:43:17.051Z,14.23,41.12,0.000,2.540,-6.027,7.761,-5.289,6.723,8.691,2.169,Worker_1,2.021,10.500,7.531,0,0,0,3.280,4.760,3.000,3.000,3.0,26.0,SAFE
2026-08-26T10:43:17.051Z,14.23,41.12,0.000,2.540,-6.027,7.761,-5.289,6.723,8.691,2.169,Worker_2,-4.290,-3.740,12.471,0,0,1,3.280,4.760,3.000,3.000,3.0,26.0,SAFE
2026-08-26T10:43:17.051Z,14.23,41.12,0.000,2.540,-6.027,7.761,-5.289,6.723,8.691,2.169,Worker_3,3.640,-7.120,18.158,0,0,1,3.280,4.760,3.000,3.000,3.0,26.0,SAFE
2026-08-26T10:43:17.169Z,14.34,39.35,0.000,2.540,-6.186,7.572,-5.484,6.725,8.521,2.151,Worker_1,1.792,10.554,7.555,0,0,0,3.280,4.760,3.000,3.000,3.0,26.0,SAFE
2026-08-26T10:43:17.169Z,14.34,39.35,0.000,2.540,-6.186,7.572,-5.484,6.725,8.521,2.151,Worker_2,-4.290,-3.740,12.319,0,0,1,3.280,4.760,3.000,3.000,3.0,26.0,SAFE
2026-08-26T10:43:17.169Z,14.34,39.35,0.000,2.540,-6.186,7.572,-5.484,6.725,8.521,2.151,Worker_3,3.640,-7.120,18.107,0,0,1,3.280,4.760,3.000,3.000,3.0,26.0,SAFE
2026-08-26T10:43:17.301Z,14.48,37.37,0.000,2.540,-6.358,7.356,-5.672,6.727,8.344,2.138,Worker_1,1.535,10.615,7.556,0,0,0,3.280,4.760,3.000,3.000,3.0,26.0,SAFE
2026-08-26T10:43:17.301Z,14.48,37.37,0.000,2.540,-6.358,7.356,-5.672,6.727,8.344,2.138,Worker_2,-4.290,-3.740,12.163,0,0,1,3.280,4.760,3.000,3.000,3.0,26.0,SAFE
2026-08-26T10:43:17.301Z,14.48,37.37,0.000,2.540,-6.358,7.356,-5.672,6.727,8.344,2.138,Worker_3,3.640,-7.120,18.051,0,0,1,3.280,4.760,3.000,3.000,3.0,26.0,SAFE
2026-08-26T10:43:17.401Z,14.58,35.87,0.000,2.540,-6.483,7.188,-5.822,6.729,8.193,2.130,Worker_1,1.340,10.661,7.575,0,0,0,3.280,4.760,3.000,3.000,3.0,26.0,SAFE
2026-08-26T10:43:17.401Z,14.58,35.87,0.000,2.540,-6.483,7.188,-5.822,6.729,8.193,2.130,Worker_2,-4.290,-3.740,12.031,0,0,1,3.280,4.760,3.000,3.000,3.0,26.0,SAFE
2026-08-26T10:43:17.401Z,14.58,35.87,0.000,2.540,-6.483,7.188,-5.822,6.729,8.193,2.130,Worker_3,3.640,-7.120,18.000,0,0,1,3.280,4.760,3.000,3.000,3.0,26.0,SAFE
2026-08-26T10:43:17.502Z,14.68,34.36,0.000,2.540,-6.604,7.016,-5.967,6.730,8.037,2.124,Worker_1,1.145,10.707,7.596,0,0,0,3.280,4.760,3.000,3.000,3.0,26.0,SAFE
2026-08-26T10:43:17.502Z,14.68,34.36,0.000,2.540,-6.604,7.016,-5.967,6.730,8.037,2.124,Worker_2,-4.290,-3.740,11.896,0,0,1,3.280,4.760,3.000,3.000,3.0,26.0,SAFE
2026-08-26T10:43:17.502Z,14.68,34.36,0.000,2.540,-6.604,7.016,-5.967,6.730,8.037,2.124,Worker_3,3.640,-7.120,17.945,0,0,1,3.280,4.760,3.000,3.000,3.0,26.0,SAFE
2026-08-26T10:43:17.620Z,14.79,32.61,0.000,2.540,-6.739,6.811,-6.135,6.731,7.846,2.117,Worker_1,0.917,10.760,7.630,0,0,0,3.280,4.760,3.000,3.000,3.0,26.0,SAFE
2026-08-26T10:43:17.620Z,14.79,32.61,0.000,2.540,-6.739,6.811,-6.135,6.731,7.846,2.117,Worker_2,-4.290,-3.740,11.732,0,0,1,3.280,4.760,3.000,3.000,3.0,26.0,SAFE
2026-08-26T10:43:17.620Z,14.79,32.61,0.000,2.540,-6.739,6.811,-6.135,6.731,7.846,2.117,Worker_3,3.640,-7.120,17.875,0,0,1,3.280,4.760,3.000,3.000,3.0,26.0,SAFE
2026-08-26T10:43:17.750Z,14.93,30.63,0.000,2.540,-6.884,6.576,-6.321,6.733,7.616,2.111,Worker_1,0.660,10.821,7.681,0,0,0,3.280,4.760,3.000,3.000,3.0,26.0,SAFE
2026-08-26T10:43:17.750Z,14.93,30.63,0.000,2.540,-6.884,6.576,-6.321,6.733,7.616,2.111,Worker_2,-4.290,-3.740,11.536,0,0,1,3.280,4.760,3.000,3.000,3.0,26.0,SAFE
2026-08-26T10:43:17.750Z,14.93,30.63,0.000,2.540,-6.884,6.576,-6.321,6.733,7.616,2.111,Worker_3,3.640,-7.120,17.787,0,0,1,3.280,4.760,3.000,3.000,3.0,26.0,SAFE
2026-08-26T10:43:17.852Z,15.03,29.12,0.000,2.540,-6.989,6.393,-6.449,6.734,7.448,2.107,Worker_1,0.464,10.867,7.712,0,0,0,3.280,4.760,3.000,3.000,3.0,26.0,SAFE
2026-08-26T10:43:17.852Z,15.03,29.12,0.000,2.540,-6.989,6.393,-6.449,6.734,7.448,2.107,Worker_2,-4.290,-3.740,11.395,0,0,1,3.280,4.760,3.000,3.000,3.0,26.0,SAFE
2026-08-26T10:43:17.852Z,15.03,29.12,0.000,2.540,-6.989,6.393,-6.449,6.734,7.448,2.107,Worker_3,3.640,-7.120,17.720,0,0,1,3.280,4.760,3.000,3.000,3.0,26.0,SAFE
2026-08-26T10:43:17.968Z,15.14,27.66,0.000,2.540,-7.086,6.214,-6.595,6.734,7.243,2.101,Worker_1,0.237,10.920,7.760,0,0,0,3.280,4.760,3.000,3.000,3.0,26.0,SAFE
2026-08-26T10:43:17.968Z,15.14,27.66,0.000,2.540,-7.086,6.214,-6.595,6.734,7.243,2.101,Worker_2,-4.290,-3.740,11.222,0,0,1,3.280,4.760,3.000,3.000,3.0,26.0,SAFE
2026-08-26T10:43:17.968Z,15.14,27.66,0.000,2.540,-7.086,6.214,-6.595,6.734,7.243,2.101,Worker_3,3.640,-7.120,17.637,0,0,1,3.280,4.760,3.000,3.000,3.0,26.0,SAFE
2026-08-26T10:43:18.099Z,15.27,26.75,0.000,2.540,-7.144,6.101,-6.734,6.735,7.035,2.071,Worker_1,-0.018,10.981,7.789,0,0,0,3.280,4.760,3.000,3.000,3.0,26.0,SAFE
2026-08-26T10:43:18.099Z,15.27,26.75,0.000,2.540,-7.144,6.101,-6.734,6.735,7.035,2.071,Worker_2,-4.290,-3.740,11.048,0,0,1,3.280,4.760,3.000,3.000,3.0,26.0,SAFE
2026-08-26T10:43:18.099Z,15.27,26.75,0.000,2.540,-7.144,6.101,-6.734,6.735,7.035,2.071,Worker_3,3.640,-7.120,17.549,0,0,1,3.280,4.760,3.000,3.000,3.0,26.0,SAFE
2026-08-26T10:43:18.200Z,15.38,26.57,0.000,2.540,-7.155,6.079,-6.843,6.736,6.862,2.008,Worker_1,-0.214,11.027,7.828,0,0,0,3.280,4.760,3.000,3.000,3.0,26.0,SAFE
2026-08-26T10:43:18.200Z,15.38,26.57,0.000,2.540,-7.155,6.079,-6.843,6.736,6.862,2.008,Worker_2,-4.290,-3.740,10.905,0,0,1,3.280,4.760,3.000,3.000,3.0,26.0,SAFE
2026-08-26T10:43:18.200Z,15.38,26.57,0.000,2.540,-7.155,6.079,-6.843,6.736,6.862,2.008,Worker_3,3.640,-7.120,17.476,0,0,1,3.280,4.760,3.000,3.000,3.0,26.0,SAFE
2026-08-26T10:43:18.300Z,15.48,26.57,0.000,2.540,-7.155,6.079,-6.944,6.737,6.695,1.903,Worker_1,-0.409,11.073,7.865,0,0,0,3.280,4.760,3.000,3.000,3.0,26.0,SAFE
2026-08-26T10:43:18.300Z,15.48,26.57,0.000,2.540,-7.155,6.079,-6.944,6.737,6.695,1.903,Worker_2,-4.290,-3.740,10.768,0,0,1,3.280,4.760,3.000,3.000,3.0,26.0,SAFE
2026-08-26T10:43:18.300Z,15.48,26.57,0.000,2.540,-7.155,6.079,-6.944,6.737,6.695,1.903,Worker_3,3.640,-7.120,17.403,0,0,1,3.280,4.760,3.000,3.000,3.0,26.0,SAFE
2026-08-26T10:43:18.416Z,15.59,26.57,0.000,2.540,-7.155,6.079,-7.051,6.741,6.507,1.730,Worker_1,-0.635,11.126,7.905,0,0,0,3.280,4.760,3.000,3.000,3.0,26.0,SAFE
2026-08-26T10:43:18.416Z,15.59,26.57,0.000,2.540,-7.155,6.079,-7.051,6.741,6.507,1.730,Worker_2,-4.290,-3.740,10.612,0,0,1,3.280,4.760,3.000,3.000,3.0,26.0,SAFE
2026-08-26T10:43:18.416Z,15.59,26.57,0.000,2.540,-7.155,6.079,-7.051,6.741,6.507,1.730,Worker_3,3.640,-7.120,17.320,0,0,1,3.280,4.760,3.000,3.000,3.0,26.0,SAFE
2026-08-26T10:43:18.520Z,15.70,26.57,0.000,2.540,-7.155,6.079,-7.128,6.745,6.364,1.560,Worker_1,-0.839,11.174,7.918,0,0,0,3.280,4.760,3.000,3.000,3.0,26.0,SAFE
2026-08-26T10:43:18.520Z,15.70,26.57,0.000,2.540,-7.155,6.079,-7.128,6.745,6.364,1.560,Worker_2,-4.290,-3.740,10.494,0,0,1,3.280,4.760,3.000,3.000,3.0,26.0,SAFE
2026-08-26T10:43:18.520Z,15.70,26.57,0.000,2.540,-7.155,6.079,-7.128,6.745,6.364,1.560,Worker_3,3.640,-7.120,17.255,0,0,1,3.280,4.760,3.000,3.000,3.0,26.0,SAFE
2026-08-26T10:43:18.637Z,15.81,26.57,0.000,2.540,-7.155,6.079,-7.205,6.752,6.210,1.338,Worker_1,-1.066,11.227,7.928,0,0,0,3.280,4.760,3.000,3.000,3.0,26.0,SAFE
2026-08-26T10:43:18.637Z,15.81,26.57,0.000,2.540,-7.155,6.079,-7.205,6.752,6.210,1.338,Worker_2,-4.290,-3.740,10.368,0,0,1,3.280,4.760,3.000,3.000,3.0,26.0,SAFE
2026-08-26T10:43:18.637Z,15.81,26.57,0.000,2.540,-7.155,6.079,-7.205,6.752,6.210,1.338,Worker_3,3.640,-7.120,17.184,0,0,1,3.280,4.760,3.000,3.000,3.0,26.0,SAFE
2026-08-26T10:43:18.753Z,15.93,26.57,0.000,2.540,-7.155,6.079,-7.264,6.761,6.079,1.108,Worker_1,-1.290,11.280,7.921,0,0,0,3.280,4.760,3.000,3.000,3.0,26.0,SAFE
2026-08-26T10:43:18.753Z,15.93,26.57,0.000,2.540,-7.155,6.079,-7.264,6.761,6.079,1.108,Worker_2,-4.290,-3.740,10.259,0,0,1,3.280,4.760,3.000,3.000,3.0,26.0,SAFE
2026-08-26T10:43:18.753Z,15.93,26.57,0.000,2.540,-7.155,6.079,-7.264,6.761,6.079,1.108,Worker_3,3.640,-7.120,17.120,0,0,1,3.280,4.760,3.000,3.000,3.0,26.0,SAFE
2026-08-26T10:43:18.857Z,16.03,26.57,0.000,2.540,-7.155,6.079,-7.301,6.770,5.987,0.920,Worker_1,-1.210,11.261,8.057,0,0,0,3.280,4.760,3.000,3.000,3.0,26.0,SAFE
2026-08-26T10:43:18.857Z,16.03,26.57,0.000,2.540,-7.155,6.079,-7.301,6.770,5.987,0.920,Worker_2,-4.290,-3.740,10.182,0,0,1,3.280,4.760,3.000,3.000,3.0,26.0,SAFE
2026-08-26T10:43:18.857Z,16.03,26.57,0.000,2.540,-7.155,6.079,-7.301,6.770,5.987,0.920,Worker_3,3.640,-7.120,17.074,0,0,1,3.280,4.760,3.000,3.000,3.0,26.0,SAFE
2026-08-26T10:43:19.006Z,16.14,26.57,0.000,2.540,-7.155,6.079,-7.332,6.781,5.897,0.705,Worker_1,-0.997,11.211,8.269,0,0,0,3.280,4.760,3.000,3.000,3.0,26.0,SAFE
2026-08-26T10:43:19.006Z,16.14,26.57,0.000,2.540,-7.155,6.079,-7.332,6.781,5.897,0.705,Worker_2,-4.290,-3.740,10.106,0,0,1,3.280,4.760,3.000,3.000,3.0,26.0,SAFE
2026-08-26T10:43:19.006Z,16.14,26.57,0.000,2.540,-7.155,6.079,-7.332,6.781,5.897,0.705,Worker_3,3.640,-7.120,17.025,0,0,1,3.280,4.760,3.000,3.000,3.0,26.0,SAFE
2026-08-26T10:43:19.074Z,16.25,26.57,0.000,2.540,-7.155,6.079,-7.347,6.790,5.840,0.539,Worker_1,-0.790,11.162,8.445,0,0,0,3.280,4.760,3.000,3.000,3.0,26.0,SAFE
2026-08-26T10:43:19.074Z,16.25,26.57,0.000,2.540,-7.155,6.079,-7.347,6.790,5.840,0.539,Worker_2,-4.290,-3.740,10.056,0,0,1,3.280,4.760,3.000,3.000,3.0,26.0,SAFE
2026-08-26T10:43:19.074Z,16.25,26.57,0.000,2.540,-7.155,6.079,-7.347,6.790,5.840,0.539,Worker_3,3.640,-7.120,16.991,0,0,1,3.280,4.760,3.000,3.000,3.0,26.0,SAFE
2026-08-26T10:43:19.217Z,16.39,26.57,0.000,2.540,-7.155,6.079,-7.355,6.802,5.783,0.334,Worker_1,-0.513,11.097,8.663,0,0,0,3.280,4.760,3.000,3.000,3.0,26.0,SAFE
2026-08-26T10:43:19.217Z,16.39,26.57,0.000,2.540,-7.155,6.079,-7.355,6.802,5.783,0.334,Worker_2,-4.290,-3.740,10.004,0,0,1,3.280,4.760,3.000,3.000,3.0,26.0,SAFE
2026-08-26T10:43:19.217Z,16.39,26.57,0.000,2.540,-7.155,6.079,-7.355,6.802,5.783,0.334,Worker_3,3.640,-7.120,16.952,0,0,1,3.280,4.760,3.000,3.000,3.0,26.0,SAFE
2026-08-26T10:43:19.360Z,16.53,26.57,0.000,2.540,-7.155,6.079,-7.350,6.813,5.752,0.181,Worker_1,-0.233,11.031,8.861,0,0,0,3.280,4.760,3.000,3.000,3.0,26.0,SAFE
2026-08-26T10:43:19.360Z,16.53,26.57,0.000,2.540,-7.155,6.079,-7.350,6.813,5.752,0.181,Worker_2,-4.290,-3.740,9.973,0,0,1,3.280,4.760,3.000,3.000,3.0,26.0,SAFE
2026-08-26T10:43:19.360Z,16.53,26.57,0.000,2.540,-7.155,6.079,-7.350,6.813,5.752,0.181,Worker_3,3.640,-7.120,16.925,0,0,1,3.280,4.760,3.000,3.000,3.0,26.0,SAFE
2026-08-26T10:43:19.463Z,16.64,26.57,0.000,2.540,-7.155,6.079,-7.340,6.820,5.744,0.136,Worker_1,-0.032,10.984,8.992,0,0,0,3.280,4.760,3.000,3.000,3.0,26.0,SAFE
2026-08-26T10:43:19.463Z,16.64,26.57,0.000,2.540,-7.155,6.079,-7.340,6.820,5.744,0.136,Worker_2,-4.290,-3.740,9.962,0,0,1,3.280,4.760,3.000,3.000,3.0,26.0,SAFE
2026-08-26T10:43:19.463Z,16.64,26.57,0.000,2.540,-7.155,6.079,-7.340,6.820,5.744,0.136,Worker_3,3.640,-7.120,16.913,0,0,1,3.280,4.760,3.000,3.000,3.0,26.0,SAFE
2026-08-26T10:43:19.566Z,16.74,26.57,0.000,2.540,-7.155,6.079,-7.324,6.826,5.746,0.171,Worker_1,0.169,10.936,9.115,0,0,0,3.280,4.760,3.000,3.000,3.0,26.0,SAFE
2026-08-26T10:43:19.566Z,16.74,26.57,0.000,2.540,-7.155,6.079,-7.324,6.826,5.746,0.171,Worker_2,-4.290,-3.740,9.960,0,0,1,3.280,4.760,3.000,3.000,3.0,26.0,SAFE
2026-08-26T10:43:19.566Z,16.74,26.57,0.000,2.540,-7.155,6.079,-7.324,6.826,5.746,0.171,Worker_3,3.640,-7.120,16.904,0,0,1,3.280,4.760,3.000,3.000,3.0,26.0,SAFE
2026-08-26T10:43:19.681Z,16.86,26.57,0.000,2.540,-7.155,6.079,-7.307,6.830,5.757,0.225,Worker_1,0.396,10.883,9.253,0,0,0,3.280,4.760,3.000,3.000,3.0,26.0,SAFE
2026-08-26T10:43:19.681Z,16.86,26.57,0.000,2.540,-7.155,6.079,-7.307,6.830,5.757,0.225,Worker_2,-4.290,-3.740,9.965,0,0,1,3.280,4.760,3.000,3.000,3.0,26.0,SAFE
2026-08-26T10:43:19.681Z,16.86,26.57,0.000,2.540,-7.155,6.079,-7.307,6.830,5.757,0.225,Worker_3,3.640,-7.120,16.902,0,0,1,3.280,4.760,3.000,3.000,3.0,26.0,SAFE
2026-08-26T10:43:19.818Z,16.99,26.57,0.000,2.540,-7.155,6.079,-7.282,6.834,5.784,0.290,Worker_1,0.661,10.820,9.406,0,0,0,3.280,4.760,3.000,3.000,3.0,26.0,SAFE
2026-08-26T10:43:19.818Z,16.99,26.57,0.000,2.540,-7.155,6.079,-7.282,6.834,5.784,0.290,Worker_2,-4.290,-3.740,9.983,0,0,1,3.280,4.760,3.000,3.000,3.0,26.0,SAFE
2026-08-26T10:43:19.818Z,16.99,26.57,0.000,2.540,-7.155,6.079,-7.282,6.834,5.784,0.290,Worker_3,3.640,-7.120,16.906,0,0,1,3.280,4.760,3.000,3.000,3.0,26.0,SAFE
2026-08-26T10:43:19.932Z,17.11,26.57,0.000,2.540,-7.155,6.079,-7.260,6.835,5.814,0.328,Worker_1,0.883,10.768,9.531,0,0,0,3.280,4.760,3.000,3.000,3.0,26.0,SAFE
2026-08-26T10:43:19.932Z,17.11,26.57,0.000,2.540,-7.155,6.079,-7.260,6.835,5.814,0.328,Worker_2,-4.290,-3.740,10.005,0,0,1,3.280,4.760,3.000,3.000,3.0,26.0,SAFE
2026-08-26T10:43:19.932Z,17.11,26.57,0.000,2.540,-7.155,6.079,-7.260,6.835,5.814,0.328,Worker_3,3.640,-7.120,16.914,0,0,1,3.280,4.760,3.000,3.000,3.0,26.0,SAFE
2026-08-26T10:43:20.066Z,17.24,26.57,0.000,2.540,-7.155,6.079,-7.234,6.835,5.855,0.351,Worker_1,1.142,10.707,9.680,0,0,0,3.280,4.760,3.000,3.000,3.0,26.0,SAFE
2026-08-26T10:43:20.066Z,17.24,26.57,0.000,2.540,-7.155,6.079,-7.234,6.835,5.855,0.351,Worker_2,-4.290,-3.740,10.036,0,0,1,3.280,4.760,3.000,3.000,3.0,26.0,SAFE
2026-08-26T10:43:20.066Z,17.24,26.57,0.000,2.540,-7.155,6.079,-7.234,6.835,5.855,0.351,Worker_3,3.640,-7.120,16.929,0,0,1,3.280,4.760,3.000,3.000,3.0,26.0,SAFE
2026-08-26T10:43:20.167Z,17.34,26.57,0.000,2.540,-7.155,6.079,-7.217,6.834,5.886,0.354,Worker_1,1.340,10.661,9.799,0,0,0,3.280,4.760,3.000,3.000,3.0,26.0,SAFE
2026-08-26T10:43:20.167Z,17.34,26.57,0.000,2.540,-7.155,6.079,-7.217,6.834,5.886,0.354,Worker_2,-4.290,-3.740,10.061,0,0,1,3.280,4.760,3.000,3.000,3.0,26.0,SAFE
2026-08-26T10:43:20.167Z,17.34,26.57,0.000,2.540,-7.155,6.079,-7.217,6.834,5.886,0.354,Worker_3,3.640,-7.120,16.942,0,0,1,3.280,4.760,3.000,3.000,3.0,26.0,SAFE
2026-08-26T10:43:20.280Z,17.46,26.57,0.000,2.540,-7.155,6.079,-7.201,6.833,5.917,0.348,Worker_1,1.561,10.609,9.939,0,0,0,3.280,4.760,3.000,3.000,3.0,26.0,SAFE
2026-08-26T10:43:20.280Z,17.46,26.57,0.000,2.540,-7.155,6.079,-7.201,6.833,5.917,0.348,Worker_2,-4.290,-3.740,10.086,0,0,1,3.280,4.760,3.000,3.000,3.0,26.0,SAFE
2026-08-26T10:43:20.280Z,17.46,26.57,0.000,2.540,-7.155,6.079,-7.201,6.833,5.917,0.348,Worker_3,3.640,-7.120,16.956,0,0,1,3.280,4.760,3.000,3.000,3.0,26.0,SAFE
2026-08-26T10:43:20.400Z,17.57,26.57,0.000,2.540,-7.155,6.079,-7.184,6.831,5.954,0.331,Worker_1,1.791,10.554,10.086,0,0,0,3.280,4.760,3.000,3.000,3.0,26.0,SAFE
2026-08-26T10:43:20.400Z,17.57,26.57,0.000,2.540,-7.155,6.079,-7.184,6.831,5.954,0.331,Worker_2,-4.290,-3.740,10.117,0,0,1,3.280,4.760,3.000,3.000,3.0,26.0,SAFE
2026-08-26T10:43:20.400Z,17.57,26.57,0.000,2.540,-7.155,6.079,-7.184,6.831,5.954,0.331,Worker_3,3.640,-7.120,16.973,0,0,1,3.280,4.760,3.000,3.000,3.0,26.0,SAFE
2026-08-26T10:43:20.515Z,17.69,26.57,0.000,2.540,-7.155,6.079,-7.169,6.829,5.989,0.305,Worker_1,2.016,10.501,10.234,0,0,1,3.280,4.760,3.000,3.000,3.0,26.0,SAFE
2026-08-26T10:43:20.515Z,17.69,26.57,0.000,2.540,-7.155,6.079,-7.169,6.829,5.989,0.305,Worker_2,-4.290,-3.740,10.146,0,0,1,3.280,4.760,3.000,3.000,3.0,26.0,SAFE
2026-08-26T10:43:20.515Z,17.69,26.57,0.000,2.540,-7.155,6.079,-7.169,6.829,5.989,0.305,Worker_3,3.640,-7.120,16.991,0,0,1,3.280,4.760,3.000,3.000,3.0,26.0,SAFE
2026-08-26T10:43:20.630Z,17.81,26.57,0.000,2.540,-7.155,6.079,-7.157,6.827,6.021,0.274,Worker_1,2.241,10.448,10.389,0,0,1,3.280,4.760,3.000,3.000,3.0,26.0,SAFE
2026-08-26T10:43:20.630Z,17.81,26.57,0.000,2.540,-7.155,6.079,-7.157,6.827,6.021,0.274,Worker_2,-4.290,-3.740,10.173,0,0,1,3.280,4.760,3.000,3.000,3.0,26.0,SAFE
2026-08-26T10:43:20.630Z,17.81,26.57,0.000,2.540,-7.155,6.079,-7.157,6.827,6.021,0.274,Worker_3,3.640,-7.120,17.008,0,0,1,3.280,4.760,3.000,3.000,3.0,26.0,SAFE
2026-08-26T10:43:20.749Z,17.92,26.57,0.000,2.540,-7.155,6.079,-7.148,6.826,6.050,0.238,Worker_1,2.472,10.394,10.556,0,0,1,3.280,4.760,3.000,3.000,3.0,26.0,SAFE
2026-08-26T10:43:20.749Z,17.92,26.57,0.000,2.540,-7.155,6.079,-7.148,6.826,6.050,0.238,Worker_2,-4.290,-3.740,10.198,0,0,1,3.280,4.760,3.000,3.000,3.0,26.0,SAFE
2026-08-26T10:43:20.749Z,17.92,26.57,0.000,2.540,-7.155,6.079,-7.148,6.826,6.050,0.238,Worker_3,3.640,-7.120,17.024,0,0,1,3.280,4.760,3.000,3.000,3.0,26.0,SAFE
2026-08-26T10:43:20.849Z,18.02,26.57,0.000,2.540,-7.155,6.079,-7.142,6.824,6.071,0.206,Worker_1,2.667,10.348,10.701,0,0,1,3.280,4.760,3.000,3.000,3.0,26.0,SAFE
2026-08-26T10:43:20.849Z,18.02,26.57,0.000,2.540,-7.155,6.079,-7.142,6.824,6.071,0.206,Worker_2,-4.290,-3.740,10.217,0,0,1,3.280,4.760,3.000,3.000,3.0,26.0,SAFE
2026-08-26T10:43:20.849Z,18.02,26.57,0.000,2.540,-7.155,6.079,-7.142,6.824,6.071,0.206,Worker_3,3.640,-7.120,17.036,0,0,1,3.280,4.760,3.000,3.000,3.0,26.0,SAFE
2026-08-26T10:43:20.966Z,18.14,26.57,0.000,2.540,-7.155,6.079,-7.136,6.823,6.092,0.168,Worker_1,2.894,10.295,10.875,0,0,1,3.280,4.760,3.000,3.000,3.0,26.0,SAFE
2026-08-26T10:43:20.966Z,18.14,26.57,0.000,2.540,-7.155,6.079,-7.136,6.823,6.092,0.168,Worker_2,-4.290,-3.740,10.236,0,0,1,3.280,4.760,3.000,3.000,3.0,26.0,SAFE
2026-08-26T10:43:20.966Z,18.14,26.57,0.000,2.540,-7.155,6.079,-7.136,6.823,6.092,0.168,Worker_3,3.640,-7.120,17.050,0,0,1,3.280,4.760,3.000,3.000,3.0,26.0,SAFE
2026-08-26T10:43:21.079Z,18.26,26.57,0.000,2.540,-7.155,6.079,-7.133,6.822,6.107,0.137,Worker_1,3.117,10.242,11.053,0,0,1,3.280,4.760,3.000,3.000,3.0,26.0,SAFE
2026-08-26T10:43:21.079Z,18.26,26.57,0.000,2.540,-7.155,6.079,-7.133,6.822,6.107,0.137,Worker_2,-4.290,-3.740,10.249,0,0,1,3.280,4.760,3.000,3.000,3.0,26.0,SAFE
2026-08-26T10:43:21.079Z,18.26,26.57,0.000,2.540,-7.155,6.079,-7.133,6.822,6.107,0.137,Worker_3,3.640,-7.120,17.059,0,0,1,3.280,4.760,3.000,3.000,3.0,26.0,SAFE
2026-08-26T10:43:21.179Z,18.36,26.57,0.000,2.540,-7.155,6.079,-7.131,6.822,6.119,0.107,Worker_1,3.312,10.196,11.211,0,0,1,3.280,4.760,3.000,3.000,3.0,26.0,SAFE
2026-08-26T10:43:21.179Z,18.36,26.57,0.000,2.540,-7.155,6.079,-7.131,6.822,6.119,0.107,Worker_2,-4.290,-3.740,10.260,0,0,1,3.280,4.760,3.000,3.000,3.0,26.0,SAFE
2026-08-26T10:43:21.179Z,18.36,26.57,0.000,2.540,-7.155,6.079,-7.131,6.822,6.119,0.107,Worker_3,3.640,-7.120,17.067,0,0,1,3.280,4.760,3.000,3.000,3.0,26.0,SAFE
2026-08-26T10:43:21.314Z,18.49,26.57,0.000,2.540,-7.155,6.079,-7.130,6.821,6.130,0.069,Worker_1,3.572,10.135,11.427,0,0,1,3.280,4.760,3.000,3.000,3.0,26.0,SAFE
2026-08-26T10:43:21.314Z,18.49,26.57,0.000,2.540,-7.155,6.079,-7.130,6.821,6.130,0.069,Worker_2,-4.290,-3.740,10.271,0,0,1,3.280,4.760,3.000,3.000,3.0,26.0,SAFE
2026-08-26T10:43:21.314Z,18.49,26.57,0.000,2.540,-7.155,6.079,-7.130,6.821,6.130,0.069,Worker_3,3.640,-7.120,17.076,0,0,1,3.280,4.760,3.000,3.000,3.0,26.0,SAFE
2026-08-26T10:43:21.414Z,18.59,26.57,0.000,2.540,-7.155,6.079,-7.131,6.821,6.136,0.046,Worker_1,3.767,10.089,11.593,0,0,1,3.280,4.760,3.000,3.000,3.0,26.0,SAFE
2026-08-26T10:43:21.414Z,18.59,26.57,0.000,2.540,-7.155,6.079,-7.131,6.821,6.136,0.046,Worker_2,-4.290,-3.740,10.276,0,0,1,3.280,4.760,3.000,3.000,3.0,26.0,SAFE
2026-08-26T10:43:21.414Z,18.59,26.57,0.000,2.540,-7.155,6.079,-7.131,6.821,6.136,0.046,Worker_3,3.640,-7.120,17.080,0,0,1,3.280,4.760,3.000,3.000,3.0,26.0,SAFE
2026-08-26T10:43:21.529Z,18.70,26.57,0.000,2.540,-7.155,6.079,-7.132,6.821,6.140,0.023,Worker_1,3.992,10.036,11.786,0,0,1,3.280,4.760,3.000,3.000,3.0,26.0,SAFE
2026-08-26T10:43:21.529Z,18.70,26.57,0.000,2.540,-7.155,6.079,-7.132,6.821,6.140,0.023,Worker_2,-4.290,-3.740,10.280,0,0,1,3.280,4.760,3.000,3.000,3.0,26.0,SAFE
2026-08-26T10:43:21.529Z,18.70,26.57,0.000,2.540,-7.155,6.079,-7.132,6.821,6.140,0.023,Worker_3,3.640,-7.120,17.084,0,0,1,3.280,4.760,3.000,3.000,3.0,26.0,SAFE
2026-08-26T10:43:21.629Z,18.80,26.57,0.000,2.540,-7.155,6.079,-7.133,6.821,6.140,0.017,Worker_1,4.186,9.990,11.957,0,0,1,3.280,4.760,3.000,3.000,3.0,26.0,SAFE
2026-08-26T10:43:21.629Z,18.80,26.57,0.000,2.540,-7.155,6.079,-7.133,6.821,6.140,0.017,Worker_2,-4.290,-3.740,10.281,0,0,1,3.280,4.760,3.000,3.000,3.0,26.0,SAFE
2026-08-26T10:43:21.629Z,18.80,26.57,0.000,2.540,-7.155,6.079,-7.133,6.821,6.140,0.017,Worker_3,3.640,-7.120,17.085,0,0,1,3.280,4.760,3.000,3.000,3.0,26.0,SAFE
2026-08-26T10:43:21.747Z,18.92,26.57,0.000,2.540,-7.155,6.079,-7.136,6.821,6.139,0.027,Worker_1,4.415,9.936,12.159,0,0,1,3.280,4.760,3.000,3.000,3.0,26.0,SAFE
2026-08-26T10:43:21.747Z,18.92,26.57,0.000,2.540,-7.155,6.079,-7.136,6.821,6.139,0.027,Worker_2,-4.290,-3.740,10.281,0,0,1,3.280,4.760,3.000,3.000,3.0,26.0,SAFE
2026-08-26T10:43:21.747Z,18.92,26.57,0.000,2.540,-7.155,6.079,-7.136,6.821,6.139,0.027,Worker_3,3.640,-7.120,17.086,0,0,1,3.280,4.760,3.000,3.000,3.0,26.0,SAFE
2026-08-26T10:43:21.848Z,19.02,26.57,0.000,2.540,-7.155,6.079,-7.138,6.821,6.136,0.038,Worker_1,4.612,9.890,12.335,0,0,1,3.280,4.760,3.000,3.000,3.0,26.0,SAFE
2026-08-26T10:43:21.848Z,19.02,26.57,0.000,2.540,-7.155,6.079,-7.138,6.821,6.136,0.038,Worker_2,-4.290,-3.740,10.279,0,0,1,3.280,4.760,3.000,3.000,3.0,26.0,SAFE
2026-08-26T10:43:21.848Z,19.02,26.57,0.000,2.540,-7.155,6.079,-7.138,6.821,6.136,0.038,Worker_3,3.640,-7.120,17.085,0,0,1,3.280,4.760,3.000,3.000,3.0,26.0,SAFE
2026-08-26T10:43:21.963Z,19.14,26.57,0.000,2.540,-7.155,6.079,-7.140,6.821,6.133,0.046,Worker_1,4.837,9.837,12.537,0,0,1,3.280,4.760,3.000,3.000,3.0,26.0,SAFE
2026-08-26T10:43:21.963Z,19.14,26.57,0.000,2.540,-7.155,6.079,-7.140,6.821,6.133,0.046,Worker_2,-4.290,-3.740,10.276,0,0,1,3.280,4.760,3.000,3.000,3.0,26.0,SAFE
2026-08-26T10:43:21.963Z,19.14,26.57,0.000,2.540,-7.155,6.079,-7.140,6.821,6.133,0.046,Worker_3,3.640,-7.120,17.084,0,0,1,3.280,4.760,3.000,3.000,3.0,26.0,SAFE
2026-08-26T10:43:22.080Z,19.26,26.57,0.000,2.540,-7.155,6.079,-7.143,6.821,6.127,0.054,Worker_1,5.065,9.783,12.743,0,0,1,3.280,4.760,3.000,3.000,3.0,26.0,SAFE
2026-08-26T10:43:22.080Z,19.26,26.57,0.000,2.540,-7.155,6.079,-7.143,6.821,6.127,0.054,Worker_2,-4.290,-3.740,10.271,0,0,1,3.280,4.760,3.000,3.000,3.0,26.0,SAFE
2026-08-26T10:43:22.080Z,19.26,26.57,0.000,2.540,-7.155,6.079,-7.143,6.821,6.127,0.054,Worker_3,3.640,-7.120,17.081,0,0,1,3.280,4.760,3.000,3.000,3.0,26.0,SAFE
2026-08-26T10:43:22.181Z,19.36,26.57,0.000,2.540,-7.155,6.079,-7.145,6.821,6.122,0.058,Worker_1,5.260,9.737,12.921,0,0,1,3.280,4.760,3.000,3.000,3.0,26.0,SAFE
2026-08-26T10:43:22.181Z,19.36,26.57,0.000,2.540,-7.155,6.079,-7.145,6.821,6.122,0.058,Worker_2,-4.290,-3.740,10.267,0,0,1,3.280,4.760,3.000,3.000,3.0,26.0,SAFE
2026-08-26T10:43:22.181Z,19.36,26.57,0.000,2.540,-7.155,6.079,-7.145,6.821,6.122,0.058,Worker_3,3.640,-7.120,17.078,0,0,1,3.280,4.760,3.000,3.000,3.0,26.0,SAFE
2026-08-26T10:43:22.315Z,19.49,26.57,0.000,2.540,-7.155,6.079,-7.148,6.821,6.114,0.060,Worker_1,5.521,9.676,13.160,0,0,1,3.280,4.760,3.000,3.000,3.0,26.0,SAFE
2026-08-26T10:43:22.315Z,19.49,26.57,0.000,2.540,-7.155,6.079,-7.148,6.821,6.114,0.060,Worker_2,-4.290,-3.740,10.260,0,0,1,3.280,4.760,3.000,3.000,3.0,26.0,SAFE
2026-08-26T10:43:22.315Z,19.49,26.57,0.000,2.540,-7.155,6.079,-7.148,6.821,6.114,0.060,Worker_3,3.640,-7.120,17.074,0,0,1,3.280,4.760,3.000,3.000,3.0,26.0,SAFE
2026-08-26T10:43:22.429Z,19.60,26.57,0.000,2.540,-7.155,6.079,-7.150,6.822,6.107,0.060,Worker_1,5.743,9.624,13.364,0,0,1,3.280,4.760,3.000,3.000,3.0,26.0,SAFE
2026-08-26T10:43:22.429Z,19.60,26.57,0.000,2.540,-7.155,6.079,-7.150,6.822,6.107,0.060,Worker_2,-4.290,-3.740,10.254,0,0,1,3.280,4.760,3.000,3.000,3.0,26.0,SAFE
2026-08-26T10:43:22.429Z,19.60,26.57,0.000,2.540,-7.155,6.079,-7.150,6.822,6.107,0.060,Worker_3,3.640,-7.120,17.070,0,0,1,3.280,4.760,3.000,3.000,3.0,26.0,SAFE
2026-08-26T10:43:22.548Z,19.72,26.57,0.000,2.540,-7.155,6.079,-7.152,6.822,6.101,0.057,Worker_1,5.974,9.569,13.577,0,0,1,3.280,4.760,3.000,3.000,3.0,26.0,SAFE
2026-08-26T10:43:22.548Z,19.72,26.57,0.000,2.540,-7.155,6.079,-7.152,6.822,6.101,0.057,Worker_2,-4.290,-3.740,10.248,0,0,1,3.280,4.760,3.000,3.000,3.0,26.0,SAFE
2026-08-26T10:43:22.548Z,19.72,26.57,0.000,2.540,-7.155,6.079,-7.152,6.822,6.101,0.057,Worker_3,3.640,-7.120,17.066,0,0,1,3.280,4.760,3.000,3.000,3.0,26.0,SAFE
2026-08-26T10:43:22.680Z,19.86,26.57,0.000,2.540,-7.155,6.079,-7.154,6.822,6.094,0.053,Worker_1,6.231,9.509,13.814,0,0,1,3.280,4.760,3.000,3.000,3.0,26.0,SAFE
2026-08-26T10:43:22.680Z,19.86,26.57,0.000,2.540,-7.155,6.079,-7.154,6.822,6.094,0.053,Worker_2,-4.290,-3.740,10.243,0,0,1,3.280,4.760,3.000,3.000,3.0,26.0,SAFE
2026-08-26T10:43:22.680Z,19.86,26.57,0.000,2.540,-7.155,6.079,-7.154,6.822,6.094,0.053,Worker_3,3.640,-7.120,17.062,0,0,1,3.280,4.760,3.000,3.000,3.0,26.0,SAFE
2026-08-26T10:43:22.780Z,19.96,26.57,0.000,2.540,-7.155,6.079,-7.155,6.822,6.089,0.048,Worker_1,6.427,9.463,13.994,0,0,1,3.280,4.760,3.000,3.000,3.0,26.0,SAFE
2026-08-26T10:43:22.780Z,19.96,26.57,0.000,2.540,-7.155,6.079,-7.155,6.822,6.089,0.048,Worker_2,-4.290,-3.740,10.238,0,0,1,3.280,4.760,3.000,3.000,3.0,26.0,SAFE
2026-08-26T10:43:22.780Z,19.96,26.57,0.000,2.540,-7.155,6.079,-7.155,6.822,6.089,0.048,Worker_3,3.640,-7.120,17.059,0,0,1,3.280,4.760,3.000,3.000,3.0,26.0,SAFE
2026-08-26T10:43:22.880Z,20.06,26.57,0.000,2.540,-7.155,6.079,-7.156,6.822,6.085,0.043,Worker_1,6.623,9.416,14.176,0,0,1,3.280,4.760,3.000,3.000,3.0,26.0,SAFE
2026-08-26T10:43:22.880Z,20.06,26.57,0.000,2.540,-7.155,6.079,-7.156,6.822,6.085,0.043,Worker_2,-4.290,-3.740,10.234,0,0,1,3.280,4.760,3.000,3.000,3.0,26.0,SAFE
2026-08-26T10:43:22.880Z,20.06,26.57,0.000,2.540,-7.155,6.079,-7.156,6.822,6.085,0.043,Worker_3,3.640,-7.120,17.056,0,0,1,3.280,4.760,3.000,3.000,3.0,26.0,SAFE
2026-08-26T10:43:23.012Z,20.19,26.57,0.000,2.540,-7.155,6.079,-7.157,6.822,6.079,0.036,Worker_1,6.878,9.356,14.412,0,0,1,3.280,4.760,3.000,3.000,3.0,26.0,SAFE
2026-08-26T10:43:23.012Z,20.19,26.57,0.000,2.540,-7.155,6.079,-7.157,6.822,6.079,0.036,Worker_2,-4.290,-3.740,10.229,0,0,1,3.280,4.760,3.000,3.000,3.0,26.0,SAFE
2026-08-26T10:43:23.012Z,20.19,26.57,0.000,2.540,-7.155,6.079,-7.157,6.822,6.079,0.036,Worker_3,3.640,-7.120,17.053,0,0,1,3.280,4.760,3.000,3.000,3.0,26.0,SAFE
2026-08-26T10:43:23.129Z,20.30,26.57,0.000,2.540,-7.155,6.079,-7.157,6.822,6.076,0.029,Worker_1,7.107,9.303,14.624,0,0,1,3.280,4.760,3.000,3.000,3.0,26.0,SAFE
2026-08-26T10:43:23.129Z,20.30,26.57,0.000,2.540,-7.155,6.079,-7.157,6.822,6.076,0.029,Worker_2,-4.290,-3.740,10.226,0,0,1,3.280,4.760,3.000,3.000,3.0,26.0,SAFE
2026-08-26T10:43:23.129Z,20.30,26.57,0.000,2.540,-7.155,6.079,-7.157,6.822,6.076,0.029,Worker_3,3.640,-7.120,17.050,0,0,1,3.280,4.760,3.000,3.000,3.0,26.0,SAFE
2026-08-26T10:43:23.229Z,20.40,26.57,0.000,2.540,-7.155,6.079,-7.157,6.822,6.073,0.024,Worker_1,7.302,9.257,14.806,0,0,1,3.280,4.760,3.000,3.000,3.0,26.0,SAFE
2026-08-26T10:43:23.229Z,20.40,26.57,0.000,2.540,-7.155,6.079,-7.157,6.822,6.073,0.024,Worker_2,-4.290,-3.740,10.223,0,0,1,3.280,4.760,3.000,3.000,3.0,26.0,SAFE
2026-08-26T10:43:23.229Z,20.40,26.57,0.000,2.540,-7.155,6.079,-7.157,6.822,6.073,0.024,Worker_3,3.640,-7.120,17.048,0,0,1,3.280,4.760,3.000,3.000,3.0,26.0,SAFE
2026-08-26T10:43:23.346Z,20.52,26.57,0.000,2.540,-7.155,6.079,-7.158,6.822,6.071,0.017,Worker_1,7.529,9.203,15.017,0,0,1,3.280,4.760,3.000,3.000,3.0,26.0,SAFE
2026-08-26T10:43:23.346Z,20.52,26.57,0.000,2.540,-7.155,6.079,-7.158,6.822,6.071,0.017,Worker_2,-4.290,-3.740,10.221,0,0,1,3.280,4.760,3.000,3.000,3.0,26.0,SAFE
2026-08-26T10:43:23.346Z,20.52,26.57,0.000,2.540,-7.155,6.079,-7.158,6.822,6.071,0.017,Worker_3,3.640,-7.120,17.047,0,0,1,3.280,4.760,3.000,3.000,3.0,26.0,SAFE
2026-08-26T10:43:23.479Z,20.66,26.57,0.000,2.540,-7.155,6.079,-7.158,6.822,6.069,0.012,Worker_1,7.789,9.142,15.259,0,0,1,3.280,4.760,3.000,3.000,3.0,26.0,SAFE
2026-08-26T10:43:23.479Z,20.66,26.57,0.000,2.540,-7.155,6.079,-7.158,6.822,6.069,0.012,Worker_2,-4.290,-3.740,10.220,0,0,1,3.280,4.760,3.000,3.000,3.0,26.0,SAFE
2026-08-26T10:43:23.479Z,20.66,26.57,0.000,2.540,-7.155,6.079,-7.158,6.822,6.069,0.012,Worker_3,3.640,-7.120,17.045,0,0,1,3.280,4.760,3.000,3.000,3.0,26.0,SAFE
2026-08-26T10:43:23.580Z,20.76,26.57,0.000,2.540,-7.155,6.079,-7.158,6.822,6.068,0.007,Worker_1,7.984,9.096,15.441,0,0,1,3.280,4.760,3.000,3.000,3.0,26.0,SAFE
2026-08-26T10:43:23.580Z,20.76,26.57,0.000,2.540,-7.155,6.079,-7.158,6.822,6.068,0.007,Worker_2,-4.290,-3.740,10.219,0,0,1,3.280,4.760,3.000,3.000,3.0,26.0,SAFE
2026-08-26T10:43:23.580Z,20.76,26.57,0.000,2.540,-7.155,6.079,-7.158,6.822,6.068,0.007,Worker_3,3.640,-7.120,17.045,0,0,1,3.280,4.760,3.000,3.000,3.0,26.0,SAFE
2026-08-26T10:43:23.695Z,20.87,26.57,0.000,2.540,-7.155,6.079,-7.157,6.822,6.068,0.000,Worker_1,8.208,9.043,15.651,0,0,1,3.280,4.760,3.000,3.000,3.0,26.0,SAFE
2026-08-26T10:43:23.695Z,20.87,26.57,0.000,2.540,-7.155,6.079,-7.157,6.822,6.068,0.000,Worker_2,-4.290,-3.740,10.218,0,0,1,3.280,4.760,3.000,3.000,3.0,26.0,SAFE
2026-08-26T10:43:23.695Z,20.87,26.57,0.000,2.540,-7.155,6.079,-7.157,6.822,6.068,0.000,Worker_3,3.640,-7.120,17.044,0,0,1,3.280,4.760,3.000,3.000,3.0,26.0,SAFE
2026-08-26T10:43:23.798Z,20.97,26.57,0.000,2.540,-7.155,6.079,-7.157,6.822,6.068,0.000,Worker_1,8.410,8.996,15.840,0,0,1,3.280,4.760,3.000,3.000,3.0,26.0,SAFE
2026-08-26T10:43:23.798Z,20.97,26.57,0.000,2.540,-7.155,6.079,-7.157,6.822,6.068,0.000,Worker_2,-4.290,-3.740,10.218,0,0,1,3.280,4.760,3.000,3.000,3.0,26.0,SAFE
2026-08-26T10:43:23.798Z,20.97,26.57,0.000,2.540,-7.155,6.079,-7.157,6.822,6.068,0.000,Worker_3,3.640,-7.120,17.044,0,0,1,3.280,4.760,3.000,3.000,3.0,26.0,SAFE
2026-08-26T10:43:23.931Z,21.11,26.57,0.000,2.540,-7.155,6.079,-7.157,6.822,6.068,0.000,Worker_1,8.668,8.935,16.083,0,0,1,3.280,4.760,3.000,3.000,3.0,26.0,SAFE
2026-08-26T10:43:23.931Z,21.11,26.57,0.000,2.540,-7.155,6.079,-7.157,6.822,6.068,0.000,Worker_2,-4.290,-3.740,10.218,0,0,1,3.280,4.760,3.000,3.000,3.0,26.0,SAFE
2026-08-26T10:43:23.931Z,21.11,26.57,0.000,2.540,-7.155,6.079,-7.157,6.822,6.068,0.000,Worker_3,3.640,-7.120,17.044,0,0,1,3.280,4.760,3.000,3.000,3.0,26.0,SAFE
2026-08-26T10:43:24.063Z,21.24,26.57,0.000,2.540,-7.155,6.079,-7.157,6.822,6.068,0.000,Worker_1,8.924,8.875,16.325,0,0,1,3.280,4.760,3.000,3.000,3.0,26.0,SAFE
2026-08-26T10:43:24.063Z,21.24,26.57,0.000,2.540,-7.155,6.079,-7.157,6.822,6.068,0.000,Worker_2,-4.290,-3.740,10.218,0,0,1,3.280,4.760,3.000,3.000,3.0,26.0,SAFE
2026-08-26T10:43:24.063Z,21.24,26.57,0.000,2.540,-7.155,6.079,-7.157,6.822,6.068,0.000,Worker_3,3.640,-7.120,17.044,0,0,1,3.280,4.760,3.000,3.000,3.0,26.0,SAFE
2026-08-26T10:43:24.165Z,21.34,26.57,0.000,2.540,-7.155,6.079,-7.157,6.822,6.068,0.000,Worker_1,9.122,8.828,16.512,0,0,1,3.280,4.760,3.000,3.000,3.0,26.0,SAFE
2026-08-26T10:43:24.165Z,21.34,26.57,0.000,2.540,-7.155,6.079,-7.157,6.822,6.068,0.000,Worker_2,-4.290,-3.740,10.218,0,0,1,3.280,4.760,3.000,3.000,3.0,26.0,SAFE
2026-08-26T10:43:24.165Z,21.34,26.57,0.000,2.540,-7.155,6.079,-7.157,6.822,6.068,0.000,Worker_3,3.640,-7.120,17.044,0,0,1,3.280,4.760,3.000,3.000,3.0,26.0,SAFE
2026-08-26T10:43:24.281Z,21.46,26.57,0.000,2.540,-7.155,6.079,-7.157,6.822,6.068,0.000,Worker_1,9.349,8.774,16.727,0,0,1,3.280,4.760,3.000,3.000,3.0,26.0,SAFE
2026-08-26T10:43:24.281Z,21.46,26.57,0.000,2.540,-7.155,6.079,-7.157,6.822,6.068,0.000,Worker_2,-4.290,-3.740,10.218,0,0,1,3.280,4.760,3.000,3.000,3.0,26.0,SAFE
2026-08-26T10:43:24.281Z,21.46,26.57,0.000,2.540,-7.155,6.079,-7.157,6.822,6.068,0.000,Worker_3,3.640,-7.120,17.044,0,0,1,3.280,4.760,3.000,3.000,3.0,26.0,SAFE
2026-08-26T10:43:24.395Z,21.57,26.57,0.000,2.540,-7.155,6.079,-7.157,6.822,6.068,0.000,Worker_1,9.571,8.722,16.938,0,0,1,3.280,4.760,3.000,3.000,3.0,26.0,SAFE
2026-08-26T10:43:24.395Z,21.57,26.57,0.000,2.540,-7.155,6.079,-7.157,6.822,6.068,0.000,Worker_2,-4.290,-3.740,10.218,0,0,1,3.280,4.760,3.000,3.000,3.0,26.0,SAFE
2026-08-26T10:43:24.395Z,21.57,26.57,0.000,2.540,-7.155,6.079,-7.157,6.822,6.068,0.000,Worker_3,3.640,-7.120,17.044,0,0,1,3.280,4.760,3.000,3.000,3.0,26.0,SAFE
2026-08-26T10:43:24.513Z,21.69,26.57,0.000,2.540,-7.155,6.079,-7.157,6.822,6.068,0.000,Worker_1,9.472,8.745,16.844,0,0,1,3.280,4.760,3.000,3.000,3.0,26.0,SAFE
2026-08-26T10:43:24.513Z,21.69,26.57,0.000,2.540,-7.155,6.079,-7.157,6.822,6.068,0.000,Worker_2,-4.290,-3.740,10.218,0,0,1,3.280,4.760,3.000,3.000,3.0,26.0,SAFE
2026-08-26T10:43:24.513Z,21.69,26.57,0.000,2.540,-7.155,6.079,-7.157,6.822,6.068,0.000,Worker_3,3.640,-7.120,17.044,0,0,1,3.280,4.760,3.000,3.000,3.0,26.0,SAFE
2026-08-26T10:43:24.628Z,21.80,26.57,0.000,2.540,-7.155,6.079,-7.157,6.822,6.068,0.000,Worker_1,9.248,8.798,16.631,0,0,1,3.280,4.760,3.000,3.000,3.0,26.0,SAFE
2026-08-26T10:43:24.628Z,21.80,26.57,0.000,2.540,-7.155,6.079,-7.157,6.822,6.068,0.000,Worker_2,-4.290,-3.740,10.218,0,0,1,3.280,4.760,3.000,3.000,3.0,26.0,SAFE
2026-08-26T10:43:24.628Z,21.80,26.57,0.000,2.540,-7.155,6.079,-7.157,6.822,6.068,0.000,Worker_3,3.640,-7.120,17.044,0,0,1,3.280,4.760,3.000,3.000,3.0,26.0,SAFE
2026-08-26T10:43:24.731Z,21.91,26.57,0.000,2.540,-7.155,6.079,-7.157,6.822,6.068,0.000,Worker_1,9.048,8.845,16.442,0,0,1,3.280,4.760,3.000,3.000,3.0,26.0,SAFE
2026-08-26T10:43:24.731Z,21.91,26.57,0.000,2.540,-7.155,6.079,-7.157,6.822,6.068,0.000,Worker_2,-4.290,-3.740,10.218,0,0,1,3.280,4.760,3.000,3.000,3.0,26.0,SAFE
2026-08-26T10:43:24.731Z,21.91,26.57,0.000,2.540,-7.155,6.079,-7.157,6.822,6.068,0.000,Worker_3,3.640,-7.120,17.044,0,0,1,3.280,4.760,3.000,3.000,3.0,26.0,SAFE
2026-08-26T10:43:24.847Z,22.02,26.57,0.000,2.540,-7.155,6.079,-7.157,6.822,6.068,0.000,Worker_1,8.821,8.899,16.228,0,0,1,3.280,4.760,3.000,3.000,3.0,26.0,SAFE
2026-08-26T10:43:24.847Z,22.02,26.57,0.000,2.540,-7.155,6.079,-7.157,6.822,6.068,0.000,Worker_2,-4.290,-3.740,10.218,0,0,1,3.280,4.760,3.000,3.000,3.0,26.0,SAFE
2026-08-26T10:43:24.847Z,22.02,26.57,0.000,2.540,-7.155,6.079,-7.157,6.822,6.068,0.000,Worker_3,3.640,-7.120,17.044,0,0,1,3.280,4.760,3.000,3.000,3.0,26.0,SAFE
2026-08-26T10:43:24.980Z,22.15,26.57,0.000,2.540,-7.155,6.079,-7.157,6.822,6.068,0.000,Worker_1,8.564,8.959,15.985,0,0,1,3.280,4.760,3.000,3.000,3.0,26.0,SAFE
2026-08-26T10:43:24.980Z,22.15,26.57,0.000,2.540,-7.155,6.079,-7.157,6.822,6.068,0.000,Worker_2,-4.290,-3.740,10.218,0,0,1,3.280,4.760,3.000,3.000,3.0,26.0,SAFE
2026-08-26T10:43:24.980Z,22.15,26.57,0.000,2.540,-7.155,6.079,-7.157,6.822,6.068,0.000,Worker_3,3.640,-7.120,17.044,0,0,1,3.280,4.760,3.000,3.000,3.0,26.0,SAFE
2026-08-26T10:43:25.095Z,22.27,26.57,0.000,2.540,-7.155,6.079,-7.157,6.822,6.068,0.000,Worker_1,8.339,9.012,15.774,0,0,1,3.280,4.760,3.000,3.000,3.0,26.0,SAFE
2026-08-26T10:43:25.095Z,22.27,26.57,0.000,2.540,-7.155,6.079,-7.157,6.822,6.068,0.000,Worker_2,-4.290,-3.740,10.218,0,0,1,3.280,4.760,3.000,3.000,3.0,26.0,SAFE
2026-08-26T10:43:25.095Z,22.27,26.57,0.000,2.540,-7.155,6.079,-7.157,6.822,6.068,0.000,Worker_3,3.640,-7.120,17.044,0,0,1,3.280,4.760,3.000,3.000,3.0,26.0,SAFE
2026-08-26T10:43:25.211Z,22.39,26.57,0.000,2.540,-7.155,6.079,-7.157,6.822,6.068,0.000,Worker_1,8.113,9.066,15.562,0,0,1,3.280,4.760,3.000,3.000,3.0,26.0,SAFE
2026-08-26T10:43:25.211Z,22.39,26.57,0.000,2.540,-7.155,6.079,-7.157,6.822,6.068,0.000,Worker_2,-4.290,-3.740,10.218,0,0,1,3.280,4.760,3.000,3.000,3.0,26.0,SAFE
2026-08-26T10:43:25.211Z,22.39,26.57,0.000,2.540,-7.155,6.079,-7.157,6.822,6.068,0.000,Worker_3,3.640,-7.120,17.044,0,0,1,3.280,4.760,3.000,3.000,3.0,26.0,SAFE
2026-08-26T10:43:25.327Z,22.50,26.57,0.000,2.540,-7.155,6.079,-7.157,6.822,6.068,0.000,Worker_1,7.887,9.119,15.351,0,0,1,3.280,4.760,3.000,3.000,3.0,26.0,SAFE
2026-08-26T10:43:25.327Z,22.50,26.57,0.000,2.540,-7.155,6.079,-7.157,6.822,6.068,0.000,Worker_2,-4.290,-3.740,10.218,0,0,1,3.280,4.760,3.000,3.000,3.0,26.0,SAFE
2026-08-26T10:43:25.327Z,22.50,26.57,0.000,2.540,-7.155,6.079,-7.157,6.822,6.068,0.000,Worker_3,3.640,-7.120,17.044,0,0,1,3.280,4.760,3.000,3.000,3.0,26.0,SAFE
2026-08-26T10:43:25.428Z,22.60,26.57,0.000,2.540,-7.155,6.079,-7.157,6.822,6.068,0.000,Worker_1,7.692,9.165,15.169,0,0,1,3.280,4.760,3.000,3.000,3.0,26.0,SAFE
2026-08-26T10:43:25.428Z,22.60,26.57,0.000,2.540,-7.155,6.079,-7.157,6.822,6.068,0.000,Worker_2,-4.290,-3.740,10.218,0,0,1,3.280,4.760,3.000,3.000,3.0,26.0,SAFE
2026-08-26T10:43:25.428Z,22.60,26.57,0.000,2.540,-7.155,6.079,-7.157,6.822,6.068,0.000,Worker_3,3.640,-7.120,17.044,0,0,1,3.280,4.760,3.000,3.000,3.0,26.0,SAFE
2026-08-26T10:43:25.543Z,22.72,26.57,0.000,2.540,-7.155,6.079,-7.157,6.822,6.068,0.000,Worker_1,7.465,9.218,14.958,0,0,1,3.280,4.760,3.000,3.000,3.0,26.0,SAFE
2026-08-26T10:43:25.543Z,22.72,26.57,0.000,2.540,-7.155,6.079,-7.157,6.822,6.068,0.000,Worker_2,-4.290,-3.740,10.218,0,0,1,3.280,4.760,3.000,3.000,3.0,26.0,SAFE
2026-08-26T10:43:25.543Z,22.72,26.57,0.000,2.540,-7.155,6.079,-7.157,6.822,6.068,0.000,Worker_3,3.640,-7.120,17.044,0,0,1,3.280,4.760,3.000,3.000,3.0,26.0,SAFE
2026-08-26T10:43:25.644Z,22.82,26.57,0.000,2.540,-7.155,6.079,-7.157,6.822,6.068,0.000,Worker_1,7.270,9.264,14.777,0,0,1,3.280,4.760,3.000,3.000,3.0,26.0,SAFE
2026-08-26T10:43:25.644Z,22.82,26.57,0.000,2.540,-7.155,6.079,-7.157,6.822,6.068,0.000,Worker_2,-4.290,-3.740,10.218,0,0,1,3.280,4.760,3.000,3.000,3.0,26.0,SAFE
2026-08-26T10:43:25.644Z,22.82,26.57,0.000,2.540,-7.155,6.079,-7.157,6.822,6.068,0.000,Worker_3,3.640,-7.120,17.044,0,0,1,3.280,4.760,3.000,3.000,3.0,26.0,SAFE
2026-08-26T10:43:25.745Z,22.92,26.57,0.000,2.540,-7.155,6.079,-7.157,6.822,6.068,0.000,Worker_1,7.073,9.310,14.595,0,0,1,3.280,4.760,3.000,3.000,3.0,26.0,SAFE
2026-08-26T10:43:25.745Z,22.92,26.57,0.000,2.540,-7.155,6.079,-7.157,6.822,6.068,0.000,Worker_2,-4.290,-3.740,10.218,0,0,1,3.280,4.760,3.000,3.000,3.0,26.0,SAFE
2026-08-26T10:43:25.745Z,22.92,26.57,0.000,2.540,-7.155,6.079,-7.157,6.822,6.068,0.000,Worker_3,3.640,-7.120,17.044,0,0,1,3.280,4.760,3.000,3.000,3.0,26.0,SAFE
2026-08-26T10:43:25.859Z,23.03,26.57,0.000,2.540,-7.155,6.079,-7.157,6.822,6.068,0.000,Worker_1,6.851,9.363,14.390,0,0,1,3.280,4.760,3.000,3.000,3.0,26.0,SAFE
2026-08-26T10:43:25.859Z,23.03,26.57,0.000,2.540,-7.155,6.079,-7.157,6.822,6.068,0.000,Worker_2,-4.290,-3.740,10.218,0,0,1,3.280,4.760,3.000,3.000,3.0,26.0,SAFE
2026-08-26T10:43:25.859Z,23.03,26.57,0.000,2.540,-7.155,6.079,-7.157,6.822,6.068,0.000,Worker_3,3.640,-7.120,17.044,0,0,1,3.280,4.760,3.000,3.000,3.0,26.0,SAFE
2026-08-26T10:43:25.960Z,23.14,26.57,0.000,2.540,-7.155,6.079,-7.157,6.822,6.068,0.000,Worker_1,6.656,9.409,14.212,0,0,1,3.280,4.760,3.000,3.000,3.0,26.0,SAFE
2026-08-26T10:43:25.960Z,23.14,26.57,0.000,2.540,-7.155,6.079,-7.157,6.822,6.068,0.000,Worker_2,-4.290,-3.740,10.218,0,0,1,3.280,4.760,3.000,3.000,3.0,26.0,SAFE
2026-08-26T10:43:25.960Z,23.14,26.57,0.000,2.540,-7.155,6.079,-7.157,6.822,6.068,0.000,Worker_3,3.640,-7.120,17.044,0,0,1,3.280,4.760,3.000,3.000,3.0,26.0,SAFE
2026-08-26T10:43:26.075Z,23.25,26.57,0.000,2.540,-7.155,6.079,-7.157,6.822,6.068,0.000,Worker_1,6.431,9.462,14.006,0,0,1,3.280,4.760,3.000,3.000,3.0,26.0,SAFE
2026-08-26T10:43:26.075Z,23.25,26.57,0.000,2.540,-7.155,6.079,-7.157,6.822,6.068,0.000,Worker_2,-4.290,-3.740,10.218,0,0,1,3.280,4.760,3.000,3.000,3.0,26.0,SAFE
2026-08-26T10:43:26.075Z,23.25,26.57,0.000,2.540,-7.155,6.079,-7.157,6.822,6.068,0.000,Worker_3,3.640,-7.120,17.044,0,0,1,3.280,4.760,3.000,3.000,3.0,26.0,SAFE
2026-08-26T10:43:26.175Z,23.35,26.57,0.000,2.540,-7.155,6.079,-7.157,6.822,6.068,0.000,Worker_1,6.236,9.508,13.828,0,0,1,3.280,4.760,3.000,3.000,3.0,26.0,SAFE
2026-08-26T10:43:26.175Z,23.35,26.57,0.000,2.540,-7.155,6.079,-7.157,6.822,6.068,0.000,Worker_2,-4.290,-3.740,10.218,0,0,1,3.280,4.760,3.000,3.000,3.0,26.0,SAFE
2026-08-26T10:43:26.175Z,23.35,26.57,0.000,2.540,-7.155,6.079,-7.157,6.822,6.068,0.000,Worker_3,3.640,-7.120,17.044,0,0,1,3.280,4.760,3.000,3.000,3.0,26.0,SAFE
2026-08-26T10:43:26.277Z,23.45,26.57,0.000,2.540,-7.155,6.079,-7.157,6.822,6.068,0.000,Worker_1,6.039,9.554,13.649,0,0,1,3.280,4.760,3.000,3.000,3.0,26.0,SAFE
2026-08-26T10:43:26.277Z,23.45,26.57,0.000,2.540,-7.155,6.079,-7.157,6.822,6.068,0.000,Worker_2,-4.290,-3.740,10.218,0,0,1,3.280,4.760,3.000,3.000,3.0,26.0,SAFE
2026-08-26T10:43:26.277Z,23.45,26.57,0.000,2.540,-7.155,6.079,-7.157,6.822,6.068,0.000,Worker_3,3.640,-7.120,17.044,0,0,1,3.280,4.760,3.000,3.000,3.0,26.0,SAFE
2026-08-26T10:43:26.376Z,23.55,26.57,0.000,2.540,-7.155,6.079,-7.157,6.822,6.068,0.000,Worker_1,5.844,9.600,13.473,0,0,1,3.280,4.760,3.000,3.000,3.0,26.0,SAFE
2026-08-26T10:43:26.376Z,23.55,26.57,0.000,2.540,-7.155,6.079,-7.157,6.822,6.068,0.000,Worker_2,-4.290,-3.740,10.218,0,0,1,3.280,4.760,3.000,3.000,3.0,26.0,SAFE
2026-08-26T10:43:26.376Z,23.55,26.57,0.000,2.540,-7.155,6.079,-7.157,6.822,6.068,0.000,Worker_3,3.640,-7.120,17.044,0,0,1,3.280,4.760,3.000,3.000,3.0,26.0,SAFE
2026-08-26T10:43:26.478Z,23.65,26.57,0.000,2.540,-7.155,6.079,-7.157,6.822,6.068,0.000,Worker_1,5.648,9.646,13.296,0,0,1,3.280,4.760,3.000,3.000,3.0,26.0,SAFE
2026-08-26T10:43:26.478Z,23.65,26.57,0.000,2.540,-7.155,6.079,-7.157,6.822,6.068,0.000,Worker_2,-4.290,-3.740,10.218,0,0,1,3.280,4.760,3.000,3.000,3.0,26.0,SAFE
2026-08-26T10:43:26.478Z,23.65,26.57,0.000,2.540,-7.155,6.079,-7.157,6.822,6.068,0.000,Worker_3,3.640,-7.120,17.044,0,0,1,3.280,4.760,3.000,3.000,3.0,26.0,SAFE
2026-08-26T10:43:26.592Z,23.77,26.57,0.000,2.540,-7.155,6.079,-7.157,6.822,6.068,0.000,Worker_1,5.423,9.699,13.095,0,0,1,3.280,4.760,3.000,3.000,3.0,26.0,SAFE
2026-08-26T10:43:26.592Z,23.77,26.57,0.000,2.540,-7.155,6.079,-7.157,6.822,6.068,0.000,Worker_2,-4.290,-3.740,10.218,0,0,1,3.280,4.760,3.000,3.000,3.0,26.0,SAFE
2026-08-26T10:43:26.592Z,23.77,26.57,0.000,2.540,-7.155,6.079,-7.157,6.822,6.068,0.000,Worker_3,3.640,-7.120,17.044,0,0,1,3.280,4.760,3.000,3.000,3.0,26.0,SAFE
2026-08-26T10:43:26.711Z,23.89,26.57,0.000,2.540,-7.155,6.079,-7.157,6.822,6.068,0.000,Worker_1,5.194,9.753,12.889,0,0,1,3.280,4.760,3.000,3.000,3.0,26.0,SAFE
2026-08-26T10:43:26.711Z,23.89,26.57,0.000,2.540,-7.155,6.079,-7.157,6.822,6.068,0.000,Worker_2,-4.290,-3.740,10.218,0,0,1,3.280,4.760,3.000,3.000,3.0,26.0,SAFE
2026-08-26T10:43:26.711Z,23.89,26.57,0.000,2.540,-7.155,6.079,-7.157,6.822,6.068,0.000,Worker_3,3.640,-7.120,17.044,0,0,1,3.280,4.760,3.000,3.000,3.0,26.0,SAFE
2026-08-26T10:43:26.827Z,24.00,26.57,0.000,2.540,-7.155,6.079,-7.157,6.822,6.068,0.000,Worker_1,4.967,9.806,12.688,0,0,1,3.280,4.760,3.000,3.000,3.0,26.0,SAFE
2026-08-26T10:43:26.827Z,24.00,26.57,0.000,2.540,-7.155,6.079,-7.157,6.822,6.068,0.000,Worker_2,-4.290,-3.740,10.218,0,0,1,3.280,4.760,3.000,3.000,3.0,26.0,SAFE
2026-08-26T10:43:26.827Z,24.00,26.57,0.000,2.540,-7.155,6.079,-7.157,6.822,6.068,0.000,Worker_3,3.640,-7.120,17.044,0,0,1,3.280,4.760,3.000,3.000,3.0,26.0,SAFE
2026-08-26T10:43:26.943Z,24.12,26.57,0.000,2.540,-7.155,6.079,-7.157,6.822,6.068,0.000,Worker_1,4.742,9.859,12.489,0,0,1,3.280,4.760,3.000,3.000,3.0,26.0,SAFE
2026-08-26T10:43:26.943Z,24.12,26.57,0.000,2.540,-7.155,6.079,-7.157,6.822,6.068,0.000,Worker_2,-4.290,-3.740,10.218,0,0,1,3.280,4.760,3.000,3.000,3.0,26.0,SAFE
2026-08-26T10:43:26.943Z,24.12,26.57,0.000,2.540,-7.155,6.079,-7.157,6.822,6.068,0.000,Worker_3,3.640,-7.120,17.044,0,0,1,3.280,4.760,3.000,3.000,3.0,26.0,SAFE
2026-08-26T10:43:27.058Z,24.23,26.57,0.000,2.540,-7.155,6.079,-7.157,6.822,6.068,0.000,Worker_1,4.516,9.913,12.291,0,0,1,3.280,4.760,3.000,3.000,3.0,26.0,SAFE
2026-08-26T10:43:27.058Z,24.23,26.57,0.000,2.540,-7.155,6.079,-7.157,6.822,6.068,0.000,Worker_2,-4.290,-3.740,10.218,0,0,1,3.280,4.760,3.000,3.000,3.0,26.0,SAFE
2026-08-26T10:43:27.058Z,24.23,26.57,0.000,2.540,-7.155,6.079,-7.157,6.822,6.068,0.000,Worker_3,3.640,-7.120,17.044,0,0,1,3.280,4.760,3.000,3.000,3.0,26.0,SAFE
2026-08-26T10:43:27.192Z,24.37,26.57,0.000,2.540,-7.155,6.079,-7.157,6.822,6.068,0.000,Worker_1,4.257,9.974,12.064,0,0,1,3.280,4.760,3.000,3.000,3.0,26.0,SAFE
2026-08-26T10:43:27.192Z,24.37,26.57,0.000,2.540,-7.155,6.079,-7.157,6.822,6.068,0.000,Worker_2,-4.290,-3.740,10.218,0,0,1,3.280,4.760,3.000,3.000,3.0,26.0,SAFE
2026-08-26T10:43:27.192Z,24.37,26.57,0.000,2.540,-7.155,6.079,-7.157,6.822,6.068,0.000,Worker_3,3.640,-7.120,17.044,0,0,1,3.280,4.760,3.000,3.000,3.0,26.0,SAFE
2026-08-26T10:43:27.293Z,24.47,26.57,0.000,2.540,-7.155,6.079,-7.157,6.822,6.068,0.000,Worker_1,4.061,10.020,11.895,0,0,1,3.280,4.760,3.000,3.000,3.0,26.0,SAFE
2026-08-26T10:43:27.293Z,24.47,26.57,0.000,2.540,-7.155,6.079,-7.157,6.822,6.068,0.000,Worker_2,-4.290,-3.740,10.218,0,0,1,3.280,4.760,3.000,3.000,3.0,26.0,SAFE
2026-08-26T10:43:27.293Z,24.47,26.57,0.000,2.540,-7.155,6.079,-7.157,6.822,6.068,0.000,Worker_3,3.640,-7.120,17.044,0,0,1,3.280,4.760,3.000,3.000,3.0,26.0,SAFE
2026-08-26T10:43:27.393Z,24.57,26.57,0.000,2.540,-7.155,6.079,-7.157,6.822,6.068,0.000,Worker_1,3.865,10.066,11.725,0,0,1,3.280,4.760,3.000,3.000,3.0,26.0,SAFE
2026-08-26T10:43:27.393Z,24.57,26.57,0.000,2.540,-7.155,6.079,-7.157,6.822,6.068,0.000,Worker_2,-4.290,-3.740,10.218,0,0,1,3.280,4.760,3.000,3.000,3.0,26.0,SAFE
2026-08-26T10:43:27.393Z,24.57,26.57,0.000,2.540,-7.155,6.079,-7.157,6.822,6.068,0.000,Worker_3,3.640,-7.120,17.044,0,0,1,3.280,4.760,3.000,3.000,3.0,26.0,SAFE
2026-08-26T10:43:27.509Z,24.68,26.57,0.000,2.540,-7.155,6.079,-7.157,6.822,6.068,0.000,Worker_1,3.640,10.119,11.533,0,0,1,3.280,4.760,3.000,3.000,3.0,26.0,SAFE
2026-08-26T10:43:27.509Z,24.68,26.57,0.000,2.540,-7.155,6.079,-7.157,6.822,6.068,0.000,Worker_2,-4.290,-3.740,10.218,0,0,1,3.280,4.760,3.000,3.000,3.0,26.0,SAFE
2026-08-26T10:43:27.509Z,24.68,26.57,0.000,2.540,-7.155,6.079,-7.157,6.822,6.068,0.000,Worker_3,3.640,-7.120,17.044,0,0,1,3.280,4.760,3.000,3.000,3.0,26.0,SAFE
2026-08-26T10:43:27.627Z,24.80,26.57,0.000,2.540,-7.155,6.079,-7.157,6.822,6.068,0.000,Worker_1,3.410,10.173,11.337,0,0,1,3.280,4.760,3.000,3.000,3.0,26.0,SAFE
2026-08-26T10:43:27.627Z,24.80,26.57,0.000,2.540,-7.155,6.079,-7.157,6.822,6.068,0.000,Worker_2,-4.290,-3.740,10.218,0,0,1,3.280,4.760,3.000,3.000,3.0,26.0,SAFE
2026-08-26T10:43:27.627Z,24.80,26.57,0.000,2.540,-7.155,6.079,-7.157,6.822,6.068,0.000,Worker_3,3.640,-7.120,17.044,0,0,1,3.280,4.760,3.000,3.000,3.0,26.0,SAFE
2026-08-26T10:43:27.741Z,24.92,26.57,0.000,2.540,-7.155,6.079,-7.157,6.822,6.068,0.000,Worker_1,3.187,10.226,11.149,0,0,1,3.280,4.760,3.000,3.000,3.0,26.0,SAFE
2026-08-26T10:43:27.741Z,24.92,26.57,0.000,2.540,-7.155,6.079,-7.157,6.822,6.068,0.000,Worker_2,-4.290,-3.740,10.218,0,0,1,3.280,4.760,3.000,3.000,3.0,26.0,SAFE
2026-08-26T10:43:27.741Z,24.92,26.57,0.000,2.540,-7.155,6.079,-7.157,6.822,6.068,0.000,Worker_3,3.640,-7.120,17.044,0,0,1,3.280,4.760,3.000,3.000,3.0,26.0,SAFE
2026-08-26T10:43:27.859Z,25.03,26.57,0.000,2.540,-7.155,6.079,-7.157,6.822,6.068,0.000,Worker_1,2.957,10.280,10.957,0,0,1,3.280,4.760,3.000,3.000,3.0,26.0,SAFE
2026-08-26T10:43:27.859Z,25.03,26.57,0.000,2.540,-7.155,6.079,-7.157,6.822,6.068,0.000,Worker_2,-4.290,-3.740,10.218,0,0,1,3.280,4.760,3.000,3.000,3.0,26.0,SAFE
2026-08-26T10:43:27.859Z,25.03,26.57,0.000,2.540,-7.155,6.079,-7.157,6.822,6.068,0.000,Worker_3,3.640,-7.120,17.044,0,0,1,3.280,4.760,3.000,3.000,3.0,26.0,SAFE
2026-08-26T10:43:27.991Z,25.17,26.57,0.000,2.540,-7.155,6.079,-7.157,6.822,6.068,0.000,Worker_1,2.700,10.340,10.743,0,0,1,3.280,4.760,3.000,3.000,3.0,26.0,SAFE
2026-08-26T10:43:27.991Z,25.17,26.57,0.000,2.540,-7.155,6.079,-7.157,6.822,6.068,0.000,Worker_2,-4.290,-3.740,10.218,0,0,1,3.280,4.760,3.000,3.000,3.0,26.0,SAFE
2026-08-26T10:43:27.991Z,25.17,26.57,0.000,2.540,-7.155,6.079,-7.157,6.822,6.068,0.000,Worker_3,3.640,-7.120,17.044,0,0,1,3.280,4.760,3.000,3.000,3.0,26.0,SAFE
2026-08-26T10:43:28.109Z,25.28,26.57,0.000,2.540,-7.155,6.079,-7.157,6.822,6.068,0.000,Worker_1,2.472,10.394,10.557,0,0,1,3.280,4.760,3.000,3.000,3.0,26.0,SAFE
2026-08-26T10:43:28.109Z,25.28,26.57,0.000,2.540,-7.155,6.079,-7.157,6.822,6.068,0.000,Worker_2,-4.290,-3.740,10.218,0,0,1,3.280,4.760,3.000,3.000,3.0,26.0,SAFE
2026-08-26T10:43:28.109Z,25.28,26.57,0.000,2.540,-7.155,6.079,-7.157,6.822,6.068,0.000,Worker_3,3.640,-7.120,17.044,0,0,1,3.280,4.760,3.000,3.000,3.0,26.0,SAFE
2026-08-26T10:43:28.242Z,25.42,26.57,0.000,2.540,-7.155,6.079,-7.157,6.822,6.068,0.000,Worker_1,2.215,10.455,10.348,0,0,1,3.280,4.760,3.000,3.000,3.0,26.0,SAFE
2026-08-26T10:43:28.242Z,25.42,26.57,0.000,2.540,-7.155,6.079,-7.157,6.822,6.068,0.000,Worker_2,-4.290,-3.740,10.218,0,0,1,3.280,4.760,3.000,3.000,3.0,26.0,SAFE
2026-08-26T10:43:28.242Z,25.42,26.57,0.000,2.540,-7.155,6.079,-7.157,6.822,6.068,0.000,Worker_3,3.640,-7.120,17.044,0,0,1,3.280,4.760,3.000,3.000,3.0,26.0,SAFE
2026-08-26T10:43:28.341Z,25.52,26.57,0.000,2.540,-7.155,6.079,-7.157,6.822,6.068,0.000,Worker_1,2.018,10.501,10.191,0,0,1,3.280,4.760,3.000,3.000,3.0,26.0,SAFE
2026-08-26T10:43:28.341Z,25.52,26.57,0.000,2.540,-7.155,6.079,-7.157,6.822,6.068,0.000,Worker_2,-4.290,-3.740,10.218,0,0,1,3.280,4.760,3.000,3.000,3.0,26.0,SAFE
2026-08-26T10:43:28.341Z,25.52,26.57,0.000,2.540,-7.155,6.079,-7.157,6.822,6.068,0.000,Worker_3,3.640,-7.120,17.044,0,0,1,3.280,4.760,3.000,3.000,3.0,26.0,SAFE
2026-08-26T10:43:28.474Z,25.65,26.57,0.000,2.540,-7.155,6.079,-7.157,6.822,6.068,0.000,Worker_1,1.761,10.561,9.986,0,0,0,3.280,4.760,3.000,3.000,3.0,26.0,SAFE
2026-08-26T10:43:28.474Z,25.65,26.57,0.000,2.540,-7.155,6.079,-7.157,6.822,6.068,0.000,Worker_2,-4.290,-3.740,10.218,0,0,1,3.280,4.760,3.000,3.000,3.0,26.0,SAFE
2026-08-26T10:43:28.474Z,25.65,26.57,0.000,2.540,-7.155,6.079,-7.157,6.822,6.068,0.000,Worker_3,3.640,-7.120,17.044,0,0,1,3.280,4.760,3.000,3.000,3.0,26.0,SAFE
2026-08-26T10:43:28.575Z,25.75,26.57,0.000,2.540,-7.155,6.079,-7.157,6.822,6.068,0.000,Worker_1,1.562,10.608,9.831,0,0,0,3.280,4.760,3.000,3.000,3.0,26.0,SAFE
2026-08-26T10:43:28.575Z,25.75,26.57,0.000,2.540,-7.155,6.079,-7.157,6.822,6.068,0.000,Worker_2,-4.290,-3.740,10.218,0,0,1,3.280,4.760,3.000,3.000,3.0,26.0,SAFE
2026-08-26T10:43:28.575Z,25.75,26.57,0.000,2.540,-7.155,6.079,-7.157,6.822,6.068,0.000,Worker_3,3.640,-7.120,17.044,0,0,1,3.280,4.760,3.000,3.000,3.0,26.0,SAFE
2026-08-26T10:43:28.707Z,25.88,26.57,0.000,2.540,-7.155,6.079,-7.157,6.822,6.068,0.000,Worker_1,1.308,10.668,9.634,0,0,0,3.280,4.760,3.000,3.000,3.0,26.0,SAFE
2026-08-26T10:43:28.707Z,25.88,26.57,0.000,2.540,-7.155,6.079,-7.157,6.822,6.068,0.000,Worker_2,-4.290,-3.740,10.218,0,0,1,3.280,4.760,3.000,3.000,3.0,26.0,SAFE
2026-08-26T10:43:28.707Z,25.88,26.57,0.000,2.540,-7.155,6.079,-7.157,6.822,6.068,0.000,Worker_3,3.640,-7.120,17.044,0,0,1,3.280,4.760,3.000,3.000,3.0,26.0,SAFE
2026-08-26T10:43:28.808Z,25.98,26.57,0.000,2.540,-7.155,6.079,-7.157,6.822,6.068,0.000,Worker_1,1.112,10.714,9.485,0,0,0,3.280,4.760,3.000,3.000,3.0,26.0,SAFE
2026-08-26T10:43:28.808Z,25.98,26.57,0.000,2.540,-7.155,6.079,-7.157,6.822,6.068,0.000,Worker_2,-4.290,-3.740,10.218,0,0,1,3.280,4.760,3.000,3.000,3.0,26.0,SAFE
2026-08-26T10:43:28.808Z,25.98,26.57,0.000,2.540,-7.155,6.079,-7.157,6.822,6.068,0.000,Worker_3,3.640,-7.120,17.044,0,0,1,3.280,4.760,3.000,3.000,3.0,26.0,SAFE
2026-08-26T10:43:28.907Z,26.08,26.57,0.000,2.540,-7.155,6.079,-7.157,6.822,6.068,0.000,Worker_1,0.917,10.760,9.339,0,0,0,3.280,4.760,3.000,3.000,3.0,26.0,SAFE
2026-08-26T10:43:28.907Z,26.08,26.57,0.000,2.540,-7.155,6.079,-7.157,6.822,6.068,0.000,Worker_2,-4.290,-3.740,10.218,0,0,1,3.280,4.760,3.000,3.000,3.0,26.0,SAFE
2026-08-26T10:43:28.907Z,26.08,26.57,0.000,2.540,-7.155,6.079,-7.157,6.822,6.068,0.000,Worker_3,3.640,-7.120,17.044,0,0,1,3.280,4.760,3.000,3.000,3.0,26.0,SAFE
2026-08-26T10:43:29.007Z,26.18,26.57,0.000,2.540,-7.155,6.079,-7.157,6.822,6.068,0.000,Worker_1,0.722,10.806,9.194,0,0,0,3.280,4.760,3.000,3.000,3.0,26.0,SAFE
2026-08-26T10:43:29.007Z,26.18,26.57,0.000,2.540,-7.155,6.079,-7.157,6.822,6.068,0.000,Worker_2,-4.290,-3.740,10.218,0,0,1,3.280,4.760,3.000,3.000,3.0,26.0,SAFE
2026-08-26T10:43:29.007Z,26.18,26.57,0.000,2.540,-7.155,6.079,-7.157,6.822,6.068,0.000,Worker_3,3.640,-7.120,17.044,0,0,1,3.280,4.760,3.000,3.000,3.0,26.0,SAFE
2026-08-26T10:43:29.140Z,26.32,26.57,0.000,2.540,-7.155,6.079,-7.157,6.822,6.068,0.000,Worker_1,0.465,10.867,9.007,0,0,0,3.280,4.760,3.000,3.000,3.0,26.0,SAFE
2026-08-26T10:43:29.140Z,26.32,26.57,0.000,2.540,-7.155,6.079,-7.157,6.822,6.068,0.000,Worker_2,-4.290,-3.740,10.218,0,0,1,3.280,4.760,3.000,3.000,3.0,26.0,SAFE
2026-08-26T10:43:29.140Z,26.32,26.57,0.000,2.540,-7.155,6.079,-7.157,6.822,6.068,0.000,Worker_3,3.640,-7.120,17.044,0,0,1,3.280,4.760,3.000,3.000,3.0,26.0,SAFE
2026-08-26T10:43:29.241Z,26.42,26.57,0.000,2.540,-7.155,6.079,-7.157,6.822,6.068,0.000,Worker_1,0.267,10.913,8.866,0,0,0,3.280,4.760,3.000,3.000,3.0,26.0,SAFE
2026-08-26T10:43:29.241Z,26.42,26.57,0.000,2.540,-7.155,6.079,-7.157,6.822,6.068,0.000,Worker_2,-4.290,-3.740,10.218,0,0,1,3.280,4.760,3.000,3.000,3.0,26.0,SAFE
2026-08-26T10:43:29.241Z,26.42,26.57,0.000,2.540,-7.155,6.079,-7.157,6.822,6.068,0.000,Worker_3,3.640,-7.120,17.044,0,0,1,3.280,4.760,3.000,3.000,3.0,26.0,SAFE
2026-08-26T10:43:29.356Z,26.53,26.57,0.000,2.540,-7.155,6.079,-7.157,6.822,6.068,0.000,Worker_1,0.044,10.966,8.709,0,0,0,3.280,4.760,3.000,3.000,3.0,26.0,SAFE
2026-08-26T10:43:29.356Z,26.53,26.57,0.000,2.540,-7.155,6.079,-7.157,6.822,6.068,0.000,Worker_2,-4.290,-3.740,10.218,0,0,1,3.280,4.760,3.000,3.000,3.0,26.0,SAFE
2026-08-26T10:43:29.356Z,26.53,26.57,0.000,2.540,-7.155,6.079,-7.157,6.822,6.068,0.000,Worker_3,3.640,-7.120,17.044,0,0,1,3.280,4.760,3.000,3.000,3.0,26.0,SAFE
2026-08-26T10:43:29.489Z,26.66,26.57,0.000,2.540,-7.155,6.079,-7.157,6.822,6.068,0.000,Worker_1,-0.216,11.027,8.531,0,0,0,3.280,4.760,3.000,3.000,3.0,26.0,SAFE
2026-08-26T10:43:29.489Z,26.66,26.57,0.000,2.540,-7.155,6.079,-7.157,6.822,6.068,0.000,Worker_2,-4.290,-3.740,10.218,0,0,1,3.280,4.760,3.000,3.000,3.0,26.0,SAFE
2026-08-26T10:43:29.489Z,26.66,26.57,0.000,2.540,-7.155,6.079,-7.157,6.822,6.068,0.000,Worker_3,3.640,-7.120,17.044,0,0,1,3.280,4.760,3.000,3.000,3.0,26.0,SAFE
2026-08-26T10:43:29.591Z,26.77,26.57,0.000,2.540,-7.155,6.079,-7.157,6.822,6.068,0.000,Worker_1,-0.414,11.074,8.399,0,0,0,3.280,4.760,3.000,3.000,3.0,26.0,SAFE
2026-08-26T10:43:29.591Z,26.77,26.57,0.000,2.540,-7.155,6.079,-7.157,6.822,6.068,0.000,Worker_2,-4.290,-3.740,10.218,0,0,1,3.280,4.760,3.000,3.000,3.0,26.0,SAFE
2026-08-26T10:43:29.591Z,26.77,26.57,0.000,2.540,-7.155,6.079,-7.157,6.822,6.068,0.000,Worker_3,3.640,-7.120,17.044,0,0,1,3.280,4.760,3.000,3.000,3.0,26.0,SAFE
2026-08-26T10:43:29.723Z,26.90,26.57,0.000,2.540,-7.155,6.079,-7.157,6.822,6.068,0.000,Worker_1,-0.670,11.134,8.231,0,0,0,3.280,4.760,3.000,3.000,3.0,26.0,SAFE
2026-08-26T10:43:29.723Z,26.90,26.57,0.000,2.540,-7.155,6.079,-7.157,6.822,6.068,0.000,Worker_2,-4.290,-3.740,10.218,0,0,1,3.280,4.760,3.000,3.000,3.0,26.0,SAFE
2026-08-26T10:43:29.723Z,26.90,26.57,0.000,2.540,-7.155,6.079,-7.157,6.822,6.068,0.000,Worker_3,3.640,-7.120,17.044,0,0,1,3.280,4.760,3.000,3.000,3.0,26.0,SAFE
2026-08-26T10:43:29.822Z,27.00,26.57,0.000,2.540,-7.155,6.079,-7.157,6.822,6.068,0.000,Worker_1,-0.865,11.180,8.107,0,0,0,3.280,4.760,3.000,3.000,3.0,26.0,SAFE
2026-08-26T10:43:29.822Z,27.00,26.57,0.000,2.540,-7.155,6.079,-7.157,6.822,6.068,0.000,Worker_2,-4.290,-3.740,10.218,0,0,1,3.280,4.760,3.000,3.000,3.0,26.0,SAFE
2026-08-26T10:43:29.822Z,27.00,26.57,0.000,2.540,-7.155,6.079,-7.157,6.822,6.068,0.000,Worker_3,3.640,-7.120,17.044,0,0,1,3.280,4.760,3.000,3.000,3.0,26.0,SAFE
2026-08-26T10:43:29.923Z,27.10,26.57,0.000,2.540,-7.155,6.079,-7.157,6.822,6.068,0.000,Worker_1,-1.061,11.226,7.986,0,0,0,3.280,4.760,3.000,3.000,3.0,26.0,SAFE
2026-08-26T10:43:29.923Z,27.10,26.57,0.000,2.540,-7.155,6.079,-7.157,6.822,6.068,0.000,Worker_2,-4.290,-3.740,10.218,0,0,1,3.280,4.760,3.000,3.000,3.0,26.0,SAFE
2026-08-26T10:43:29.923Z,27.10,26.57,0.000,2.540,-7.155,6.079,-7.157,6.822,6.068,0.000,Worker_3,3.640,-7.120,17.044,0,0,1,3.280,4.760,3.000,3.000,3.0,26.0,SAFE
2026-08-26T10:43:30.060Z,27.24,26.57,0.000,2.540,-7.155,6.079,-7.157,6.822,6.068,0.000,Worker_1,-1.326,11.288,7.827,0,0,0,3.280,4.760,3.000,3.000,3.0,26.0,SAFE
2026-08-26T10:43:30.060Z,27.24,26.57,0.000,2.540,-7.155,6.079,-7.157,6.822,6.068,0.000,Worker_2,-4.290,-3.740,10.218,0,0,1,3.280,4.760,3.000,3.000,3.0,26.0,SAFE
2026-08-26T10:43:30.060Z,27.24,26.57,0.000,2.540,-7.155,6.079,-7.157,6.822,6.068,0.000,Worker_3,3.640,-7.120,17.044,0,0,1,3.280,4.760,3.000,3.000,3.0,26.0,SAFE
2026-08-26T10:43:30.191Z,27.37,26.57,0.000,2.540,-7.155,6.079,-7.157,6.822,6.068,0.000,Worker_1,-1.130,11.242,7.944,0,0,0,3.280,4.760,3.000,3.000,3.0,26.0,SAFE
2026-08-26T10:43:30.191Z,27.37,26.57,0.000,2.540,-7.155,6.079,-7.157,6.822,6.068,0.000,Worker_2,-4.290,-3.740,10.218,0,0,1,3.280,4.760,3.000,3.000,3.0,26.0,SAFE
2026-08-26T10:43:30.191Z,27.37,26.57,0.000,2.540,-7.155,6.079,-7.157,6.822,6.068,0.000,Worker_3,3.640,-7.120,17.044,0,0,1,3.280,4.760,3.000,3.000,3.0,26.0,SAFE
2026-08-26T10:43:30.307Z,27.48,26.57,0.000,2.540,-7.155,6.079,-7.157,6.822,6.068,0.000,Worker_1,-0.903,11.189,8.084,0,0,0,3.280,4.760,3.000,3.000,3.0,26.0,SAFE
2026-08-26T10:43:30.307Z,27.48,26.57,0.000,2.540,-7.155,6.079,-7.157,6.822,6.068,0.000,Worker_2,-4.290,-3.740,10.218,0,0,1,3.280,4.760,3.000,3.000,3.0,26.0,SAFE
2026-08-26T10:43:30.307Z,27.48,26.57,0.000,2.540,-7.155,6.079,-7.157,6.822,6.068,0.000,Worker_3,3.640,-7.120,17.044,0,0,1,3.280,4.760,3.000,3.000,3.0,26.0,SAFE
2026-08-26T10:43:30.439Z,27.61,26.57,0.000,2.540,-7.155,6.079,-7.157,6.822,6.068,0.000,Worker_1,-0.646,11.128,8.247,0,0,0,3.280,4.760,3.000,3.000,3.0,26.0,SAFE
2026-08-26T10:43:30.439Z,27.61,26.57,0.000,2.540,-7.155,6.079,-7.157,6.822,6.068,0.000,Worker_2,-4.290,-3.740,10.218,0,0,1,3.280,4.760,3.000,3.000,3.0,26.0,SAFE
2026-08-26T10:43:30.439Z,27.61,26.57,0.000,2.540,-7.155,6.079,-7.157,6.822,6.068,0.000,Worker_3,3.640,-7.120,17.044,0,0,1,3.280,4.760,3.000,3.000,3.0,26.0,SAFE
2026-08-26T10:43:30.540Z,27.72,26.57,0.000,2.540,-7.155,6.079,-7.157,6.822,6.068,0.000,Worker_1,-0.449,11.082,8.375,0,0,0,3.280,4.760,3.000,3.000,3.0,26.0,SAFE
2026-08-26T10:43:30.540Z,27.72,26.57,0.000,2.540,-7.155,6.079,-7.157,6.822,6.068,0.000,Worker_2,-4.290,-3.740,10.218,0,0,1,3.280,4.760,3.000,3.000,3.0,26.0,SAFE
2026-08-26T10:43:30.540Z,27.72,26.57,0.000,2.540,-7.155,6.079,-7.157,6.822,6.068,0.000,Worker_3,3.640,-7.120,17.044,0,0,1,3.280,4.760,3.000,3.000,3.0,26.0,SAFE
2026-08-26T10:43:30.641Z,27.82,26.57,0.000,2.540,-7.155,6.079,-7.157,6.822,6.068,0.000,Worker_1,-0.253,11.036,8.506,0,0,0,3.280,4.760,3.000,3.000,3.0,26.0,SAFE
2026-08-26T10:43:30.641Z,27.82,26.57,0.000,2.540,-7.155,6.079,-7.157,6.822,6.068,0.000,Worker_2,-4.290,-3.740,10.218,0,0,1,3.280,4.760,3.000,3.000,3.0,26.0,SAFE
2026-08-26T10:43:30.641Z,27.82,26.57,0.000,2.540,-7.155,6.079,-7.157,6.822,6.068,0.000,Worker_3,3.640,-7.120,17.044,0,0,1,3.280,4.760,3.000,3.000,3.0,26.0,SAFE
2026-08-26T10:43:30.772Z,27.95,26.57,0.000,2.540,-7.155,6.079,-7.157,6.822,6.068,0.000,Worker_1,0.002,10.976,8.680,0,0,0,3.280,4.760,3.000,3.000,3.0,26.0,SAFE
2026-08-26T10:43:30.772Z,27.95,26.57,0.000,2.540,-7.155,6.079,-7.157,6.822,6.068,0.000,Worker_2,-4.290,-3.740,10.218,0,0,1,3.280,4.760,3.000,3.000,3.0,26.0,SAFE
2026-08-26T10:43:30.772Z,27.95,26.57,0.000,2.540,-7.155,6.079,-7.157,6.822,6.068,0.000,Worker_3,3.640,-7.120,17.044,0,0,1,3.280,4.760,3.000,3.000,3.0,26.0,SAFE
2026-08-26T10:43:30.873Z,28.05,26.57,0.000,2.540,-7.155,6.079,-7.157,6.822,6.068,0.000,Worker_1,0.197,10.930,8.817,0,0,0,3.280,4.760,3.000,3.000,3.0,26.0,SAFE
2026-08-26T10:43:30.873Z,28.05,26.57,0.000,2.540,-7.155,6.079,-7.157,6.822,6.068,0.000,Worker_2,-4.290,-3.740,10.218,0,0,1,3.280,4.760,3.000,3.000,3.0,26.0,SAFE
2026-08-26T10:43:30.873Z,28.05,26.57,0.000,2.540,-7.155,6.079,-7.157,6.822,6.068,0.000,Worker_3,3.640,-7.120,17.044,0,0,1,3.280,4.760,3.000,3.000,3.0,26.0,SAFE
2026-08-26T10:43:30.973Z,28.15,26.57,0.000,2.540,-7.155,6.079,-7.157,6.822,6.068,0.000,Worker_1,0.393,10.884,8.955,0,0,0,3.280,4.760,3.000,3.000,3.0,26.0,SAFE
2026-08-26T10:43:30.973Z,28.15,26.57,0.000,2.540,-7.155,6.079,-7.157,6.822,6.068,0.000,Worker_2,-4.290,-3.740,10.218,0,0,1,3.280,4.760,3.000,3.000,3.0,26.0,SAFE
2026-08-26T10:43:30.973Z,28.15,26.57,0.000,2.540,-7.155,6.079,-7.157,6.822,6.068,0.000,Worker_3,3.640,-7.120,17.044,0,0,1,3.280,4.760,3.000,3.000,3.0,26.0,SAFE
2026-08-26T10:43:31.087Z,28.26,26.57,0.000,2.540,-7.155,6.079,-7.157,6.822,6.068,0.000,Worker_1,0.616,10.831,9.117,0,0,0,3.280,4.760,3.000,3.000,3.0,26.0,SAFE
2026-08-26T10:43:31.087Z,28.26,26.57,0.000,2.540,-7.155,6.079,-7.157,6.822,6.068,0.000,Worker_2,-4.290,-3.740,10.218,0,0,1,3.280,4.760,3.000,3.000,3.0,26.0,SAFE
2026-08-26T10:43:31.087Z,28.26,26.57,0.000,2.540,-7.155,6.079,-7.157,6.822,6.068,0.000,Worker_3,3.640,-7.120,17.044,0,0,1,3.280,4.760,3.000,3.000,3.0,26.0,SAFE
2026-08-26T10:43:31.222Z,28.40,26.57,0.000,2.540,-7.155,6.079,-7.157,6.822,6.068,0.000,Worker_1,0.878,10.769,9.310,0,0,0,3.280,4.760,3.000,3.000,3.0,26.0,SAFE
2026-08-26T10:43:31.222Z,28.40,26.57,0.000,2.540,-7.155,6.079,-7.157,6.822,6.068,0.000,Worker_2,-4.290,-3.740,10.218,0,0,1,3.280,4.760,3.000,3.000,3.0,26.0,SAFE
2026-08-26T10:43:31.222Z,28.40,26.57,0.000,2.540,-7.155,6.079,-7.157,6.822,6.068,0.000,Worker_3,3.640,-7.120,17.044,0,0,1,3.280,4.760,3.000,3.000,3.0,26.0,SAFE
2026-08-26T10:43:31.339Z,28.51,26.57,0.000,2.540,-7.155,6.079,-7.157,6.822,6.068,0.000,Worker_1,1.106,10.716,9.481,0,0,0,3.280,4.760,3.000,3.000,3.0,26.0,SAFE
2026-08-26T10:43:31.339Z,28.51,26.57,0.000,2.540,-7.155,6.079,-7.157,6.822,6.068,0.000,Worker_2,-4.290,-3.740,10.218,0,0,1,3.280,4.760,3.000,3.000,3.0,26.0,SAFE
2026-08-26T10:43:31.339Z,28.51,26.57,0.000,2.540,-7.155,6.079,-7.157,6.822,6.068,0.000,Worker_3,3.640,-7.120,17.044,0,0,1,3.280,4.760,3.000,3.000,3.0,26.0,SAFE
2026-08-26T10:43:31.439Z,28.61,26.57,0.000,2.540,-7.155,6.079,-7.157,6.822,6.068,0.000,Worker_1,1.301,10.670,9.629,0,0,0,3.280,4.760,3.000,3.000,3.0,26.0,SAFE
2026-08-26T10:43:31.439Z,28.61,26.57,0.000,2.540,-7.155,6.079,-7.157,6.822,6.068,0.000,Worker_2,-4.290,-3.740,10.218,0,0,1,3.280,4.760,3.000,3.000,3.0,26.0,SAFE
2026-08-26T10:43:31.439Z,28.61,26.57,0.000,2.540,-7.155,6.079,-7.157,6.822,6.068,0.000,Worker_3,3.640,-7.120,17.044,0,0,1,3.280,4.760,3.000,3.000,3.0,26.0,SAFE
2026-08-26T10:43:31.571Z,28.75,26.57,0.000,2.540,-7.155,6.079,-7.157,6.822,6.068,0.000,Worker_1,1.559,10.609,9.828,0,0,0,3.280,4.760,3.000,3.000,3.0,26.0,SAFE
2026-08-26T10:43:31.571Z,28.75,26.57,0.000,2.540,-7.155,6.079,-7.157,6.822,6.068,0.000,Worker_2,-4.290,-3.740,10.218,0,0,1,3.280,4.760,3.000,3.000,3.0,26.0,SAFE
2026-08-26T10:43:31.571Z,28.75,26.57,0.000,2.540,-7.155,6.079,-7.157,6.822,6.068,0.000,Worker_3,3.640,-7.120,17.044,0,0,1,3.280,4.760,3.000,3.000,3.0,26.0,SAFE
2026-08-26T10:43:31.671Z,28.85,26.57,0.000,2.540,-7.155,6.079,-7.157,6.822,6.068,0.000,Worker_1,1.753,10.563,9.981,0,0,0,3.280,4.760,3.000,3.000,3.0,26.0,SAFE
2026-08-26T10:43:31.671Z,28.85,26.57,0.000,2.540,-7.155,6.079,-7.157,6.822,6.068,0.000,Worker_2,-4.290,-3.740,10.218,0,0,1,3.280,4.760,3.000,3.000,3.0,26.0,SAFE
2026-08-26T10:43:31.671Z,28.85,26.57,0.000,2.540,-7.155,6.079,-7.157,6.822,6.068,0.000,Worker_3,3.640,-7.120,17.044,0,0,1,3.280,4.760,3.000,3.000,3.0,26.0,SAFE
2026-08-26T10:43:31.773Z,28.95,26.57,0.000,2.540,-7.155,6.079,-7.157,6.822,6.068,0.000,Worker_1,1.951,10.517,10.137,0,0,0,3.280,4.760,3.000,3.000,3.0,26.0,SAFE
2026-08-26T10:43:31.773Z,28.95,26.57,0.000,2.540,-7.155,6.079,-7.157,6.822,6.068,0.000,Worker_2,-4.290,-3.740,10.218,0,0,1,3.280,4.760,3.000,3.000,3.0,26.0,SAFE
2026-08-26T10:43:31.773Z,28.95,26.57,0.000,2.540,-7.155,6.079,-7.157,6.822,6.068,0.000,Worker_3,3.640,-7.120,17.044,0,0,1,3.280,4.760,3.000,3.000,3.0,26.0,SAFE
2026-08-26T10:43:31.904Z,29.08,26.57,0.000,2.540,-7.155,6.079,-7.157,6.822,6.068,0.000,Worker_1,2.206,10.457,10.341,0,0,1,3.280,4.760,3.000,3.000,3.0,26.0,SAFE
2026-08-26T10:43:31.904Z,29.08,26.57,0.000,2.540,-7.155,6.079,-7.157,6.822,6.068,0.000,Worker_2,-4.290,-3.740,10.218,0,0,1,3.280,4.760,3.000,3.000,3.0,26.0,SAFE
2026-08-26T10:43:31.904Z,29.08,26.57,0.000,2.540,-7.155,6.079,-7.157,6.822,6.068,0.000,Worker_3,3.640,-7.120,17.044,0,0,1,3.280,4.760,3.000,3.000,3.0,26.0,SAFE
2026-08-26T10:43:32.006Z,29.18,26.57,0.000,2.540,-7.155,6.079,-7.157,6.822,6.068,0.000,Worker_1,2.404,10.410,10.501,0,0,1,3.280,4.760,3.000,3.000,3.0,26.0,SAFE
2026-08-26T10:43:32.006Z,29.18,26.57,0.000,2.540,-7.155,6.079,-7.157,6.822,6.068,0.000,Worker_2,-4.290,-3.740,10.218,0,0,1,3.280,4.760,3.000,3.000,3.0,26.0,SAFE
2026-08-26T10:43:32.006Z,29.18,26.57,0.000,2.540,-7.155,6.079,-7.157,6.822,6.068,0.000,Worker_3,3.640,-7.120,17.044,0,0,1,3.280,4.760,3.000,3.000,3.0,26.0,SAFE
2026-08-26T10:43:32.120Z,29.30,26.57,0.000,2.540,-7.155,6.079,-7.157,6.822,6.068,0.000,Worker_1,2.627,10.357,10.684,0,0,1,3.280,4.760,3.000,3.000,3.0,26.0,SAFE
2026-08-26T10:43:32.120Z,29.30,26.57,0.000,2.540,-7.155,6.079,-7.157,6.822,6.068,0.000,Worker_2,-4.290,-3.740,10.218,0,0,1,3.280,4.760,3.000,3.000,3.0,26.0,SAFE
2026-08-26T10:43:32.120Z,29.30,26.57,0.000,2.540,-7.155,6.079,-7.157,6.822,6.068,0.000,Worker_3,3.640,-7.120,17.044,0,0,1,3.280,4.760,3.000,3.000,3.0,26.0,SAFE
2026-08-26T10:43:32.222Z,29.40,26.57,0.000,2.540,-7.155,6.079,-7.157,6.822,6.068,0.000,Worker_1,2.825,10.311,10.847,0,0,1,3.280,4.760,3.000,3.000,3.0,26.0,SAFE
2026-08-26T10:43:32.222Z,29.40,26.57,0.000,2.540,-7.155,6.079,-7.157,6.822,6.068,0.000,Worker_2,-4.290,-3.740,10.218,0,0,1,3.280,4.760,3.000,3.000,3.0,26.0,SAFE
2026-08-26T10:43:32.222Z,29.40,26.57,0.000,2.540,-7.155,6.079,-7.157,6.822,6.068,0.000,Worker_3,3.640,-7.120,17.044,0,0,1,3.280,4.760,3.000,3.000,3.0,26.0,SAFE
2026-08-26T10:43:32.337Z,29.51,26.57,0.000,2.540,-7.155,6.079,-7.157,6.822,6.068,0.000,Worker_1,3.049,10.258,11.033,0,0,1,3.280,4.760,3.000,3.000,3.0,26.0,SAFE
2026-08-26T10:43:32.337Z,29.51,26.57,0.000,2.540,-7.155,6.079,-7.157,6.822,6.068,0.000,Worker_2,-4.290,-3.740,10.218,0,0,1,3.280,4.760,3.000,3.000,3.0,26.0,SAFE
2026-08-26T10:43:32.337Z,29.51,26.57,0.000,2.540,-7.155,6.079,-7.157,6.822,6.068,0.000,Worker_3,3.640,-7.120,17.044,0,0,1,3.280,4.760,3.000,3.000,3.0,26.0,SAFE
2026-08-26T10:43:32.454Z,29.63,26.57,0.000,2.540,-7.155,6.079,-7.157,6.822,6.068,0.000,Worker_1,3.276,10.205,11.224,0,0,1,3.280,4.760,3.000,3.000,3.0,26.0,SAFE
2026-08-26T10:43:32.454Z,29.63,26.57,0.000,2.540,-7.155,6.079,-7.157,6.822,6.068,0.000,Worker_2,-4.290,-3.740,10.218,0,0,1,3.280,4.760,3.000,3.000,3.0,26.0,SAFE
2026-08-26T10:43:32.454Z,29.63,26.57,0.000,2.540,-7.155,6.079,-7.157,6.822,6.068,0.000,Worker_3,3.640,-7.120,17.044,0,0,1,3.280,4.760,3.000,3.000,3.0,26.0,SAFE
2026-08-26T10:43:32.554Z,29.73,26.57,0.000,2.540,-7.155,6.079,-7.157,6.822,6.068,0.000,Worker_1,3.472,10.158,11.390,0,0,1,3.280,4.760,3.000,3.000,3.0,26.0,SAFE
2026-08-26T10:43:32.554Z,29.73,26.57,0.000,2.540,-7.155,6.079,-7.157,6.822,6.068,0.000,Worker_2,-4.290,-3.740,10.218,0,0,1,3.280,4.760,3.000,3.000,3.0,26.0,SAFE
2026-08-26T10:43:32.554Z,29.73,26.57,0.000,2.540,-7.155,6.079,-7.157,6.822,6.068,0.000,Worker_3,3.640,-7.120,17.044,0,0,1,3.280,4.760,3.000,3.000,3.0,26.0,SAFE
2026-08-26T10:43:32.670Z,29.85,26.57,0.000,2.540,-7.155,6.079,-7.157,6.822,6.068,0.000,Worker_1,3.697,10.106,11.581,0,0,1,3.280,4.760,3.000,3.000,3.0,26.0,SAFE
2026-08-26T10:43:32.670Z,29.85,26.57,0.000,2.540,-7.155,6.079,-7.157,6.822,6.068,0.000,Worker_2,-4.290,-3.740,10.218,0,0,1,3.280,4.760,3.000,3.000,3.0,26.0,SAFE
2026-08-26T10:43:32.670Z,29.85,26.57,0.000,2.540,-7.155,6.079,-7.157,6.822,6.068,0.000,Worker_3,3.640,-7.120,17.044,0,0,1,3.280,4.760,3.000,3.000,3.0,26.0,SAFE
2026-08-26T10:43:32.786Z,29.96,26.57,0.000,2.540,-7.155,6.079,-7.157,6.822,6.068,0.000,Worker_1,3.924,10.052,11.776,0,0,1,3.280,4.760,3.000,3.000,3.0,26.0,SAFE
2026-08-26T10:43:32.786Z,29.96,26.57,0.000,2.540,-7.155,6.079,-7.157,6.822,6.068,0.000,Worker_2,-4.290,-3.740,10.218,0,0,1,3.280,4.760,3.000,3.000,3.0,26.0,SAFE
2026-08-26T10:43:32.786Z,29.96,26.57,0.000,2.540,-7.155,6.079,-7.157,6.822,6.068,0.000,Worker_3,3.640,-7.120,17.044,0,0,1,3.280,4.760,3.000,3.000,3.0,26.0,SAFE
2026-08-26T10:43:32.888Z,30.06,26.57,0.000,2.540,-7.155,6.079,-7.157,6.822,6.068,0.000,Worker_1,4.123,10.005,11.948,0,0,1,3.280,4.760,3.000,3.000,3.0,26.0,SAFE
2026-08-26T10:43:32.888Z,30.06,26.57,0.000,2.540,-7.155,6.079,-7.157,6.822,6.068,0.000,Worker_2,-4.290,-3.740,10.218,0,0,1,3.280,4.760,3.000,3.000,3.0,26.0,SAFE
2026-08-26T10:43:32.888Z,30.06,26.57,0.000,2.540,-7.155,6.079,-7.157,6.822,6.068,0.000,Worker_3,3.640,-7.120,17.044,0,0,1,3.280,4.760,3.000,3.000,3.0,26.0,SAFE
2026-08-26T10:43:33.002Z,30.18,26.57,0.000,2.540,-7.155,6.079,-7.157,6.822,6.068,0.000,Worker_1,4.346,9.953,12.142,0,0,1,3.280,4.760,3.000,3.000,3.0,26.0,SAFE
2026-08-26T10:43:33.002Z,30.18,26.57,0.000,2.540,-7.155,6.079,-7.157,6.822,6.068,0.000,Worker_2,-4.290,-3.740,10.218,0,0,1,3.280,4.760,3.000,3.000,3.0,26.0,SAFE
2026-08-26T10:43:33.002Z,30.18,26.57,0.000,2.540,-7.155,6.079,-7.157,6.822,6.068,0.000,Worker_3,3.640,-7.120,17.044,0,0,1,3.280,4.760,3.000,3.000,3.0,26.0,SAFE
2026-08-26T10:43:33.120Z,30.29,26.57,0.000,2.540,-7.155,6.079,-7.157,6.822,6.068,0.000,Worker_1,4.572,9.899,12.340,0,0,1,3.280,4.760,3.000,3.000,3.0,26.0,SAFE
2026-08-26T10:43:33.120Z,30.29,26.57,0.000,2.540,-7.155,6.079,-7.157,6.822,6.068,0.000,Worker_2,-4.290,-3.740,10.218,0,0,1,3.280,4.760,3.000,3.000,3.0,26.0,SAFE
2026-08-26T10:43:33.120Z,30.29,26.57,0.000,2.540,-7.155,6.079,-7.157,6.822,6.068,0.000,Worker_3,3.640,-7.120,17.044,0,0,1,3.280,4.760,3.000,3.000,3.0,26.0,SAFE
2026-08-26T10:43:33.221Z,30.40,26.57,0.000,2.540,-7.155,6.079,-7.157,6.822,6.068,0.000,Worker_1,4.771,9.853,12.514,0,0,1,3.280,4.760,3.000,3.000,3.0,26.0,SAFE
2026-08-26T10:43:33.221Z,30.40,26.57,0.000,2.540,-7.155,6.079,-7.157,6.822,6.068,0.000,Worker_2,-4.290,-3.740,10.218,0,0,1,3.280,4.760,3.000,3.000,3.0,26.0,SAFE
2026-08-26T10:43:33.221Z,30.40,26.57,0.000,2.540,-7.155,6.079,-7.157,6.822,6.068,0.000,Worker_3,3.640,-7.120,17.044,0,0,1,3.280,4.760,3.000,3.000,3.0,26.0,SAFE
2026-08-26T10:43:33.336Z,30.51,26.57,0.000,2.540,-7.155,6.079,-7.157,6.822,6.068,0.000,Worker_1,4.995,9.800,12.713,0,0,1,3.280,4.760,3.000,3.000,3.0,26.0,SAFE
2026-08-26T10:43:33.336Z,30.51,26.57,0.000,2.540,-7.155,6.079,-7.157,6.822,6.068,0.000,Worker_2,-4.290,-3.740,10.218,0,0,1,3.280,4.760,3.000,3.000,3.0,26.0,SAFE
2026-08-26T10:43:33.336Z,30.51,26.57,0.000,2.540,-7.155,6.079,-7.157,6.822,6.068,0.000,Worker_3,3.640,-7.120,17.044,0,0,1,3.280,4.760,3.000,3.000,3.0,26.0,SAFE
2026-08-26T10:43:33.452Z,30.63,26.57,0.000,2.540,-7.155,6.079,-7.157,6.822,6.068,0.000,Worker_1,5.221,9.747,12.914,0,0,1,3.280,4.760,3.000,3.000,3.0,26.0,SAFE
2026-08-26T10:43:33.452Z,30.63,26.57,0.000,2.540,-7.155,6.079,-7.157,6.822,6.068,0.000,Worker_2,-4.290,-3.740,10.218,0,0,1,3.280,4.760,3.000,3.000,3.0,26.0,SAFE
2026-08-26T10:43:33.452Z,30.63,26.57,0.000,2.540,-7.155,6.079,-7.157,6.822,6.068,0.000,Worker_3,3.640,-7.120,17.044,0,0,1,3.280,4.760,3.000,3.000,3.0,26.0,SAFE
2026-08-26T10:43:33.552Z,30.73,26.57,0.000,2.540,-7.155,6.079,-7.157,6.822,6.068,0.000,Worker_1,5.416,9.701,13.088,0,0,1,3.280,4.760,3.000,3.000,3.0,26.0,SAFE
2026-08-26T10:43:33.552Z,30.73,26.57,0.000,2.540,-7.155,6.079,-7.157,6.822,6.068,0.000,Worker_2,-4.290,-3.740,10.218,0,0,1,3.280,4.760,3.000,3.000,3.0,26.0,SAFE
2026-08-26T10:43:33.552Z,30.73,26.57,0.000,2.540,-7.155,6.079,-7.157,6.822,6.068,0.000,Worker_3,3.640,-7.120,17.044,0,0,1,3.280,4.760,3.000,3.000,3.0,26.0,SAFE
2026-08-26T10:43:33.653Z,30.83,26.57,0.000,2.540,-7.155,6.079,-7.157,6.822,6.068,0.000,Worker_1,5.612,9.655,13.264,0,0,1,3.280,4.760,3.000,3.000,3.0,26.0,SAFE
2026-08-26T10:43:33.653Z,30.83,26.57,0.000,2.540,-7.155,6.079,-7.157,6.822,6.068,0.000,Worker_2,-4.290,-3.740,10.218,0,0,1,3.280,4.760,3.000,3.000,3.0,26.0,SAFE
2026-08-26T10:43:33.653Z,30.83,26.57,0.000,2.540,-7.155,6.079,-7.157,6.822,6.068,0.000,Worker_3,3.640,-7.120,17.044,0,0,1,3.280,4.760,3.000,3.000,3.0,26.0,SAFE
2026-08-26T10:43:33.769Z,30.95,26.57,0.000,2.540,-7.155,6.079,-7.157,6.822,6.068,0.000,Worker_1,5.838,9.601,13.467,0,0,1,3.280,4.760,3.000,3.000,3.0,26.0,SAFE
2026-08-26T10:43:33.769Z,30.95,26.57,0.000,2.540,-7.155,6.079,-7.157,6.822,6.068,0.000,Worker_2,-4.290,-3.740,10.218,0,0,1,3.280,4.760,3.000,3.000,3.0,26.0,SAFE
2026-08-26T10:43:33.769Z,30.95,26.57,0.000,2.540,-7.155,6.079,-7.157,6.822,6.068,0.000,Worker_3,3.640,-7.120,17.044,0,0,1,3.280,4.760,3.000,3.000,3.0,26.0,SAFE
2026-08-26T10:43:33.886Z,31.06,26.57,0.000,2.540,-7.155,6.079,-7.157,6.822,6.068,0.000,Worker_1,6.065,9.548,13.673,0,0,1,3.280,4.760,3.000,3.000,3.0,26.0,SAFE
2026-08-26T10:43:33.886Z,31.06,26.57,0.000,2.540,-7.155,6.079,-7.157,6.822,6.068,0.000,Worker_2,-4.290,-3.740,10.218,0,0,1,3.280,4.760,3.000,3.000,3.0,26.0,SAFE
2026-08-26T10:43:33.886Z,31.06,26.57,0.000,2.540,-7.155,6.079,-7.157,6.822,6.068,0.000,Worker_3,3.640,-7.120,17.044,0,0,1,3.280,4.760,3.000,3.000,3.0,26.0,SAFE
2026-08-26T10:43:33.986Z,31.16,26.57,0.000,2.540,-7.155,6.079,-7.157,6.822,6.068,0.000,Worker_1,6.260,9.502,13.850,0,0,1,3.280,4.760,3.000,3.000,3.0,26.0,SAFE
2026-08-26T10:43:33.986Z,31.16,26.57,0.000,2.540,-7.155,6.079,-7.157,6.822,6.068,0.000,Worker_2,-4.290,-3.740,10.218,0,0,1,3.280,4.760,3.000,3.000,3.0,26.0,SAFE
2026-08-26T10:43:33.986Z,31.16,26.57,0.000,2.540,-7.155,6.079,-7.157,6.822,6.068,0.000,Worker_3,3.640,-7.120,17.044,0,0,1,3.280,4.760,3.000,3.000,3.0,26.0,SAFE
2026-08-26T10:43:34.086Z,31.26,26.57,0.000,2.540,-7.155,6.079,-7.157,6.822,6.068,0.000,Worker_1,6.455,9.456,14.028,0,0,1,3.280,4.760,3.000,3.000,3.0,26.0,SAFE
2026-08-26T10:43:34.086Z,31.26,26.57,0.000,2.540,-7.155,6.079,-7.157,6.822,6.068,0.000,Worker_2,-4.290,-3.740,10.218,0,0,1,3.280,4.760,3.000,3.000,3.0,26.0,SAFE
2026-08-26T10:43:34.086Z,31.26,26.57,0.000,2.540,-7.155,6.079,-7.157,6.822,6.068,0.000,Worker_3,3.640,-7.120,17.044,0,0,1,3.280,4.760,3.000,3.000,3.0,26.0,SAFE
2026-08-26T10:43:34.203Z,31.38,26.57,0.000,2.540,-7.155,6.079,-7.157,6.822,6.068,0.000,Worker_1,6.682,9.403,14.235,0,0,1,3.280,4.760,3.000,3.000,3.0,26.0,SAFE
2026-08-26T10:43:34.203Z,31.38,26.57,0.000,2.540,-7.155,6.079,-7.157,6.822,6.068,0.000,Worker_2,-4.290,-3.740,10.218,0,0,1,3.280,4.760,3.000,3.000,3.0,26.0,SAFE
2026-08-26T10:43:34.203Z,31.38,26.57,0.000,2.540,-7.155,6.079,-7.157,6.822,6.068,0.000,Worker_3,3.640,-7.120,17.044,0,0,1,3.280,4.760,3.000,3.000,3.0,26.0,SAFE
2026-08-26T10:43:34.303Z,31.48,26.57,0.000,2.540,-7.155,6.079,-7.157,6.822,6.068,0.000,Worker_1,6.877,9.357,14.415,0,0,1,3.280,4.760,3.000,3.000,3.0,26.0,SAFE
2026-08-26T10:43:34.303Z,31.48,26.57,0.000,2.540,-7.155,6.079,-7.157,6.822,6.068,0.000,Worker_2,-4.290,-3.740,10.218,0,0,1,3.280,4.760,3.000,3.000,3.0,26.0,SAFE
2026-08-26T10:43:34.303Z,31.48,26.57,0.000,2.540,-7.155,6.079,-7.157,6.822,6.068,0.000,Worker_3,3.640,-7.120,17.044,0,0,1,3.280,4.760,3.000,3.000,3.0,26.0,SAFE
2026-08-26T10:43:34.404Z,31.58,26.57,0.000,2.540,-7.155,6.079,-7.157,6.822,6.068,0.000,Worker_1,7.072,9.311,14.595,0,0,1,3.280,4.760,3.000,3.000,3.0,26.0,SAFE
2026-08-26T10:43:34.404Z,31.58,26.57,0.000,2.540,-7.155,6.079,-7.157,6.822,6.068,0.000,Worker_2,-4.290,-3.740,10.218,0,0,1,3.280,4.760,3.000,3.000,3.0,26.0,SAFE
2026-08-26T10:43:34.404Z,31.58,26.57,0.000,2.540,-7.155,6.079,-7.157,6.822,6.068,0.000,Worker_3,3.640,-7.120,17.044,0,0,1,3.280,4.760,3.000,3.000,3.0,26.0,SAFE
2026-08-26T10:43:34.537Z,31.71,26.57,0.000,2.540,-7.155,6.079,-7.157,6.822,6.068,0.000,Worker_1,7.331,9.250,14.834,0,0,1,3.280,4.760,3.000,3.000,3.0,26.0,SAFE
2026-08-26T10:43:34.537Z,31.71,26.57,0.000,2.540,-7.155,6.079,-7.157,6.822,6.068,0.000,Worker_2,-4.290,-3.740,10.218,0,0,1,3.280,4.760,3.000,3.000,3.0,26.0,SAFE
2026-08-26T10:43:34.537Z,31.71,26.57,0.000,2.540,-7.155,6.079,-7.157,6.822,6.068,0.000,Worker_3,3.640,-7.120,17.044,0,0,1,3.280,4.760,3.000,3.000,3.0,26.0,SAFE
2026-08-26T10:43:34.652Z,31.83,26.57,0.000,2.540,-7.155,6.079,-7.157,6.822,6.068,0.000,Worker_1,7.557,9.197,15.043,0,0,1,3.280,4.760,3.000,3.000,3.0,26.0,SAFE
2026-08-26T10:43:34.652Z,31.83,26.57,0.000,2.540,-7.155,6.079,-7.157,6.822,6.068,0.000,Worker_2,-4.290,-3.740,10.218,0,0,1,3.280,4.760,3.000,3.000,3.0,26.0,SAFE
2026-08-26T10:43:34.652Z,31.83,26.57,0.000,2.540,-7.155,6.079,-7.157,6.822,6.068,0.000,Worker_3,3.640,-7.120,17.044,0,0,1,3.280,4.760,3.000,3.000,3.0,26.0,SAFE
2026-08-26T10:43:34.785Z,31.96,26.57,0.000,2.540,-7.155,6.079,-7.157,6.822,6.068,0.000,Worker_1,7.814,9.136,15.283,0,0,1,3.280,4.760,3.000,3.000,3.0,26.0,SAFE
2026-08-26T10:43:34.785Z,31.96,26.57,0.000,2.540,-7.155,6.079,-7.157,6.822,6.068,0.000,Worker_2,-4.290,-3.740,10.218,0,0,1,3.280,4.760,3.000,3.000,3.0,26.0,SAFE
2026-08-26T10:43:34.785Z,31.96,26.57,0.000,2.540,-7.155,6.079,-7.157,6.822,6.068,0.000,Worker_3,3.640,-7.120,17.044,0,0,1,3.280,4.760,3.000,3.000,3.0,26.0,SAFE
2026-08-26T10:43:34.886Z,32.06,26.57,0.000,2.540,-7.155,6.079,-7.157,6.822,6.068,0.000,Worker_1,8.011,9.090,15.467,0,0,1,3.280,4.760,3.000,3.000,3.0,26.0,SAFE
2026-08-26T10:43:34.886Z,32.06,26.57,0.000,2.540,-7.155,6.079,-7.157,6.822,6.068,0.000,Worker_2,-4.290,-3.740,10.218,0,0,1,3.280,4.760,3.000,3.000,3.0,26.0,SAFE
2026-08-26T10:43:34.886Z,32.06,26.57,0.000,2.540,-7.155,6.079,-7.157,6.822,6.068,0.000,Worker_3,3.640,-7.120,17.044,0,0,1,3.280,4.760,3.000,3.000,3.0,26.0,SAFE
2026-08-26T10:43:35.002Z,32.18,26.57,0.000,2.540,-7.155,6.079,-7.157,6.822,6.068,0.000,Worker_1,8.239,9.036,15.680,0,0,1,3.280,4.760,3.000,3.000,3.0,26.0,SAFE
2026-08-26T10:43:35.002Z,32.18,26.57,0.000,2.540,-7.155,6.079,-7.157,6.822,6.068,0.000,Worker_2,-4.290,-3.740,10.218,0,0,1,3.280,4.760,3.000,3.000,3.0,26.0,SAFE
2026-08-26T10:43:35.002Z,32.18,26.57,0.000,2.540,-7.155,6.079,-7.157,6.822,6.068,0.000,Worker_3,3.640,-7.120,17.044,0,0,1,3.280,4.760,3.000,3.000,3.0,26.0,SAFE
2026-08-26T10:43:35.134Z,32.31,26.57,0.000,2.540,-7.155,6.079,-7.157,6.822,6.068,0.000,Worker_1,8.495,8.976,15.920,0,0,1,3.280,4.760,3.000,3.000,3.0,26.0,SAFE
2026-08-26T10:43:35.134Z,32.31,26.57,0.000,2.540,-7.155,6.079,-7.157,6.822,6.068,0.000,Worker_2,-4.290,-3.740,10.218,0,0,1,3.280,4.760,3.000,3.000,3.0,26.0,SAFE
2026-08-26T10:43:35.134Z,32.31,26.57,0.000,2.540,-7.155,6.079,-7.157,6.822,6.068,0.000,Worker_3,3.640,-7.120,17.044,0,0,1,3.280,4.760,3.000,3.000,3.0,26.0,SAFE
2026-08-26T10:43:35.235Z,32.41,26.57,0.000,2.540,-7.155,6.079,-7.157,6.822,6.068,0.000,Worker_1,8.692,8.929,16.105,0,0,1,3.280,4.760,3.000,3.000,3.0,26.0,SAFE
2026-08-26T10:43:35.235Z,32.41,26.57,0.000,2.540,-7.155,6.079,-7.157,6.822,6.068,0.000,Worker_2,-4.290,-3.740,10.218,0,0,1,3.280,4.760,3.000,3.000,3.0,26.0,SAFE
2026-08-26T10:43:35.235Z,32.41,26.57,0.000,2.540,-7.155,6.079,-7.157,6.822,6.068,0.000,Worker_3,3.640,-7.120,17.044,0,0,1,3.280,4.760,3.000,3.000,3.0,26.0,SAFE
2026-08-26T10:43:35.352Z,32.53,26.57,0.000,2.540,-7.155,6.079,-7.157,6.822,6.068,0.000,Worker_1,8.918,8.876,16.319,0,0,1,3.280,4.760,3.000,3.000,3.0,26.0,SAFE
2026-08-26T10:43:35.352Z,32.53,26.57,0.000,2.540,-7.155,6.079,-7.157,6.822,6.068,0.000,Worker_2,-4.290,-3.740,10.218,0,0,1,3.280,4.760,3.000,3.000,3.0,26.0,SAFE
2026-08-26T10:43:35.352Z,32.53,26.57,0.000,2.540,-7.155,6.079,-7.157,6.822,6.068,0.000,Worker_3,3.640,-7.120,17.044,0,0,1,3.280,4.760,3.000,3.000,3.0,26.0,SAFE
2026-08-26T10:43:35.454Z,32.63,26.57,0.000,2.540,-7.155,6.079,-7.157,6.822,6.068,0.000,Worker_1,9.116,8.829,16.506,0,0,1,3.280,4.760,3.000,3.000,3.0,26.0,SAFE
2026-08-26T10:43:35.454Z,32.63,26.57,0.000,2.540,-7.155,6.079,-7.157,6.822,6.068,0.000,Worker_2,-4.290,-3.740,10.218,0,0,1,3.280,4.760,3.000,3.000,3.0,26.0,SAFE
2026-08-26T10:43:35.454Z,32.63,26.57,0.000,2.540,-7.155,6.079,-7.157,6.822,6.068,0.000,Worker_3,3.640,-7.120,17.044,0,0,1,3.280,4.760,3.000,3.000,3.0,26.0,SAFE
2026-08-26T10:43:35.585Z,32.76,26.57,0.000,2.540,-7.155,6.079,-7.157,6.822,6.068,0.000,Worker_1,9.371,8.769,16.748,0,0,1,3.280,4.760,3.000,3.000,3.0,26.0,SAFE
2026-08-26T10:43:35.585Z,32.76,26.57,0.000,2.540,-7.155,6.079,-7.157,6.822,6.068,0.000,Worker_2,-4.290,-3.740,10.218,0,0,1,3.280,4.760,3.000,3.000,3.0,26.0,SAFE
2026-08-26T10:43:35.585Z,32.76,26.57,0.000,2.540,-7.155,6.079,-7.157,6.822,6.068,0.000,Worker_3,3.640,-7.120,17.044,0,0,1,3.280,4.760,3.000,3.000,3.0,26.0,SAFE
2026-08-26T10:43:35.684Z,32.86,26.57,0.000,2.540,-7.155,6.079,-7.157,6.822,6.068,0.000,Worker_1,9.566,8.723,16.933,0,0,1,3.280,4.760,3.000,3.000,3.0,26.0,SAFE
2026-08-26T10:43:35.684Z,32.86,26.57,0.000,2.540,-7.155,6.079,-7.157,6.822,6.068,0.000,Worker_2,-4.290,-3.740,10.218,0,0,1,3.280,4.760,3.000,3.000,3.0,26.0,SAFE
2026-08-26T10:43:35.684Z,32.86,26.57,0.000,2.540,-7.155,6.079,-7.157,6.822,6.068,0.000,Worker_3,3.640,-7.120,17.044,0,0,1,3.280,4.760,3.000,3.000,3.0,26.0,SAFE
2026-08-26T10:43:35.786Z,32.96,26.57,0.000,2.540,-7.155,6.079,-7.157,6.822,6.068,0.000,Worker_1,9.495,8.740,16.866,0,0,1,3.280,4.760,3.000,3.000,3.0,26.0,SAFE
2026-08-26T10:43:35.786Z,32.96,26.57,0.000,2.540,-7.155,6.079,-7.157,6.822,6.068,0.000,Worker_2,-4.290,-3.740,10.218,0,0,1,3.280,4.760,3.000,3.000,3.0,26.0,SAFE
2026-08-26T10:43:35.786Z,32.96,26.57,0.000,2.540,-7.155,6.079,-7.157,6.822,6.068,0.000,Worker_3,3.640,-7.120,17.044,0,0,1,3.280,4.760,3.000,3.000,3.0,26.0,SAFE
2026-08-26T10:43:35.899Z,33.08,26.57,0.000,2.540,-7.155,6.079,-7.157,6.822,6.068,0.000,Worker_1,9.275,8.792,16.657,0,0,1,3.280,4.760,3.000,3.000,3.0,26.0,SAFE
2026-08-26T10:43:35.899Z,33.08,26.57,0.000,2.540,-7.155,6.079,-7.157,6.822,6.068,0.000,Worker_2,-4.290,-3.740,10.218,0,0,1,3.280,4.760,3.000,3.000,3.0,26.0,SAFE
2026-08-26T10:43:35.899Z,33.08,26.57,0.000,2.540,-7.155,6.079,-7.157,6.822,6.068,0.000,Worker_3,3.640,-7.120,17.044,0,0,1,3.280,4.760,3.000,3.000,3.0,26.0,SAFE
2026-08-26T10:43:36.019Z,33.19,26.57,0.000,2.540,-7.155,6.079,-7.157,6.822,6.068,0.000,Worker_1,9.044,8.846,16.439,0,0,1,3.280,4.760,3.000,3.000,3.0,26.0,SAFE
2026-08-26T10:43:36.019Z,33.19,26.57,0.000,2.540,-7.155,6.079,-7.157,6.822,6.068,0.000,Worker_2,-4.290,-3.740,10.218,0,0,1,3.280,4.760,3.000,3.000,3.0,26.0,SAFE
2026-08-26T10:43:36.019Z,33.19,26.57,0.000,2.540,-7.155,6.079,-7.157,6.822,6.068,0.000,Worker_3,3.640,-7.120,17.044,0,0,1,3.280,4.760,3.000,3.000,3.0,26.0,SAFE
2026-08-26T10:43:36.134Z,33.31,26.57,0.000,2.540,-7.155,6.079,-7.157,6.822,6.068,0.000,Worker_1,8.818,8.900,16.224,0,0,1,3.280,4.760,3.000,3.000,3.0,26.0,SAFE
2026-08-26T10:43:36.134Z,33.31,26.57,0.000,2.540,-7.155,6.079,-7.157,6.822,6.068,0.000,Worker_2,-4.290,-3.740,10.218,0,0,1,3.280,4.760,3.000,3.000,3.0,26.0,SAFE
2026-08-26T10:43:36.134Z,33.31,26.57,0.000,2.540,-7.155,6.079,-7.157,6.822,6.068,0.000,Worker_3,3.640,-7.120,17.044,0,0,1,3.280,4.760,3.000,3.000,3.0,26.0,SAFE
2026-08-26T10:43:36.250Z,33.43,26.57,0.000,2.540,-7.155,6.079,-7.157,6.822,6.068,0.000,Worker_1,8.594,8.952,16.013,0,0,1,3.280,4.760,3.000,3.000,3.0,26.0,SAFE
2026-08-26T10:43:36.250Z,33.43,26.57,0.000,2.540,-7.155,6.079,-7.157,6.822,6.068,0.000,Worker_2,-4.290,-3.740,10.218,0,0,1,3.280,4.760,3.000,3.000,3.0,26.0,SAFE
2026-08-26T10:43:36.250Z,33.43,26.57,0.000,2.540,-7.155,6.079,-7.157,6.822,6.068,0.000,Worker_3,3.640,-7.120,17.044,0,0,1,3.280,4.760,3.000,3.000,3.0,26.0,SAFE
2026-08-26T10:43:36.368Z,33.54,26.57,0.000,2.540,-7.155,6.079,-7.157,6.822,6.068,0.000,Worker_1,8.365,9.006,15.798,0,0,1,3.280,4.760,3.000,3.000,3.0,26.0,SAFE
2026-08-26T10:43:36.368Z,33.54,26.57,0.000,2.540,-7.155,6.079,-7.157,6.822,6.068,0.000,Worker_2,-4.290,-3.740,10.218,0,0,1,3.280,4.760,3.000,3.000,3.0,26.0,SAFE
2026-08-26T10:43:36.368Z,33.54,26.57,0.000,2.540,-7.155,6.079,-7.157,6.822,6.068,0.000,Worker_3,3.640,-7.120,17.044,0,0,1,3.280,4.760,3.000,3.000,3.0,26.0,SAFE
2026-08-26T10:43:36.484Z,33.66,26.57,0.000,2.540,-7.155,6.079,-7.157,6.822,6.068,0.000,Worker_1,8.137,9.060,15.584,0,0,1,3.280,4.760,3.000,3.000,3.0,26.0,SAFE
2026-08-26T10:43:36.484Z,33.66,26.57,0.000,2.540,-7.155,6.079,-7.157,6.822,6.068,0.000,Worker_2,-4.290,-3.740,10.218,0,0,1,3.280,4.760,3.000,3.000,3.0,26.0,SAFE
2026-08-26T10:43:36.484Z,33.66,26.57,0.000,2.540,-7.155,6.079,-7.157,6.822,6.068,0.000,Worker_3,3.640,-7.120,17.044,0,0,1,3.280,4.760,3.000,3.000,3.0,26.0,SAFE
2026-08-26T10:43:36.617Z,33.79,26.57,0.000,2.540,-7.155,6.079,-7.157,6.822,6.068,0.000,Worker_1,7.879,9.121,15.343,0,0,1,3.280,4.760,3.000,3.000,3.0,26.0,SAFE
2026-08-26T10:43:36.617Z,33.79,26.57,0.000,2.540,-7.155,6.079,-7.157,6.822,6.068,0.000,Worker_2,-4.290,-3.740,10.218,0,0,1,3.280,4.760,3.000,3.000,3.0,26.0,SAFE
2026-08-26T10:43:36.617Z,33.79,26.57,0.000,2.540,-7.155,6.079,-7.157,6.822,6.068,0.000,Worker_3,3.640,-7.120,17.044,0,0,1,3.280,4.760,3.000,3.000,3.0,26.0,SAFE
2026-08-26T10:43:36.734Z,33.91,26.57,0.000,2.540,-7.155,6.079,-7.157,6.822,6.068,0.000,Worker_1,7.651,9.174,15.131,0,0,1,3.280,4.760,3.000,3.000,3.0,26.0,SAFE
2026-08-26T10:43:36.734Z,33.91,26.57,0.000,2.540,-7.155,6.079,-7.157,6.822,6.068,0.000,Worker_2,-4.290,-3.740,10.218,0,0,1,3.280,4.760,3.000,3.000,3.0,26.0,SAFE
2026-08-26T10:43:36.734Z,33.91,26.57,0.000,2.540,-7.155,6.079,-7.157,6.822,6.068,0.000,Worker_3,3.640,-7.120,17.044,0,0,1,3.280,4.760,3.000,3.000,3.0,26.0,SAFE
2026-08-26T10:43:36.866Z,34.04,26.57,0.000,2.540,-7.155,6.079,-7.157,6.822,6.068,0.000,Worker_1,7.394,9.235,14.892,0,0,1,3.280,4.760,3.000,3.000,3.0,26.0,SAFE
2026-08-26T10:43:36.866Z,34.04,26.57,0.000,2.540,-7.155,6.079,-7.157,6.822,6.068,0.000,Worker_2,-4.290,-3.740,10.218,0,0,1,3.280,4.760,3.000,3.000,3.0,26.0,SAFE
2026-08-26T10:43:36.866Z,34.04,26.57,0.000,2.540,-7.155,6.079,-7.157,6.822,6.068,0.000,Worker_3,3.640,-7.120,17.044,0,0,1,3.280,4.760,3.000,3.000,3.0,26.0,SAFE
2026-08-26T10:43:36.968Z,34.14,26.57,0.000,2.540,-7.155,6.079,-7.157,6.822,6.068,0.000,Worker_1,7.197,9.281,14.710,0,0,1,3.280,4.760,3.000,3.000,3.0,26.0,SAFE
2026-08-26T10:43:36.968Z,34.14,26.57,0.000,2.540,-7.155,6.079,-7.157,6.822,6.068,0.000,Worker_2,-4.290,-3.740,10.218,0,0,1,3.280,4.760,3.000,3.000,3.0,26.0,SAFE
2026-08-26T10:43:36.968Z,34.14,26.57,0.000,2.540,-7.155,6.079,-7.157,6.822,6.068,0.000,Worker_3,3.640,-7.120,17.044,0,0,1,3.280,4.760,3.000,3.000,3.0,26.0,SAFE
2026-08-26T10:43:37.083Z,34.26,26.57,0.000,2.540,-7.155,6.079,-7.157,6.822,6.068,0.000,Worker_1,6.970,9.335,14.501,0,0,1,3.280,4.760,3.000,3.000,3.0,26.0,SAFE
2026-08-26T10:43:37.083Z,34.26,26.57,0.000,2.540,-7.155,6.079,-7.157,6.822,6.068,0.000,Worker_2,-4.290,-3.740,10.218,0,0,1,3.280,4.760,3.000,3.000,3.0,26.0,SAFE
2026-08-26T10:43:37.083Z,34.26,26.57,0.000,2.540,-7.155,6.079,-7.157,6.822,6.068,0.000,Worker_3,3.640,-7.120,17.044,0,0,1,3.280,4.760,3.000,3.000,3.0,26.0,SAFE
2026-08-26T10:43:37.199Z,34.37,26.57,0.000,2.540,-7.155,6.079,-7.157,6.822,6.068,0.000,Worker_1,6.747,9.387,14.295,0,0,1,3.280,4.760,3.000,3.000,3.0,26.0,SAFE
2026-08-26T10:43:37.199Z,34.37,26.57,0.000,2.540,-7.155,6.079,-7.157,6.822,6.068,0.000,Worker_2,-4.290,-3.740,10.218,0,0,1,3.280,4.760,3.000,3.000,3.0,26.0,SAFE
2026-08-26T10:43:37.199Z,34.37,26.57,0.000,2.540,-7.155,6.079,-7.157,6.822,6.068,0.000,Worker_3,3.640,-7.120,17.044,0,0,1,3.280,4.760,3.000,3.000,3.0,26.0,SAFE
2026-08-26T10:43:37.316Z,34.49,26.57,0.000,2.540,-7.155,6.079,-7.157,6.822,6.068,0.000,Worker_1,6.518,9.441,14.086,0,0,1,3.280,4.760,3.000,3.000,3.0,26.0,SAFE
2026-08-26T10:43:37.316Z,34.49,26.57,0.000,2.540,-7.155,6.079,-7.157,6.822,6.068,0.000,Worker_2,-4.290,-3.740,10.218,0,0,1,3.280,4.760,3.000,3.000,3.0,26.0,SAFE
2026-08-26T10:43:37.316Z,34.49,26.57,0.000,2.540,-7.155,6.079,-7.157,6.822,6.068,0.000,Worker_3,3.640,-7.120,17.044,0,0,1,3.280,4.760,3.000,3.000,3.0,26.0,SAFE
2026-08-26T10:43:37.417Z,34.59,26.57,0.000,2.540,-7.155,6.079,-7.157,6.822,6.068,0.000,Worker_1,6.322,9.487,13.907,0,0,1,3.280,4.760,3.000,3.000,3.0,26.0,SAFE
2026-08-26T10:43:37.417Z,34.59,26.57,0.000,2.540,-7.155,6.079,-7.157,6.822,6.068,0.000,Worker_2,-4.290,-3.740,10.218,0,0,1,3.280,4.760,3.000,3.000,3.0,26.0,SAFE
2026-08-26T10:43:37.417Z,34.59,26.57,0.000,2.540,-7.155,6.079,-7.157,6.822,6.068,0.000,Worker_3,3.640,-7.120,17.044,0,0,1,3.280,4.760,3.000,3.000,3.0,26.0,SAFE
2026-08-26T10:43:37.517Z,34.69,26.57,0.000,2.540,-7.155,6.079,-7.157,6.822,6.068,0.000,Worker_1,6.127,9.533,13.729,0,0,1,3.280,4.760,3.000,3.000,3.0,26.0,SAFE
2026-08-26T10:43:37.517Z,34.69,26.57,0.000,2.540,-7.155,6.079,-7.157,6.822,6.068,0.000,Worker_2,-4.290,-3.740,10.218,0,0,1,3.280,4.760,3.000,3.000,3.0,26.0,SAFE
2026-08-26T10:43:37.517Z,34.69,26.57,0.000,2.540,-7.155,6.079,-7.157,6.822,6.068,0.000,Worker_3,3.640,-7.120,17.044,0,0,1,3.280,4.760,3.000,3.000,3.0,26.0,SAFE
2026-08-26T10:43:37.633Z,34.81,26.57,0.000,2.540,-7.155,6.079,-7.157,6.822,6.068,0.000,Worker_1,5.900,9.587,13.524,0,0,1,3.280,4.760,3.000,3.000,3.0,26.0,SAFE
2026-08-26T10:43:37.633Z,34.81,26.57,0.000,2.540,-7.155,6.079,-7.157,6.822,6.068,0.000,Worker_2,-4.290,-3.740,10.218,0,0,1,3.280,4.760,3.000,3.000,3.0,26.0,SAFE
2026-08-26T10:43:37.633Z,34.81,26.57,0.000,2.540,-7.155,6.079,-7.157,6.822,6.068,0.000,Worker_3,3.640,-7.120,17.044,0,0,1,3.280,4.760,3.000,3.000,3.0,26.0,SAFE
2026-08-26T10:43:37.766Z,34.94,26.57,0.000,2.540,-7.155,6.079,-7.157,6.822,6.068,0.000,Worker_1,5.643,9.647,13.291,0,0,1,3.280,4.760,3.000,3.000,3.0,26.0,SAFE
2026-08-26T10:43:37.766Z,34.94,26.57,0.000,2.540,-7.155,6.079,-7.157,6.822,6.068,0.000,Worker_2,-4.290,-3.740,10.218,0,0,1,3.280,4.760,3.000,3.000,3.0,26.0,SAFE
2026-08-26T10:43:37.766Z,34.94,26.57,0.000,2.540,-7.155,6.079,-7.157,6.822,6.068,0.000,Worker_3,3.640,-7.120,17.044,0,0,1,3.280,4.760,3.000,3.000,3.0,26.0,SAFE
2026-08-26T10:43:37.866Z,35.04,26.57,0.000,2.540,-7.155,6.079,-7.157,6.822,6.068,0.000,Worker_1,5.447,9.693,13.116,0,0,1,3.280,4.760,3.000,3.000,3.0,26.0,SAFE
2026-08-26T10:43:37.866Z,35.04,26.57,0.000,2.540,-7.155,6.079,-7.157,6.822,6.068,0.000,Worker_2,-4.290,-3.740,10.218,0,0,1,3.280,4.760,3.000,3.000,3.0,26.0,SAFE
2026-08-26T10:43:37.866Z,35.04,26.57,0.000,2.540,-7.155,6.079,-7.157,6.822,6.068,0.000,Worker_3,3.640,-7.120,17.044,0,0,1,3.280,4.760,3.000,3.000,3.0,26.0,SAFE
2026-08-26T10:43:37.981Z,35.16,26.57,0.000,2.540,-7.155,6.079,-7.157,6.822,6.068,0.000,Worker_1,5.223,9.746,12.916,0,0,1,3.280,4.760,3.000,3.000,3.0,26.0,SAFE
2026-08-26T10:43:37.981Z,35.16,26.57,0.000,2.540,-7.155,6.079,-7.157,6.822,6.068,0.000,Worker_2,-4.290,-3.740,10.218,0,0,1,3.280,4.760,3.000,3.000,3.0,26.0,SAFE
2026-08-26T10:43:37.981Z,35.16,26.57,0.000,2.540,-7.155,6.079,-7.157,6.822,6.068,0.000,Worker_3,3.640,-7.120,17.044,0,0,1,3.280,4.760,3.000,3.000,3.0,26.0,SAFE
2026-08-26T10:43:38.081Z,35.26,26.57,0.000,2.540,-7.155,6.079,-7.157,6.822,6.068,0.000,Worker_1,5.029,9.792,12.742,0,0,1,3.280,4.760,3.000,3.000,3.0,26.0,SAFE
2026-08-26T10:43:38.081Z,35.26,26.57,0.000,2.540,-7.155,6.079,-7.157,6.822,6.068,0.000,Worker_2,-4.290,-3.740,10.218,0,0,1,3.280,4.760,3.000,3.000,3.0,26.0,SAFE
2026-08-26T10:43:38.081Z,35.26,26.57,0.000,2.540,-7.155,6.079,-7.157,6.822,6.068,0.000,Worker_3,3.640,-7.120,17.044,0,0,1,3.280,4.760,3.000,3.000,3.0,26.0,SAFE
2026-08-26T10:43:38.198Z,35.37,26.57,0.000,2.540,-7.155,6.079,-7.157,6.822,6.068,0.000,Worker_1,4.800,9.846,12.540,0,0,1,3.280,4.760,3.000,3.000,3.0,26.0,SAFE
2026-08-26T10:43:38.198Z,35.37,26.57,0.000,2.540,-7.155,6.079,-7.157,6.822,6.068,0.000,Worker_2,-4.290,-3.740,10.218,0,0,1,3.280,4.760,3.000,3.000,3.0,26.0,SAFE
2026-08-26T10:43:38.198Z,35.37,26.57,0.000,2.540,-7.155,6.079,-7.157,6.822,6.068,0.000,Worker_3,3.640,-7.120,17.044,0,0,1,3.280,4.760,3.000,3.000,3.0,26.0,SAFE
2026-08-26T10:43:38.299Z,35.47,26.57,0.000,2.540,-7.155,6.079,-7.157,6.822,6.068,0.000,Worker_1,4.604,9.892,12.368,0,0,1,3.280,4.760,3.000,3.000,3.0,26.0,SAFE
2026-08-26T10:43:38.299Z,35.47,26.57,0.000,2.540,-7.155,6.079,-7.157,6.822,6.068,0.000,Worker_2,-4.290,-3.740,10.218,0,0,1,3.280,4.760,3.000,3.000,3.0,26.0,SAFE
2026-08-26T10:43:38.299Z,35.47,26.57,0.000,2.540,-7.155,6.079,-7.157,6.822,6.068,0.000,Worker_3,3.640,-7.120,17.044,0,0,1,3.280,4.760,3.000,3.000,3.0,26.0,SAFE
2026-08-26T10:43:38.399Z,35.57,26.57,0.000,2.540,-7.155,6.079,-7.157,6.822,6.068,0.000,Worker_1,4.410,9.938,12.197,0,0,1,3.280,4.760,3.000,3.000,3.0,26.0,SAFE
2026-08-26T10:43:38.399Z,35.57,26.57,0.000,2.540,-7.155,6.079,-7.157,6.822,6.068,0.000,Worker_2,-4.290,-3.740,10.218,0,0,1,3.280,4.760,3.000,3.000,3.0,26.0,SAFE
2026-08-26T10:43:38.399Z,35.57,26.57,0.000,2.540,-7.155,6.079,-7.157,6.822,6.068,0.000,Worker_3,3.640,-7.120,17.044,0,0,1,3.280,4.760,3.000,3.000,3.0,26.0,SAFE
2026-08-26T10:43:38.532Z,35.71,26.57,0.000,2.540,-7.155,6.079,-7.157,6.822,6.068,0.000,Worker_1,4.152,9.998,11.973,0,0,1,3.280,4.760,3.000,3.000,3.0,26.0,SAFE
2026-08-26T10:43:38.532Z,35.71,26.57,0.000,2.540,-7.155,6.079,-7.157,6.822,6.068,0.000,Worker_2,-4.290,-3.740,10.218,0,0,1,3.280,4.760,3.000,3.000,3.0,26.0,SAFE
2026-08-26T10:43:38.532Z,35.71,26.57,0.000,2.540,-7.155,6.079,-7.157,6.822,6.068,0.000,Worker_3,3.640,-7.120,17.044,0,0,1,3.280,4.760,3.000,3.000,3.0,26.0,SAFE
2026-08-26T10:43:38.631Z,35.81,26.57,0.000,2.540,-7.155,6.079,-7.157,6.822,6.068,0.000,Worker_1,3.957,10.044,11.805,0,0,1,3.280,4.760,3.000,3.000,3.0,26.0,SAFE
2026-08-26T10:43:38.631Z,35.81,26.57,0.000,2.540,-7.155,6.079,-7.157,6.822,6.068,0.000,Worker_2,-4.290,-3.740,10.218,0,0,1,3.280,4.760,3.000,3.000,3.0,26.0,SAFE
2026-08-26T10:43:38.631Z,35.81,26.57,0.000,2.540,-7.155,6.079,-7.157,6.822,6.068,0.000,Worker_3,3.640,-7.120,17.044,0,0,1,3.280,4.760,3.000,3.000,3.0,26.0,SAFE
2026-08-26T10:43:38.732Z,35.91,26.57,0.000,2.540,-7.155,6.079,-7.157,6.822,6.068,0.000,Worker_1,3.761,10.090,11.636,0,0,1,3.280,4.760,3.000,3.000,3.0,26.0,SAFE
2026-08-26T10:43:38.732Z,35.91,26.57,0.000,2.540,-7.155,6.079,-7.157,6.822,6.068,0.000,Worker_2,-4.290,-3.740,10.218,0,0,1,3.280,4.760,3.000,3.000,3.0,26.0,SAFE
2026-08-26T10:43:38.732Z,35.91,26.57,0.000,2.540,-7.155,6.079,-7.157,6.822,6.068,0.000,Worker_3,3.640,-7.120,17.044,0,0,1,3.280,4.760,3.000,3.000,3.0,26.0,SAFE
2026-08-26T10:43:38.848Z,36.02,26.57,0.000,2.540,-7.155,6.079,-7.157,6.822,6.068,0.000,Worker_1,3.537,10.143,11.444,0,0,1,3.280,4.760,3.000,3.000,3.0,26.0,SAFE
2026-08-26T10:43:38.848Z,36.02,26.57,0.000,2.540,-7.155,6.079,-7.157,6.822,6.068,0.000,Worker_2,-4.290,-3.740,10.218,0,0,1,3.280,4.760,3.000,3.000,3.0,26.0,SAFE
2026-08-26T10:43:38.848Z,36.02,26.57,0.000,2.540,-7.155,6.079,-7.157,6.822,6.068,0.000,Worker_3,3.640,-7.120,17.044,0,0,1,3.280,4.760,3.000,3.000,3.0,26.0,SAFE
2026-08-26T10:43:38.965Z,36.14,26.57,0.000,2.540,-7.155,6.079,-7.157,6.822,6.068,0.000,Worker_1,3.309,10.197,11.251,0,0,1,3.280,4.760,3.000,3.000,3.0,26.0,SAFE
2026-08-26T10:43:38.965Z,36.14,26.57,0.000,2.540,-7.155,6.079,-7.157,6.822,6.068,0.000,Worker_2,-4.290,-3.740,10.218,0,0,1,3.280,4.760,3.000,3.000,3.0,26.0,SAFE
2026-08-26T10:43:38.965Z,36.14,26.57,0.000,2.540,-7.155,6.079,-7.157,6.822,6.068,0.000,Worker_3,3.640,-7.120,17.044,0,0,1,3.280,4.760,3.000,3.000,3.0,26.0,SAFE
2026-08-26T10:43:39.065Z,36.24,26.57,0.000,2.540,-7.155,6.079,-7.157,6.822,6.068,0.000,Worker_1,3.113,10.243,11.087,0,0,1,3.280,4.760,3.000,3.000,3.0,26.0,SAFE
2026-08-26T10:43:39.065Z,36.24,26.57,0.000,2.540,-7.155,6.079,-7.157,6.822,6.068,0.000,Worker_2,-4.290,-3.740,10.218,0,0,1,3.280,4.760,3.000,3.000,3.0,26.0,SAFE
2026-08-26T10:43:39.065Z,36.24,26.57,0.000,2.540,-7.155,6.079,-7.157,6.822,6.068,0.000,Worker_3,3.640,-7.120,17.044,0,0,1,3.280,4.760,3.000,3.000,3.0,26.0,SAFE
2026-08-26T10:43:39.165Z,36.34,26.57,0.000,2.540,-7.155,6.079,-7.157,6.822,6.068,0.000,Worker_1,2.918,10.289,10.924,0,0,1,3.280,4.760,3.000,3.000,3.0,26.0,SAFE
2026-08-26T10:43:39.165Z,36.34,26.57,0.000,2.540,-7.155,6.079,-7.157,6.822,6.068,0.000,Worker_2,-4.290,-3.740,10.218,0,0,1,3.280,4.760,3.000,3.000,3.0,26.0,SAFE
2026-08-26T10:43:39.165Z,36.34,26.57,0.000,2.540,-7.155,6.079,-7.157,6.822,6.068,0.000,Worker_3,3.640,-7.120,17.044,0,0,1,3.280,4.760,3.000,3.000,3.0,26.0,SAFE
2026-08-26T10:43:39.265Z,36.44,26.57,0.000,2.540,-7.155,6.079,-7.157,6.822,6.068,0.000,Worker_1,2.723,10.335,10.763,0,0,1,3.280,4.760,3.000,3.000,3.0,26.0,SAFE
2026-08-26T10:43:39.265Z,36.44,26.57,0.000,2.540,-7.155,6.079,-7.157,6.822,6.068,0.000,Worker_2,-4.290,-3.740,10.218,0,0,1,3.280,4.760,3.000,3.000,3.0,26.0,SAFE
2026-08-26T10:43:39.265Z,36.44,26.57,0.000,2.540,-7.155,6.079,-7.157,6.822,6.068,0.000,Worker_3,3.640,-7.120,17.044,0,0,1,3.280,4.760,3.000,3.000,3.0,26.0,SAFE
2026-08-26T10:43:39.397Z,36.57,26.57,0.000,2.540,-7.155,6.079,-7.157,6.822,6.068,0.000,Worker_1,2.466,10.395,10.552,0,0,1,3.280,4.760,3.000,3.000,3.0,26.0,SAFE
2026-08-26T10:43:39.397Z,36.57,26.57,0.000,2.540,-7.155,6.079,-7.157,6.822,6.068,0.000,Worker_2,-4.290,-3.740,10.218,0,0,1,3.280,4.760,3.000,3.000,3.0,26.0,SAFE
2026-08-26T10:43:39.397Z,36.57,26.57,0.000,2.540,-7.155,6.079,-7.157,6.822,6.068,0.000,Worker_3,3.640,-7.120,17.044,0,0,1,3.280,4.760,3.000,3.000,3.0,26.0,SAFE
2026-08-26T10:43:39.499Z,36.67,26.57,0.000,2.540,-7.155,6.079,-7.157,6.822,6.068,0.000,Worker_1,2.268,10.442,10.391,0,0,1,3.280,4.760,3.000,3.000,3.0,26.0,SAFE
2026-08-26T10:43:39.499Z,36.67,26.57,0.000,2.540,-7.155,6.079,-7.157,6.822,6.068,0.000,Worker_2,-4.290,-3.740,10.218,0,0,1,3.280,4.760,3.000,3.000,3.0,26.0,SAFE
2026-08-26T10:43:39.499Z,36.67,26.57,0.000,2.540,-7.155,6.079,-7.157,6.822,6.068,0.000,Worker_3,3.640,-7.120,17.044,0,0,1,3.280,4.760,3.000,3.000,3.0,26.0,SAFE
2026-08-26T10:43:39.600Z,36.77,26.57,0.000,2.540,-7.155,6.079,-7.157,6.822,6.068,0.000,Worker_1,2.073,10.488,10.235,0,0,1,3.280,4.760,3.000,3.000,3.0,26.0,SAFE
2026-08-26T10:43:39.600Z,36.77,26.57,0.000,2.540,-7.155,6.079,-7.157,6.822,6.068,0.000,Worker_2,-4.290,-3.740,10.218,0,0,1,3.280,4.760,3.000,3.000,3.0,26.0,SAFE
2026-08-26T10:43:39.600Z,36.77,26.57,0.000,2.540,-7.155,6.079,-7.157,6.822,6.068,0.000,Worker_3,3.640,-7.120,17.044,0,0,1,3.280,4.760,3.000,3.000,3.0,26.0,SAFE
2026-08-26T10:43:39.704Z,36.88,26.57,0.000,2.540,-7.155,6.079,-7.157,6.822,6.068,0.000,Worker_1,1.869,10.536,10.072,0,0,0,3.280,4.760,3.000,3.000,3.0,26.0,SAFE
2026-08-26T10:43:39.704Z,36.88,26.57,0.000,2.540,-7.155,6.079,-7.157,6.822,6.068,0.000,Worker_2,-4.290,-3.740,10.218,0,0,1,3.280,4.760,3.000,3.000,3.0,26.0,SAFE
2026-08-26T10:43:39.704Z,36.88,26.57,0.000,2.540,-7.155,6.079,-7.157,6.822,6.068,0.000,Worker_3,3.640,-7.120,17.044,0,0,1,3.280,4.760,3.000,3.000,3.0,26.0,SAFE
2026-08-26T10:43:39.843Z,37.02,26.57,0.000,2.540,-7.155,6.079,-7.157,6.822,6.068,0.000,Worker_1,1.604,10.598,9.864,0,0,0,3.280,4.760,3.000,3.000,3.0,26.0,SAFE
2026-08-26T10:43:39.843Z,37.02,26.57,0.000,2.540,-7.155,6.079,-7.157,6.822,6.068,0.000,Worker_2,-4.290,-3.740,10.218,0,0,1,3.280,4.760,3.000,3.000,3.0,26.0,SAFE
2026-08-26T10:43:39.843Z,37.02,26.57,0.000,2.540,-7.155,6.079,-7.157,6.822,6.068,0.000,Worker_3,3.640,-7.120,17.044,0,0,1,3.280,4.760,3.000,3.000,3.0,26.0,SAFE
2026-08-26T10:43:39.949Z,37.12,26.57,0.000,2.540,-7.155,6.079,-7.157,6.822,6.068,0.000,Worker_1,1.393,10.648,9.700,0,0,0,3.280,4.760,3.000,3.000,3.0,26.0,SAFE
2026-08-26T10:43:39.949Z,37.12,26.57,0.000,2.540,-7.155,6.079,-7.157,6.822,6.068,0.000,Worker_2,-4.290,-3.740,10.218,0,0,1,3.280,4.760,3.000,3.000,3.0,26.0,SAFE
2026-08-26T10:43:39.949Z,37.12,26.57,0.000,2.540,-7.155,6.079,-7.157,6.822,6.068,0.000,Worker_3,3.640,-7.120,17.044,0,0,1,3.280,4.760,3.000,3.000,3.0,26.0,SAFE
2026-08-26T10:43:40.051Z,37.23,26.57,0.000,2.540,-7.155,6.079,-7.157,6.822,6.068,0.000,Worker_1,1.195,10.695,9.548,0,0,0,3.280,4.760,3.000,3.000,3.0,26.0,SAFE
2026-08-26T10:43:40.051Z,37.23,26.57,0.000,2.540,-7.155,6.079,-7.157,6.822,6.068,0.000,Worker_2,-4.290,-3.740,10.218,0,0,1,3.280,4.760,3.000,3.000,3.0,26.0,SAFE
2026-08-26T10:43:40.051Z,37.23,26.57,0.000,2.540,-7.155,6.079,-7.157,6.822,6.068,0.000,Worker_3,3.640,-7.120,17.044,0,0,1,3.280,4.760,3.000,3.000,3.0,26.0,SAFE
2026-08-26T10:43:40.152Z,37.33,26.57,0.000,2.540,-7.155,6.079,-7.157,6.822,6.068,0.000,Worker_1,0.998,10.741,9.400,0,0,0,3.280,4.760,3.000,3.000,3.0,26.0,SAFE
2026-08-26T10:43:40.152Z,37.33,26.57,0.000,2.540,-7.155,6.079,-7.157,6.822,6.068,0.000,Worker_2,-4.290,-3.740,10.218,0,0,1,3.280,4.760,3.000,3.000,3.0,26.0,SAFE
2026-08-26T10:43:40.152Z,37.33,26.57,0.000,2.540,-7.155,6.079,-7.157,6.822,6.068,0.000,Worker_3,3.640,-7.120,17.044,0,0,1,3.280,4.760,3.000,3.000,3.0,26.0,SAFE
2026-08-26T10:43:40.265Z,37.44,26.57,0.000,2.540,-7.155,6.079,-7.157,6.822,6.068,0.000,Worker_1,0.777,10.793,9.235,0,0,0,3.280,4.760,3.000,3.000,3.0,26.0,SAFE
2026-08-26T10:43:40.265Z,37.44,26.57,0.000,2.540,-7.155,6.079,-7.157,6.822,6.068,0.000,Worker_2,-4.290,-3.740,10.218,0,0,1,3.280,4.760,3.000,3.000,3.0,26.0,SAFE
2026-08-26T10:43:40.265Z,37.44,26.57,0.000,2.540,-7.155,6.079,-7.157,6.822,6.068,0.000,Worker_3,3.640,-7.120,17.044,0,0,1,3.280,4.760,3.000,3.000,3.0,26.0,SAFE
2026-08-26T10:43:40.384Z,37.56,26.57,0.000,2.540,-7.155,6.079,-7.157,6.822,6.068,0.000,Worker_1,0.547,10.847,9.066,0,0,0,3.280,4.760,3.000,3.000,3.0,26.0,SAFE
2026-08-26T10:43:40.384Z,37.56,26.57,0.000,2.540,-7.155,6.079,-7.157,6.822,6.068,0.000,Worker_2,-4.290,-3.740,10.218,0,0,1,3.280,4.760,3.000,3.000,3.0,26.0,SAFE
2026-08-26T10:43:40.384Z,37.56,26.57,0.000,2.540,-7.155,6.079,-7.157,6.822,6.068,0.000,Worker_3,3.640,-7.120,17.044,0,0,1,3.280,4.760,3.000,3.000,3.0,26.0,SAFE
2026-08-26T10:43:40.497Z,37.67,26.57,0.000,2.540,-7.155,6.079,-7.157,6.822,6.068,0.000,Worker_1,0.326,10.899,8.908,0,0,0,3.280,4.760,3.000,3.000,3.0,26.0,SAFE
2026-08-26T10:43:40.497Z,37.67,26.57,0.000,2.540,-7.155,6.079,-7.157,6.822,6.068,0.000,Worker_2,-4.290,-3.740,10.218,0,0,1,3.280,4.760,3.000,3.000,3.0,26.0,SAFE
2026-08-26T10:43:40.497Z,37.67,26.57,0.000,2.540,-7.155,6.079,-7.157,6.822,6.068,0.000,Worker_3,3.640,-7.120,17.044,0,0,1,3.280,4.760,3.000,3.000,3.0,26.0,SAFE
2026-08-26T10:43:40.601Z,37.78,26.57,0.000,2.540,-7.155,6.079,-7.157,6.822,6.068,0.000,Worker_1,0.123,10.947,8.765,0,0,0,3.280,4.760,3.000,3.000,3.0,26.0,SAFE
2026-08-26T10:43:40.601Z,37.78,26.57,0.000,2.540,-7.155,6.079,-7.157,6.822,6.068,0.000,Worker_2,-4.290,-3.740,10.218,0,0,1,3.280,4.760,3.000,3.000,3.0,26.0,SAFE
2026-08-26T10:43:40.601Z,37.78,26.57,0.000,2.540,-7.155,6.079,-7.157,6.822,6.068,0.000,Worker_3,3.640,-7.120,17.044,0,0,1,3.280,4.760,3.000,3.000,3.0,26.0,SAFE
2026-08-26T10:43:40.714Z,37.89,26.57,0.000,2.540,-7.155,6.079,-7.157,6.822,6.068,0.000,Worker_1,-0.097,10.999,8.612,0,0,0,3.280,4.760,3.000,3.000,3.0,26.0,SAFE
2026-08-26T10:43:40.714Z,37.89,26.57,0.000,2.540,-7.155,6.079,-7.157,6.822,6.068,0.000,Worker_2,-4.290,-3.740,10.218,0,0,1,3.280,4.760,3.000,3.000,3.0,26.0,SAFE
2026-08-26T10:43:40.714Z,37.89,26.57,0.000,2.540,-7.155,6.079,-7.157,6.822,6.068,0.000,Worker_3,3.640,-7.120,17.044,0,0,1,3.280,4.760,3.000,3.000,3.0,26.0,SAFE
2026-08-26T10:43:40.816Z,37.99,26.57,0.000,2.540,-7.155,6.079,-7.157,6.822,6.068,0.000,Worker_1,-0.295,11.046,8.478,0,0,0,3.280,4.760,3.000,3.000,3.0,26.0,SAFE
2026-08-26T10:43:40.816Z,37.99,26.57,0.000,2.540,-7.155,6.079,-7.157,6.822,6.068,0.000,Worker_2,-4.290,-3.740,10.218,0,0,1,3.280,4.760,3.000,3.000,3.0,26.0,SAFE
2026-08-26T10:43:40.816Z,37.99,26.57,0.000,2.540,-7.155,6.079,-7.157,6.822,6.068,0.000,Worker_3,3.640,-7.120,17.044,0,0,1,3.280,4.760,3.000,3.000,3.0,26.0,SAFE
2026-08-26T10:43:40.933Z,38.11,26.57,0.000,2.540,-7.155,6.079,-7.157,6.822,6.068,0.000,Worker_1,-0.523,11.099,8.327,0,0,0,3.280,4.760,3.000,3.000,3.0,26.0,SAFE
2026-08-26T10:43:40.933Z,38.11,26.57,0.000,2.540,-7.155,6.079,-7.157,6.822,6.068,0.000,Worker_2,-4.290,-3.740,10.218,0,0,1,3.280,4.760,3.000,3.000,3.0,26.0,SAFE
2026-08-26T10:43:40.933Z,38.11,26.57,0.000,2.540,-7.155,6.079,-7.157,6.822,6.068,0.000,Worker_3,3.640,-7.120,17.044,0,0,1,3.280,4.760,3.000,3.000,3.0,26.0,SAFE
2026-08-26T10:43:41.047Z,38.22,26.57,0.000,2.540,-7.155,6.079,-7.157,6.822,6.068,0.000,Worker_1,-0.744,11.151,8.184,0,0,0,3.280,4.760,3.000,3.000,3.0,26.0,SAFE
2026-08-26T10:43:41.047Z,38.22,26.57,0.000,2.540,-7.155,6.079,-7.157,6.822,6.068,0.000,Worker_2,-4.290,-3.740,10.218,0,0,1,3.280,4.760,3.000,3.000,3.0,26.0,SAFE
2026-08-26T10:43:41.047Z,38.22,26.57,0.000,2.540,-7.155,6.079,-7.157,6.822,6.068,0.000,Worker_3,3.640,-7.120,17.044,0,0,1,3.280,4.760,3.000,3.000,3.0,26.0,SAFE
2026-08-26T10:43:41.151Z,38.33,26.57,0.000,2.540,-7.155,6.079,-7.157,6.822,6.068,0.000,Worker_1,-0.947,11.199,8.057,0,0,0,3.280,4.760,3.000,3.000,3.0,26.0,SAFE
2026-08-26T10:43:41.151Z,38.33,26.57,0.000,2.540,-7.155,6.079,-7.157,6.822,6.068,0.000,Worker_2,-4.290,-3.740,10.218,0,0,1,3.280,4.760,3.000,3.000,3.0,26.0,SAFE
2026-08-26T10:43:41.151Z,38.33,26.57,0.000,2.540,-7.155,6.079,-7.157,6.822,6.068,0.000,Worker_3,3.640,-7.120,17.044,0,0,1,3.280,4.760,3.000,3.000,3.0,26.0,SAFE
2026-08-26T10:43:41.282Z,38.46,26.57,0.000,2.540,-7.155,6.079,-7.157,6.822,6.068,0.000,Worker_1,-1.202,11.259,7.901,0,0,0,3.280,4.760,3.000,3.000,3.0,26.0,SAFE
2026-08-26T10:43:41.282Z,38.46,26.57,0.000,2.540,-7.155,6.079,-7.157,6.822,6.068,0.000,Worker_2,-4.290,-3.740,10.218,0,0,1,3.280,4.760,3.000,3.000,3.0,26.0,SAFE
2026-08-26T10:43:41.282Z,38.46,26.57,0.000,2.540,-7.155,6.079,-7.157,6.822,6.068,0.000,Worker_3,3.640,-7.120,17.044,0,0,1,3.280,4.760,3.000,3.000,3.0,26.0,SAFE
2026-08-26T10:43:41.397Z,38.57,26.57,0.000,2.540,-7.155,6.079,-7.157,6.822,6.068,0.000,Worker_1,-1.296,11.281,7.845,0,0,0,3.280,4.760,3.000,3.000,3.0,26.0,SAFE
2026-08-26T10:43:41.397Z,38.57,26.57,0.000,2.540,-7.155,6.079,-7.157,6.822,6.068,0.000,Worker_2,-4.290,-3.740,10.218,0,0,1,3.280,4.760,3.000,3.000,3.0,26.0,SAFE
2026-08-26T10:43:41.397Z,38.57,26.57,0.000,2.540,-7.155,6.079,-7.157,6.822,6.068,0.000,Worker_3,3.640,-7.120,17.044,0,0,1,3.280,4.760,3.000,3.000,3.0,26.0,SAFE
2026-08-26T10:43:41.516Z,38.69,26.57,0.000,2.540,-7.155,6.079,-7.157,6.822,6.068,0.000,Worker_1,-1.064,11.227,7.984,0,0,0,3.280,4.760,3.000,3.000,3.0,26.0,SAFE
2026-08-26T10:43:41.516Z,38.69,26.57,0.000,2.540,-7.155,6.079,-7.157,6.822,6.068,0.000,Worker_2,-4.290,-3.740,10.218,0,0,1,3.280,4.760,3.000,3.000,3.0,26.0,SAFE
2026-08-26T10:43:41.516Z,38.69,26.57,0.000,2.540,-7.155,6.079,-7.157,6.822,6.068,0.000,Worker_3,3.640,-7.120,17.044,0,0,1,3.280,4.760,3.000,3.000,3.0,26.0,SAFE
2026-08-26T10:43:41.629Z,38.80,26.57,0.000,2.540,-7.155,6.079,-7.157,6.822,6.068,0.000,Worker_1,-0.843,11.175,8.121,0,0,0,3.280,4.760,3.000,3.000,3.0,26.0,SAFE
2026-08-26T10:43:41.629Z,38.80,26.57,0.000,2.540,-7.155,6.079,-7.157,6.822,6.068,0.000,Worker_2,-4.290,-3.740,10.218,0,0,1,3.280,4.760,3.000,3.000,3.0,26.0,SAFE
2026-08-26T10:43:41.629Z,38.80,26.57,0.000,2.540,-7.155,6.079,-7.157,6.822,6.068,0.000,Worker_3,3.640,-7.120,17.044,0,0,1,3.280,4.760,3.000,3.000,3.0,26.0,SAFE
2026-08-26T10:43:41.730Z,38.91,26.57,0.000,2.540,-7.155,6.079,-7.157,6.822,6.068,0.000,Worker_1,-0.647,11.129,8.246,0,0,0,3.280,4.760,3.000,3.000,3.0,26.0,SAFE
2026-08-26T10:43:41.730Z,38.91,26.57,0.000,2.540,-7.155,6.079,-7.157,6.822,6.068,0.000,Worker_2,-4.290,-3.740,10.218,0,0,1,3.280,4.760,3.000,3.000,3.0,26.0,SAFE
2026-08-26T10:43:41.730Z,38.91,26.57,0.000,2.540,-7.155,6.079,-7.157,6.822,6.068,0.000,Worker_3,3.640,-7.120,17.044,0,0,1,3.280,4.760,3.000,3.000,3.0,26.0,SAFE
2026-08-26T10:43:41.831Z,39.01,26.57,0.000,2.540,-7.155,6.079,-7.157,6.822,6.068,0.000,Worker_1,-0.452,11.082,8.374,0,0,0,3.280,4.760,3.000,3.000,3.0,26.0,SAFE
2026-08-26T10:43:41.831Z,39.01,26.57,0.000,2.540,-7.155,6.079,-7.157,6.822,6.068,0.000,Worker_2,-4.290,-3.740,10.218,0,0,1,3.280,4.760,3.000,3.000,3.0,26.0,SAFE
2026-08-26T10:43:41.831Z,39.01,26.57,0.000,2.540,-7.155,6.079,-7.157,6.822,6.068,0.000,Worker_3,3.640,-7.120,17.044,0,0,1,3.280,4.760,3.000,3.000,3.0,26.0,SAFE
2026-08-26T10:43:41.944Z,39.12,26.57,0.000,2.540,-7.155,6.079,-7.157,6.822,6.068,0.000,Worker_1,-0.230,11.030,8.522,0,0,0,3.280,4.760,3.000,3.000,3.0,26.0,SAFE
2026-08-26T10:43:41.944Z,39.12,26.57,0.000,2.540,-7.155,6.079,-7.157,6.822,6.068,0.000,Worker_2,-4.290,-3.740,10.218,0,0,1,3.280,4.760,3.000,3.000,3.0,26.0,SAFE
2026-08-26T10:43:41.944Z,39.12,26.57,0.000,2.540,-7.155,6.079,-7.157,6.822,6.068,0.000,Worker_3,3.640,-7.120,17.044,0,0,1,3.280,4.760,3.000,3.000,3.0,26.0,SAFE
2026-08-26T10:43:42.062Z,39.24,26.57,0.000,2.540,-7.155,6.079,-7.157,6.822,6.068,0.000,Worker_1,0.000,10.976,8.679,0,0,0,3.280,4.760,3.000,3.000,3.0,26.0,SAFE
2026-08-26T10:43:42.062Z,39.24,26.57,0.000,2.540,-7.155,6.079,-7.157,6.822,6.068,0.000,Worker_2,-4.290,-3.740,10.218,0,0,1,3.280,4.760,3.000,3.000,3.0,26.0,SAFE
2026-08-26T10:43:42.062Z,39.24,26.57,0.000,2.540,-7.155,6.079,-7.157,6.822,6.068,0.000,Worker_3,3.640,-7.120,17.044,0,0,1,3.280,4.760,3.000,3.000,3.0,26.0,SAFE
2026-08-26T10:43:42.179Z,39.36,26.57,0.000,2.540,-7.155,6.079,-7.157,6.822,6.068,0.000,Worker_1,0.229,10.922,8.839,0,0,0,3.280,4.760,3.000,3.000,3.0,26.0,SAFE
2026-08-26T10:43:42.179Z,39.36,26.57,0.000,2.540,-7.155,6.079,-7.157,6.822,6.068,0.000,Worker_2,-4.290,-3.740,10.218,0,0,1,3.280,4.760,3.000,3.000,3.0,26.0,SAFE
2026-08-26T10:43:42.179Z,39.36,26.57,0.000,2.540,-7.155,6.079,-7.157,6.822,6.068,0.000,Worker_3,3.640,-7.120,17.044,0,0,1,3.280,4.760,3.000,3.000,3.0,26.0,SAFE
2026-08-26T10:43:42.297Z,39.47,26.57,0.000,2.540,-7.155,6.079,-7.157,6.822,6.068,0.000,Worker_1,0.455,10.869,9.000,0,0,0,3.280,4.760,3.000,3.000,3.0,26.0,SAFE
2026-08-26T10:43:42.297Z,39.47,26.57,0.000,2.540,-7.155,6.079,-7.157,6.822,6.068,0.000,Worker_2,-4.290,-3.740,10.218,0,0,1,3.280,4.760,3.000,3.000,3.0,26.0,SAFE
2026-08-26T10:43:42.297Z,39.47,26.57,0.000,2.540,-7.155,6.079,-7.157,6.822,6.068,0.000,Worker_3,3.640,-7.120,17.044,0,0,1,3.280,4.760,3.000,3.000,3.0,26.0,SAFE
2026-08-26T10:43:42.411Z,39.59,26.57,0.000,2.540,-7.155,6.079,-7.157,6.822,6.068,0.000,Worker_1,0.679,10.816,9.163,0,0,0,3.280,4.760,3.000,3.000,3.0,26.0,SAFE
2026-08-26T10:43:42.411Z,39.59,26.57,0.000,2.540,-7.155,6.079,-7.157,6.822,6.068,0.000,Worker_2,-4.290,-3.740,10.218,0,0,1,3.280,4.760,3.000,3.000,3.0,26.0,SAFE
2026-08-26T10:43:42.411Z,39.59,26.57,0.000,2.540,-7.155,6.079,-7.157,6.822,6.068,0.000,Worker_3,3.640,-7.120,17.044,0,0,1,3.280,4.760,3.000,3.000,3.0,26.0,SAFE
2026-08-26T10:43:42.529Z,39.70,26.57,0.000,2.540,-7.155,6.079,-7.157,6.822,6.068,0.000,Worker_1,0.908,10.762,9.332,0,0,0,3.280,4.760,3.000,3.000,3.0,26.0,SAFE
2026-08-26T10:43:42.529Z,39.70,26.57,0.000,2.540,-7.155,6.079,-7.157,6.822,6.068,0.000,Worker_2,-4.290,-3.740,10.218,0,0,1,3.280,4.760,3.000,3.000,3.0,26.0,SAFE
2026-08-26T10:43:42.529Z,39.70,26.57,0.000,2.540,-7.155,6.079,-7.157,6.822,6.068,0.000,Worker_3,3.640,-7.120,17.044,0,0,1,3.280,4.760,3.000,3.000,3.0,26.0,SAFE
2026-08-26T10:43:42.629Z,39.80,26.57,0.000,2.540,-7.155,6.079,-7.157,6.822,6.068,0.000,Worker_1,1.103,10.716,9.479,0,0,0,3.280,4.760,3.000,3.000,3.0,26.0,SAFE
2026-08-26T10:43:42.629Z,39.80,26.57,0.000,2.540,-7.155,6.079,-7.157,6.822,6.068,0.000,Worker_2,-4.290,-3.740,10.218,0,0,1,3.280,4.760,3.000,3.000,3.0,26.0,SAFE
2026-08-26T10:43:42.629Z,39.80,26.57,0.000,2.540,-7.155,6.079,-7.157,6.822,6.068,0.000,Worker_3,3.640,-7.120,17.044,0,0,1,3.280,4.760,3.000,3.000,3.0,26.0,SAFE
2026-08-26T10:43:42.730Z,39.90,26.57,0.000,2.540,-7.155,6.079,-7.157,6.822,6.068,0.000,Worker_1,1.298,10.670,9.627,0,0,0,3.280,4.760,3.000,3.000,3.0,26.0,SAFE
2026-08-26T10:43:42.730Z,39.90,26.57,0.000,2.540,-7.155,6.079,-7.157,6.822,6.068,0.000,Worker_2,-4.290,-3.740,10.218,0,0,1,3.280,4.760,3.000,3.000,3.0,26.0,SAFE
2026-08-26T10:43:42.730Z,39.90,26.57,0.000,2.540,-7.155,6.079,-7.157,6.822,6.068,0.000,Worker_3,3.640,-7.120,17.044,0,0,1,3.280,4.760,3.000,3.000,3.0,26.0,SAFE
2026-08-26T10:43:42.846Z,40.02,26.57,0.000,2.540,-7.155,6.079,-7.157,6.822,6.068,0.000,Worker_1,1.526,10.617,9.803,0,0,0,3.280,4.760,3.000,3.000,3.0,26.0,SAFE
2026-08-26T10:43:42.846Z,40.02,26.57,0.000,2.540,-7.155,6.079,-7.157,6.822,6.068,0.000,Worker_2,-4.290,-3.740,10.218,0,0,1,3.280,4.760,3.000,3.000,3.0,26.0,SAFE
2026-08-26T10:43:42.846Z,40.02,26.57,0.000,2.540,-7.155,6.079,-7.157,6.822,6.068,0.000,Worker_3,3.640,-7.120,17.044,0,0,1,3.280,4.760,3.000,3.000,3.0,26.0,SAFE
2026-08-26T10:43:42.961Z,40.14,26.57,0.000,2.540,-7.155,6.079,-7.157,6.822,6.068,0.000,Worker_1,1.750,10.564,9.978,0,0,0,3.280,4.760,3.000,3.000,3.0,26.0,SAFE
2026-08-26T10:43:42.961Z,40.14,26.57,0.000,2.540,-7.155,6.079,-7.157,6.822,6.068,0.000,Worker_2,-4.290,-3.740,10.218,0,0,1,3.280,4.760,3.000,3.000,3.0,26.0,SAFE
2026-08-26T10:43:42.961Z,40.14,26.57,0.000,2.540,-7.155,6.079,-7.157,6.822,6.068,0.000,Worker_3,3.640,-7.120,17.044,0,0,1,3.280,4.760,3.000,3.000,3.0,26.0,SAFE
2026-08-26T10:43:43.078Z,40.25,26.57,0.000,2.540,-7.155,6.079,-7.157,6.822,6.068,0.000,Worker_1,1.979,10.510,10.159,0,0,0,3.280,4.760,3.000,3.000,3.0,26.0,SAFE
2026-08-26T10:43:43.078Z,40.25,26.57,0.000,2.540,-7.155,6.079,-7.157,6.822,6.068,0.000,Worker_2,-4.290,-3.740,10.218,0,0,1,3.280,4.760,3.000,3.000,3.0,26.0,SAFE
2026-08-26T10:43:43.078Z,40.25,26.57,0.000,2.540,-7.155,6.079,-7.157,6.822,6.068,0.000,Worker_3,3.640,-7.120,17.044,0,0,1,3.280,4.760,3.000,3.000,3.0,26.0,SAFE
2026-08-26T10:43:43.196Z,40.37,26.57,0.000,2.540,-7.155,6.079,-7.157,6.822,6.068,0.000,Worker_1,2.206,10.457,10.341,0,0,1,3.280,4.760,3.000,3.000,3.0,26.0,SAFE
2026-08-26T10:43:43.196Z,40.37,26.57,0.000,2.540,-7.155,6.079,-7.157,6.822,6.068,0.000,Worker_2,-4.290,-3.740,10.218,0,0,1,3.280,4.760,3.000,3.000,3.0,26.0,SAFE
2026-08-26T10:43:43.196Z,40.37,26.57,0.000,2.540,-7.155,6.079,-7.157,6.822,6.068,0.000,Worker_3,3.640,-7.120,17.044,0,0,1,3.280,4.760,3.000,3.000,3.0,26.0,SAFE
2026-08-26T10:43:43.311Z,40.49,26.57,0.000,2.540,-7.155,6.079,-7.157,6.822,6.068,0.000,Worker_1,2.432,10.403,10.524,0,0,1,3.280,4.760,3.000,3.000,3.0,26.0,SAFE
2026-08-26T10:43:43.311Z,40.49,26.57,0.000,2.540,-7.155,6.079,-7.157,6.822,6.068,0.000,Worker_2,-4.290,-3.740,10.218,0,0,1,3.280,4.760,3.000,3.000,3.0,26.0,SAFE
2026-08-26T10:43:43.311Z,40.49,26.57,0.000,2.540,-7.155,6.079,-7.157,6.822,6.068,0.000,Worker_3,3.640,-7.120,17.044,0,0,1,3.280,4.760,3.000,3.000,3.0,26.0,SAFE
2026-08-26T10:43:43.412Z,40.59,26.57,0.000,2.540,-7.155,6.079,-7.157,6.822,6.068,0.000,Worker_1,2.627,10.357,10.684,0,0,1,3.280,4.760,3.000,3.000,3.0,26.0,SAFE
2026-08-26T10:43:43.412Z,40.59,26.57,0.000,2.540,-7.155,6.079,-7.157,6.822,6.068,0.000,Worker_2,-4.290,-3.740,10.218,0,0,1,3.280,4.760,3.000,3.000,3.0,26.0,SAFE
2026-08-26T10:43:43.412Z,40.59,26.57,0.000,2.540,-7.155,6.079,-7.157,6.822,6.068,0.000,Worker_3,3.640,-7.120,17.044,0,0,1,3.280,4.760,3.000,3.000,3.0,26.0,SAFE
2026-08-26T10:43:43.528Z,40.70,26.57,0.000,2.540,-7.155,6.079,-7.157,6.822,6.068,0.000,Worker_1,2.854,10.304,10.871,0,0,1,3.280,4.760,3.000,3.000,3.0,26.0,SAFE
2026-08-26T10:43:43.528Z,40.70,26.57,0.000,2.540,-7.155,6.079,-7.157,6.822,6.068,0.000,Worker_2,-4.290,-3.740,10.218,0,0,1,3.280,4.760,3.000,3.000,3.0,26.0,SAFE
2026-08-26T10:43:43.528Z,40.70,26.57,0.000,2.540,-7.155,6.079,-7.157,6.822,6.068,0.000,Worker_3,3.640,-7.120,17.044,0,0,1,3.280,4.760,3.000,3.000,3.0,26.0,SAFE
2026-08-26T10:43:43.659Z,40.84,26.57,0.000,2.540,-7.155,6.079,-7.157,6.822,6.068,0.000,Worker_1,3.110,10.244,11.084,0,0,1,3.280,4.760,3.000,3.000,3.0,26.0,SAFE
2026-08-26T10:43:43.659Z,40.84,26.57,0.000,2.540,-7.155,6.079,-7.157,6.822,6.068,0.000,Worker_2,-4.290,-3.740,10.218,0,0,1,3.280,4.760,3.000,3.000,3.0,26.0,SAFE
2026-08-26T10:43:43.659Z,40.84,26.57,0.000,2.540,-7.155,6.079,-7.157,6.822,6.068,0.000,Worker_3,3.640,-7.120,17.044,0,0,1,3.280,4.760,3.000,3.000,3.0,26.0,SAFE
2026-08-26T10:43:43.812Z,40.98,26.57,0.000,2.540,-7.155,6.079,-7.157,6.822,6.068,0.000,Worker_1,3.394,10.177,11.323,0,0,1,3.280,4.760,3.000,3.000,3.0,26.0,SAFE
2026-08-26T10:43:43.812Z,40.98,26.57,0.000,2.540,-7.155,6.079,-7.157,6.822,6.068,0.000,Worker_2,-4.290,-3.740,10.218,0,0,1,3.280,4.760,3.000,3.000,3.0,26.0,SAFE
2026-08-26T10:43:43.812Z,40.98,26.57,0.000,2.540,-7.155,6.079,-7.157,6.822,6.068,0.000,Worker_3,3.640,-7.120,17.044,0,0,1,3.280,4.760,3.000,3.000,3.0,26.0,SAFE
2026-08-26T10:43:43.910Z,41.09,26.57,0.000,2.540,-7.155,6.079,-7.157,6.822,6.068,0.000,Worker_1,3.598,10.129,11.496,0,0,1,3.280,4.760,3.000,3.000,3.0,26.0,SAFE
2026-08-26T10:43:43.910Z,41.09,26.57,0.000,2.540,-7.155,6.079,-7.157,6.822,6.068,0.000,Worker_2,-4.290,-3.740,10.218,0,0,1,3.280,4.760,3.000,3.000,3.0,26.0,SAFE
2026-08-26T10:43:43.910Z,41.09,26.57,0.000,2.540,-7.155,6.079,-7.157,6.822,6.068,0.000,Worker_3,3.640,-7.120,17.044,0,0,1,3.280,4.760,3.000,3.000,3.0,26.0,SAFE
2026-08-26T10:43:44.043Z,41.22,26.57,0.000,2.540,-7.155,6.079,-7.157,6.822,6.068,0.000,Worker_1,3.857,10.068,11.718,0,0,1,3.280,4.760,3.000,3.000,3.0,26.0,SAFE
2026-08-26T10:43:44.043Z,41.22,26.57,0.000,2.540,-7.155,6.079,-7.157,6.822,6.068,0.000,Worker_2,-4.290,-3.740,10.218,0,0,1,3.280,4.760,3.000,3.000,3.0,26.0,SAFE
2026-08-26T10:43:44.043Z,41.22,26.57,0.000,2.540,-7.155,6.079,-7.157,6.822,6.068,0.000,Worker_3,3.640,-7.120,17.044,0,0,1,3.280,4.760,3.000,3.000,3.0,26.0,SAFE
2026-08-26T10:43:44.144Z,41.32,26.57,0.000,2.540,-7.155,6.079,-7.157,6.822,6.068,0.000,Worker_1,4.052,10.022,11.886,0,0,1,3.280,4.760,3.000,3.000,3.0,26.0,SAFE
2026-08-26T10:43:44.144Z,41.32,26.57,0.000,2.540,-7.155,6.079,-7.157,6.822,6.068,0.000,Worker_2,-4.290,-3.740,10.218,0,0,1,3.280,4.760,3.000,3.000,3.0,26.0,SAFE
2026-08-26T10:43:44.144Z,41.32,26.57,0.000,2.540,-7.155,6.079,-7.157,6.822,6.068,0.000,Worker_3,3.640,-7.120,17.044,0,0,1,3.280,4.760,3.000,3.000,3.0,26.0,SAFE
2026-08-26T10:43:44.261Z,41.44,26.57,0.000,2.540,-7.155,6.079,-7.157,6.822,6.068,0.000,Worker_1,4.281,9.968,12.085,0,0,1,3.280,4.760,3.000,3.000,3.0,26.0,SAFE
2026-08-26T10:43:44.261Z,41.44,26.57,0.000,2.540,-7.155,6.079,-7.157,6.822,6.068,0.000,Worker_2,-4.290,-3.740,10.218,0,0,1,3.280,4.760,3.000,3.000,3.0,26.0,SAFE
2026-08-26T10:43:44.261Z,41.44,26.57,0.000,2.540,-7.155,6.079,-7.157,6.822,6.068,0.000,Worker_3,3.640,-7.120,17.044,0,0,1,3.280,4.760,3.000,3.000,3.0,26.0,SAFE
2026-08-26T10:43:44.377Z,41.55,26.57,0.000,2.540,-7.155,6.079,-7.157,6.822,6.068,0.000,Worker_1,4.506,9.915,12.282,0,0,1,3.280,4.760,3.000,3.000,3.0,26.0,SAFE
2026-08-26T10:43:44.377Z,41.55,26.57,0.000,2.540,-7.155,6.079,-7.157,6.822,6.068,0.000,Worker_2,-4.290,-3.740,10.218,0,0,1,3.280,4.760,3.000,3.000,3.0,26.0,SAFE
2026-08-26T10:43:44.377Z,41.55,26.57,0.000,2.540,-7.155,6.079,-7.157,6.822,6.068,0.000,Worker_3,3.640,-7.120,17.044,0,0,1,3.280,4.760,3.000,3.000,3.0,26.0,SAFE
2026-08-26T10:43:44.493Z,41.67,26.57,0.000,2.540,-7.155,6.079,-7.157,6.822,6.068,0.000,Worker_1,4.732,9.862,12.480,0,0,1,3.280,4.760,3.000,3.000,3.0,26.0,SAFE
2026-08-26T10:43:44.493Z,41.67,26.57,0.000,2.540,-7.155,6.079,-7.157,6.822,6.068,0.000,Worker_2,-4.290,-3.740,10.218,0,0,1,3.280,4.760,3.000,3.000,3.0,26.0,SAFE
2026-08-26T10:43:44.493Z,41.67,26.57,0.000,2.540,-7.155,6.079,-7.157,6.822,6.068,0.000,Worker_3,3.640,-7.120,17.044,0,0,1,3.280,4.760,3.000,3.000,3.0,26.0,SAFE
2026-08-26T10:43:44.594Z,41.77,26.57,0.000,2.540,-7.155,6.079,-7.157,6.822,6.068,0.000,Worker_1,4.927,9.816,12.653,0,0,1,3.280,4.760,3.000,3.000,3.0,26.0,SAFE
2026-08-26T10:43:44.594Z,41.77,26.57,0.000,2.540,-7.155,6.079,-7.157,6.822,6.068,0.000,Worker_2,-4.290,-3.740,10.218,0,0,1,3.280,4.760,3.000,3.000,3.0,26.0,SAFE
2026-08-26T10:43:44.594Z,41.77,26.57,0.000,2.540,-7.155,6.079,-7.157,6.822,6.068,0.000,Worker_3,3.640,-7.120,17.044,0,0,1,3.280,4.760,3.000,3.000,3.0,26.0,SAFE
2026-08-26T10:43:44.726Z,41.90,26.57,0.000,2.540,-7.155,6.079,-7.157,6.822,6.068,0.000,Worker_1,5.185,9.755,12.882,0,0,1,3.280,4.760,3.000,3.000,3.0,26.0,SAFE
2026-08-26T10:43:44.726Z,41.90,26.57,0.000,2.540,-7.155,6.079,-7.157,6.822,6.068,0.000,Worker_2,-4.290,-3.740,10.218,0,0,1,3.280,4.760,3.000,3.000,3.0,26.0,SAFE
2026-08-26T10:43:44.726Z,41.90,26.57,0.000,2.540,-7.155,6.079,-7.157,6.822,6.068,0.000,Worker_3,3.640,-7.120,17.044,0,0,1,3.280,4.760,3.000,3.000,3.0,26.0,SAFE
2026-08-26T10:43:44.827Z,42.00,26.30,0.000,2.540,-7.172,6.044,-7.158,6.822,6.068,0.001,Worker_1,5.381,9.709,13.056,0,0,1,3.280,4.760,3.000,3.000,3.0,26.0,SAFE
2026-08-26T10:43:44.827Z,42.00,26.30,0.000,2.540,-7.172,6.044,-7.158,6.822,6.068,0.001,Worker_2,-4.290,-3.740,10.218,0,0,1,3.280,4.760,3.000,3.000,3.0,26.0,SAFE
2026-08-26T10:43:44.827Z,42.00,26.30,0.000,2.540,-7.172,6.044,-7.158,6.822,6.068,0.001,Worker_3,3.640,-7.120,17.044,0,0,1,3.280,4.760,3.000,3.000,3.0,26.0,SAFE
2026-08-26T10:43:44.943Z,42.12,25.40,0.000,2.540,-7.227,5.932,-7.158,6.822,6.067,0.022,Worker_1,5.609,9.655,13.262,0,0,1,3.280,4.760,3.000,3.000,3.0,26.0,SAFE
2026-08-26T10:43:44.943Z,42.12,25.40,0.000,2.540,-7.227,5.932,-7.158,6.822,6.067,0.022,Worker_2,-4.290,-3.740,10.217,0,0,1,3.280,4.760,3.000,3.000,3.0,26.0,SAFE
2026-08-26T10:43:44.943Z,42.12,25.40,0.000,2.540,-7.227,5.932,-7.158,6.822,6.067,0.022,Worker_3,3.640,-7.120,17.044,0,0,1,3.280,4.760,3.000,3.000,3.0,26.0,SAFE
2026-08-26T10:43:45.060Z,42.24,23.90,0.000,2.540,-7.314,5.741,-7.162,6.822,6.060,0.096,Worker_1,5.835,9.602,13.471,0,0,1,3.280,4.760,3.000,3.000,3.0,26.0,SAFE
2026-08-26T10:43:45.060Z,42.24,23.90,0.000,2.540,-7.314,5.741,-7.162,6.822,6.060,0.096,Worker_2,-4.290,-3.740,10.212,0,0,1,3.280,4.760,3.000,3.000,3.0,26.0,SAFE
2026-08-26T10:43:45.060Z,42.24,23.90,0.000,2.540,-7.314,5.741,-7.162,6.822,6.060,0.096,Worker_3,3.640,-7.120,17.041,0,0,1,3.280,4.760,3.000,3.000,3.0,26.0,SAFE
2026-08-26T10:43:45.176Z,42.35,22.16,0.000,2.540,-7.409,5.517,-7.171,6.822,6.042,0.235,Worker_1,6.062,9.549,13.689,0,0,1,3.280,4.760,3.000,3.000,3.0,26.0,SAFE
2026-08-26T10:43:45.176Z,42.35,22.16,0.000,2.540,-7.409,5.517,-7.171,6.822,6.042,0.235,Worker_2,-4.290,-3.740,10.197,0,0,1,3.280,4.760,3.000,3.000,3.0,26.0,SAFE
2026-08-26T10:43:45.176Z,42.35,22.16,0.000,2.540,-7.409,5.517,-7.171,6.822,6.042,0.235,Worker_3,3.640,-7.120,17.032,0,0,1,3.280,4.760,3.000,3.000,3.0,26.0,SAFE
2026-08-26T10:43:45.278Z,42.45,20.64,0.000,2.540,-7.487,5.320,-7.185,6.822,6.012,0.388,Worker_1,6.259,9.502,13.889,0,0,1,3.280,4.760,3.000,3.000,3.0,26.0,SAFE
2026-08-26T10:43:45.278Z,42.45,20.64,0.000,2.540,-7.487,5.320,-7.185,6.822,6.012,0.388,Worker_2,-4.290,-3.740,10.173,0,0,1,3.280,4.760,3.000,3.000,3.0,26.0,SAFE
2026-08-26T10:43:45.278Z,42.45,20.64,0.000,2.540,-7.487,5.320,-7.185,6.822,6.012,0.388,Worker_3,3.640,-7.120,17.019,0,0,1,3.280,4.760,3.000,3.000,3.0,26.0,SAFE
2026-08-26T10:43:45.393Z,42.57,18.92,0.000,2.540,-7.568,5.094,-7.211,6.822,5.957,0.600,Worker_1,6.482,9.450,14.131,0,0,1,3.280,4.760,3.000,3.000,3.0,26.0,SAFE
2026-08-26T10:43:45.393Z,42.57,18.92,0.000,2.540,-7.568,5.094,-7.211,6.822,5.957,0.600,Worker_2,-4.290,-3.740,10.127,0,0,0,3.280,4.760,3.000,3.000,3.0,26.0,SAFE
2026-08-26T10:43:45.393Z,42.57,18.92,0.000,2.540,-7.568,5.094,-7.211,6.822,5.957,0.600,Worker_3,3.640,-7.120,16.993,0,0,1,3.280,4.760,3.000,3.000,3.0,26.0,SAFE
2026-08-26T10:43:45.492Z,42.67,17.41,0.000,2.540,-7.633,4.894,-7.241,6.821,5.892,0.790,Worker_1,6.677,9.404,14.354,0,0,1,3.280,4.760,3.000,3.000,3.0,26.0,SAFE
2026-08-26T10:43:45.492Z,42.67,17.41,0.000,2.540,-7.633,4.894,-7.241,6.821,5.892,0.790,Worker_2,-4.290,-3.740,10.074,0,0,0,3.280,4.760,3.000,3.000,3.0,26.0,SAFE
2026-08-26T10:43:45.492Z,42.67,17.41,0.000,2.540,-7.633,4.894,-7.241,6.821,5.892,0.790,Worker_3,3.640,-7.120,16.962,0,0,1,3.280,4.760,3.000,3.000,3.0,26.0,SAFE
2026-08-26T10:43:45.593Z,42.77,15.91,0.000,2.540,-7.694,4.693,-7.278,6.820,5.810,0.983,Worker_1,6.873,9.358,14.588,0,0,1,3.280,4.760,3.000,3.000,3.0,26.0,SAFE
2026-08-26T10:43:45.593Z,42.77,15.91,0.000,2.540,-7.694,4.693,-7.278,6.820,5.810,0.983,Worker_2,-4.290,-3.740,10.006,0,0,0,3.280,4.760,3.000,3.000,3.0,26.0,SAFE
2026-08-26T10:43:45.593Z,42.77,15.91,0.000,2.540,-7.694,4.693,-7.278,6.820,5.810,0.983,Worker_3,3.640,-7.120,16.923,0,0,1,3.280,4.760,3.000,3.000,3.0,26.0,SAFE
2026-08-26T10:43:45.694Z,42.87,14.38,0.000,2.540,-7.749,4.487,-7.321,6.819,5.709,1.173,Worker_1,7.071,9.311,14.836,0,0,1,3.280,4.760,3.000,3.000,3.0,26.0,SAFE
2026-08-26T10:43:45.694Z,42.87,14.38,0.000,2.540,-7.749,4.487,-7.321,6.819,5.709,1.173,Worker_2,-4.290,-3.740,9.923,0,0,0,3.280,4.760,3.000,3.000,3.0,26.0,SAFE
2026-08-26T10:43:45.694Z,42.87,14.38,0.000,2.540,-7.749,4.487,-7.321,6.819,5.709,1.173,Worker_3,3.640,-7.120,16.874,0,0,1,3.280,4.760,3.000,3.000,3.0,26.0,SAFE
2026-08-26T10:43:45.810Z,42.98,12.66,0.000,2.540,-7.805,4.253,-7.381,6.817,5.565,1.393,Worker_1,7.294,9.258,15.134,0,0,1,3.280,4.760,3.000,3.000,3.0,26.0,SAFE
2026-08-26T10:43:45.810Z,42.98,12.66,0.000,2.540,-7.805,4.253,-7.381,6.817,5.565,1.393,Worker_2,-4.290,-3.740,9.805,0,0,0,3.280,4.760,3.000,3.000,3.0,26.0,SAFE
2026-08-26T10:43:45.810Z,42.98,12.66,0.000,2.540,-7.805,4.253,-7.381,6.817,5.565,1.393,Worker_3,3.640,-7.120,16.804,0,0,1,3.280,4.760,3.000,3.000,3.0,26.0,SAFE
2026-08-26T10:43:45.943Z,43.12,10.65,0.000,2.540,-7.862,3.978,-7.448,6.815,5.396,1.596,Worker_1,7.556,9.197,15.478,0,0,1,3.280,4.760,3.000,3.000,3.0,26.0,SAFE
2026-08-26T10:43:45.943Z,43.12,10.65,0.000,2.540,-7.862,3.978,-7.448,6.815,5.396,1.596,Worker_2,-4.290,-3.740,9.666,0,0,0,3.280,4.760,3.000,3.000,3.0,26.0,SAFE
2026-08-26T10:43:45.943Z,43.12,10.65,0.000,2.540,-7.862,3.978,-7.448,6.815,5.396,1.596,Worker_3,3.640,-7.120,16.721,0,0,1,3.280,4.760,3.000,3.000,3.0,26.0,SAFE
2026-08-26T10:43:46.059Z,43.23,8.92,0.000,2.540,-7.903,3.740,-7.519,6.811,5.204,1.780,Worker_1,7.780,9.144,15.798,0,0,1,3.280,4.760,3.000,3.000,3.0,26.0,SAFE
2026-08-26T10:43:46.059Z,43.23,8.92,0.000,2.540,-7.903,3.740,-7.519,6.811,5.204,1.780,Worker_2,-4.290,-3.740,9.509,0,0,0,3.280,4.760,3.000,3.000,3.0,26.0,SAFE
2026-08-26T10:43:46.059Z,43.23,8.92,0.000,2.540,-7.903,3.740,-7.519,6.811,5.204,1.780,Worker_3,3.640,-7.120,16.625,0,0,1,3.280,4.760,3.000,3.000,3.0,26.0,SAFE
2026-08-26T10:43:46.160Z,43.34,7.40,0.000,2.540,-7.933,3.530,-7.580,6.807,5.028,1.914,Worker_1,7.977,9.098,16.081,0,0,1,3.280,4.760,3.000,3.000,3.0,26.0,SAFE
2026-08-26T10:43:46.160Z,43.34,7.40,0.000,2.540,-7.933,3.530,-7.580,6.807,5.028,1.914,Worker_2,-4.290,-3.740,9.365,0,0,0,3.280,4.760,3.000,3.000,3.0,26.0,SAFE
2026-08-26T10:43:46.160Z,43.34,7.40,0.000,2.540,-7.933,3.530,-7.580,6.807,5.028,1.914,Worker_3,3.640,-7.120,16.536,0,0,1,3.280,4.760,3.000,3.000,3.0,26.0,SAFE
2026-08-26T10:43:46.277Z,43.45,5.66,0.000,2.540,-7.961,3.289,-7.653,6.800,4.800,2.053,Worker_1,8.203,9.044,16.414,0,0,1,3.280,4.760,3.000,3.000,3.0,26.0,SAFE
2026-08-26T10:43:46.277Z,43.45,5.66,0.000,2.540,-7.961,3.289,-7.653,6.800,4.800,2.053,Worker_2,-4.290,-3.740,9.178,0,0,0,3.280,4.760,3.000,3.000,3.0,26.0,SAFE
2026-08-26T10:43:46.277Z,43.45,5.66,0.000,2.540,-7.961,3.289,-7.653,6.800,4.800,2.053,Worker_3,3.640,-7.120,16.420,0,0,1,3.280,4.760,3.000,3.000,3.0,26.0,SAFE
2026-08-26T10:43:46.391Z,43.57,3.93,0.000,2.540,-7.981,3.048,-7.725,6.792,4.556,2.167,Worker_1,8.428,8.991,16.751,0,0,1,3.280,4.760,3.000,3.000,3.0,26.0,SAFE
2026-08-26T10:43:46.391Z,43.57,3.93,0.000,2.540,-7.981,3.048,-7.725,6.792,4.556,2.167,Worker_2,-4.290,-3.740,8.979,0,0,0,3.280,4.760,3.000,3.000,3.0,26.0,SAFE
2026-08-26T10:43:46.391Z,43.57,3.93,0.000,2.540,-7.981,3.048,-7.725,6.792,4.556,2.167,Worker_3,3.640,-7.120,16.294,0,0,1,3.280,4.760,3.000,3.000,3.0,26.0,SAFE
2026-08-26T10:43:46.526Z,43.70,1.91,0.000,2.540,-7.996,2.766,-7.804,6.781,4.254,2.268,Worker_1,8.690,8.930,17.144,0,0,1,3.280,4.760,3.000,3.000,3.0,26.0,SAFE
2026-08-26T10:43:46.526Z,43.70,1.91,0.000,2.540,-7.996,2.766,-7.804,6.781,4.254,2.268,Worker_2,-4.290,-3.740,8.732,0,0,0,3.280,4.760,3.000,3.000,3.0,26.0,SAFE
2026-08-26T10:43:46.526Z,43.70,1.91,0.000,2.540,-7.996,2.766,-7.804,6.781,4.254,2.268,Worker_3,3.640,-7.120,16.135,0,0,1,3.280,4.760,3.000,3.000,3.0,26.0,SAFE
2026-08-26T10:43:46.642Z,43.82,0.16,0.000,2.540,-8.000,2.522,-7.856,6.773,4.030,2.324,Worker_1,8.917,8.876,17.459,0,0,1,3.280,4.760,3.000,3.000,3.0,26.0,SAFE
2026-08-26T10:43:46.642Z,43.82,0.16,0.000,2.540,-8.000,2.522,-7.856,6.773,4.030,2.324,Worker_2,-4.290,-3.740,8.549,0,0,0,3.280,4.760,3.000,3.000,3.0,26.0,SAFE
2026-08-26T10:43:46.642Z,43.82,0.16,0.000,2.540,-8.000,2.522,-7.856,6.773,4.030,2.324,Worker_3,3.640,-7.120,16.015,0,0,1,3.280,4.760,3.000,3.000,3.0,26.0,SAFE
2026-08-26T10:43:46.760Z,43.93,358.42,0.000,2.540,-7.997,2.279,-7.912,6.763,3.753,2.373,Worker_1,9.143,8.823,17.793,0,0,1,3.280,4.760,3.000,3.000,3.0,26.0,SAFE
2026-08-26T10:43:46.760Z,43.93,358.42,0.000,2.540,-7.997,2.279,-7.912,6.763,3.753,2.373,Worker_2,-4.290,-3.740,8.323,0,0,0,3.280,4.760,3.000,3.000,3.0,26.0,SAFE
2026-08-26T10:43:46.760Z,43.93,358.42,0.000,2.540,-7.997,2.279,-7.912,6.763,3.753,2.373,Worker_3,3.640,-7.120,15.865,0,0,1,3.280,4.760,3.000,3.000,3.0,26.0,SAFE
2026-08-26T10:43:46.873Z,44.05,356.70,0.000,2.540,-7.987,2.039,-7.961,6.752,3.471,2.404,Worker_1,9.366,8.770,18.120,0,0,1,3.280,4.760,3.000,3.000,3.0,26.0,SAFE
2026-08-26T10:43:46.873Z,44.05,356.70,0.000,2.540,-7.987,2.039,-7.961,6.752,3.471,2.404,Worker_2,-4.290,-3.740,8.091,0,0,0,3.280,4.760,3.000,3.000,3.0,26.0,SAFE
2026-08-26T10:43:46.873Z,44.05,356.70,0.000,2.540,-7.987,2.039,-7.961,6.752,3.471,2.404,Worker_3,3.640,-7.120,15.708,0,0,1,3.280,4.760,3.000,3.000,3.0,26.0,SAFE
2026-08-26T10:43:47.010Z,44.18,354.66,0.000,2.540,-7.965,1.755,-8.007,6.741,3.136,2.416,Worker_1,9.631,8.708,18.497,0,0,1,3.280,4.760,3.000,3.000,3.0,26.0,SAFE
2026-08-26T10:43:47.010Z,44.18,354.66,0.000,2.540,-7.965,1.755,-8.007,6.741,3.136,2.416,Worker_2,-4.290,-3.740,7.817,0,0,0,3.280,4.760,3.000,3.000,3.0,26.0,SAFE
2026-08-26T10:43:47.010Z,44.18,354.66,0.000,2.540,-7.965,1.755,-8.007,6.741,3.136,2.416,Worker_3,3.640,-7.120,15.519,0,0,1,3.280,4.760,3.000,3.000,3.0,26.0,SAFE
2026-08-26T10:43:47.126Z,44.30,352.92,0.000,2.540,-7.939,1.514,-8.036,6.732,2.848,2.415,Worker_1,9.405,8.761,18.416,0,0,1,3.280,4.760,3.000,3.000,3.0,26.0,SAFE
2026-08-26T10:43:47.126Z,44.30,352.92,0.000,2.540,-7.939,1.514,-8.036,6.732,2.848,2.415,Worker_2,-4.290,-3.740,7.578,0,0,0,3.280,4.760,3.000,3.000,3.0,26.0,SAFE
2026-08-26T10:43:47.126Z,44.30,352.92,0.000,2.540,-7.939,1.514,-8.036,6.732,2.848,2.415,Worker_3,3.640,-7.120,15.352,0,0,1,3.280,4.760,3.000,3.000,3.0,26.0,SAFE
2026-08-26T10:43:47.226Z,44.40,351.40,0.000,2.540,-7.910,1.303,-8.053,6.726,2.607,2.406,Worker_1,9.207,8.808,18.340,0,0,1,3.280,4.760,3.000,3.000,3.0,26.0,SAFE
2026-08-26T10:43:47.226Z,44.40,351.40,0.000,2.540,-7.910,1.303,-8.053,6.726,2.607,2.406,Worker_2,-4.290,-3.740,7.379,0,0,0,3.280,4.760,3.000,3.000,3.0,26.0,SAFE
2026-08-26T10:43:47.226Z,44.40,351.40,0.000,2.540,-7.910,1.303,-8.053,6.726,2.607,2.406,Worker_3,3.640,-7.120,15.210,0,0,1,3.280,4.760,3.000,3.000,3.0,26.0,SAFE
2026-08-26T10:43:47.339Z,44.52,349.70,0.000,2.540,-7.871,1.070,-8.063,6.720,2.368,2.391,Worker_1,8.987,8.860,18.244,0,0,1,3.280,4.760,3.000,3.000,3.0,26.0,SAFE
2026-08-26T10:43:47.339Z,44.52,349.70,0.000,2.540,-7.871,1.070,-8.063,6.720,2.368,2.391,Worker_2,-4.290,-3.740,7.179,0,0,0,3.280,4.760,3.000,3.000,3.0,26.0,SAFE
2026-08-26T10:43:47.339Z,44.52,349.70,0.000,2.540,-7.871,1.070,-8.063,6.720,2.368,2.391,Worker_3,3.640,-7.120,15.066,0,0,1,3.280,4.760,3.000,3.000,3.0,26.0,SAFE
2026-08-26T10:43:47.440Z,44.62,348.20,0.000,2.540,-7.831,0.864,-8.066,6.715,2.130,2.372,Worker_1,8.793,8.906,18.169,0,0,1,3.280,4.760,3.000,3.000,3.0,26.0,SAFE
2026-08-26T10:43:47.440Z,44.62,348.20,0.000,2.540,-7.831,0.864,-8.066,6.715,2.130,2.372,Worker_2,-4.290,-3.740,6.979,0,0,0,3.280,4.760,3.000,3.000,3.0,26.0,SAFE
2026-08-26T10:43:47.440Z,44.62,348.20,0.000,2.540,-7.831,0.864,-8.066,6.715,2.130,2.372,Worker_3,3.640,-7.120,14.919,0,0,1,3.280,4.760,3.000,3.000,3.0,26.0,SAFE
2026-08-26T10:43:47.558Z,44.73,346.43,0.000,2.540,-7.777,0.623,-8.059,6.711,1.847,2.347,Worker_1,8.563,8.960,18.080,0,0,1,3.280,4.760,3.000,3.000,3.0,26.0,SAFE
2026-08-26T10:43:47.558Z,44.73,346.43,0.000,2.540,-7.777,0.623,-8.059,6.711,1.847,2.347,Worker_2,-4.290,-3.740,6.740,0,0,0,3.280,4.760,3.000,3.000,3.0,26.0,SAFE
2026-08-26T10:43:47.558Z,44.73,346.43,0.000,2.540,-7.777,0.623,-8.059,6.711,1.847,2.347,Worker_3,3.640,-7.120,14.740,0,0,1,3.280,4.760,3.000,3.000,3.0,26.0,SAFE
2026-08-26T10:43:47.658Z,44.83,344.92,0.000,2.540,-7.725,0.419,-8.046,6.709,1.614,2.324,Worker_1,8.367,9.006,18.001,0,0,1,3.280,4.760,3.000,3.000,3.0,26.0,SAFE
2026-08-26T10:43:47.658Z,44.83,344.92,0.000,2.540,-7.725,0.419,-8.046,6.709,1.614,2.324,Worker_2,-4.290,-3.740,6.540,0,0,0,3.280,4.760,3.000,3.000,3.0,26.0,SAFE
2026-08-26T10:43:47.658Z,44.83,344.92,0.000,2.540,-7.725,0.419,-8.046,6.709,1.614,2.324,Worker_3,3.640,-7.120,14.589,0,0,1,3.280,4.760,3.000,3.000,3.0,26.0,SAFE
2026-08-26T10:43:47.775Z,44.95,343.18,0.000,2.540,-7.658,0.186,-8.021,6.707,1.338,2.296,Worker_1,8.142,9.059,17.912,0,0,1,3.280,4.760,3.000,3.000,3.0,26.0,SAFE
2026-08-26T10:43:47.775Z,44.95,343.18,0.000,2.540,-7.658,0.186,-8.021,6.707,1.338,2.296,Worker_2,-4.290,-3.740,6.302,0,0,0,3.280,4.760,3.000,3.000,3.0,26.0,SAFE
2026-08-26T10:43:47.775Z,44.95,343.18,0.000,2.540,-7.658,0.186,-8.021,6.707,1.338,2.296,Worker_3,3.640,-7.120,14.406,0,0,1,3.280,4.760,3.000,3.000,3.0,26.0,SAFE
2026-08-26T10:43:47.892Z,45.07,341.42,0.000,2.540,-7.583,-0.049,-7.986,6.706,1.067,2.266,Worker_1,7.913,9.113,17.818,0,0,1,3.280,4.760,3.000,3.000,3.0,26.0,SAFE
2026-08-26T10:43:47.892Z,45.07,341.42,0.000,2.540,-7.583,-0.049,-7.986,6.706,1.067,2.266,Worker_2,-4.290,-3.740,6.064,0,0,0,3.280,4.760,3.000,3.000,3.0,26.0,SAFE
2026-08-26T10:43:47.892Z,45.07,341.42,0.000,2.540,-7.583,-0.049,-7.986,6.706,1.067,2.266,Worker_3,3.640,-7.120,14.219,0,0,1,3.280,4.760,3.000,3.000,3.0,26.0,SAFE
2026-08-26T10:43:47.992Z,45.17,339.92,0.000,2.540,-7.514,-0.246,-7.949,6.706,0.845,2.242,Worker_1,7.718,9.159,17.736,0,0,1,3.280,4.760,3.000,3.000,3.0,26.0,SAFE
2026-08-26T10:43:47.992Z,45.17,339.92,0.000,2.540,-7.514,-0.246,-7.949,6.706,0.845,2.242,Worker_2,-4.290,-3.740,5.866,0,0,0,3.280,4.760,3.000,3.000,3.0,26.0,SAFE
2026-08-26T10:43:47.992Z,45.17,339.92,0.000,2.540,-7.514,-0.246,-7.949,6.706,0.845,2.242,Worker_3,3.640,-7.120,14.062,0,0,1,3.280,4.760,3.000,3.000,3.0,26.0,SAFE
2026-08-26T10:43:48.124Z,45.30,337.94,0.000,2.540,-7.414,-0.505,-7.896,6.707,0.584,2.214,Worker_1,7.461,9.219,17.618,0,0,1,3.280,4.760,3.000,3.000,3.0,26.0,SAFE
2026-08-26T10:43:48.124Z,45.30,337.94,0.000,2.540,-7.414,-0.505,-7.896,6.707,0.584,2.214,Worker_2,-4.290,-3.740,5.630,0,0,0,3.280,4.760,3.000,3.000,3.0,26.0,SAFE
2026-08-26T10:43:48.124Z,45.30,337.94,0.000,2.540,-7.414,-0.505,-7.896,6.707,0.584,2.214,Worker_3,3.640,-7.120,13.872,0,0,1,3.280,4.760,3.000,3.000,3.0,26.0,SAFE
2026-08-26T10:43:48.225Z,45.40,336.43,0.000,2.540,-7.332,-0.699,-7.834,6.709,0.327,2.187,Worker_1,7.264,9.265,17.546,0,0,1,3.280,4.760,3.000,3.000,3.0,26.0,SAFE
2026-08-26T10:43:48.225Z,45.40,336.43,0.000,2.540,-7.332,-0.699,-7.834,6.709,0.327,2.187,Worker_2,-4.290,-3.740,5.394,0,0,0,3.280,4.760,3.000,3.000,3.0,26.0,SAFE
2026-08-26T10:43:48.225Z,45.40,336.43,0.000,2.540,-7.332,-0.699,-7.834,6.709,0.327,2.187,Worker_3,3.640,-7.120,13.678,0,0,1,3.280,4.760,3.000,3.000,3.0,26.0,SAFE
2026-08-26T10:43:48.343Z,45.52,334.66,0.000,2.540,-7.230,-0.923,-7.775,6.711,0.117,2.168,Worker_1,7.036,9.319,17.436,0,0,1,3.280,4.760,3.000,3.000,3.0,26.0,SAFE
2026-08-26T10:43:48.343Z,45.52,334.66,0.000,2.540,-7.230,-0.923,-7.775,6.711,0.117,2.168,Worker_2,-4.290,-3.740,5.199,0,0,0,3.280,4.760,3.000,3.000,3.0,26.0,SAFE
2026-08-26T10:43:48.343Z,45.52,334.66,0.000,2.540,-7.230,-0.923,-7.775,6.711,0.117,2.168,Worker_3,3.640,-7.120,13.516,0,0,1,3.280,4.760,3.000,3.000,3.0,26.0,SAFE
2026-08-26T10:43:48.457Z,45.63,332.95,0.000,2.540,-7.125,-1.138,-7.697,6.713,-0.129,2.149,Worker_1,6.814,9.372,17.344,0,0,1,3.280,4.760,3.000,3.000,3.0,26.0,SAFE
2026-08-26T10:43:48.457Z,45.63,332.95,0.000,2.540,-7.125,-1.138,-7.697,6.713,-0.129,2.149,Worker_2,-4.290,-3.740,4.964,0,1,0,3.280,4.760,3.000,3.000,3.0,26.0,SAFE
2026-08-26T10:43:48.457Z,45.63,332.95,0.000,2.540,-7.125,-1.138,-7.697,6.713,-0.129,2.149,Worker_3,3.640,-7.120,13.319,0,0,1,3.280,4.760,3.000,3.000,3.0,26.0,SAFE
2026-08-26T10:43:48.558Z,45.73,331.44,0.000,2.540,-7.026,-1.325,-7.625,6.716,-0.331,2.134,Worker_1,6.617,9.418,17.259,0,0,1,3.280,4.760,3.000,3.000,3.0,26.0,SAFE
2026-08-26T10:43:48.558Z,45.73,331.44,0.000,2.540,-7.026,-1.325,-7.625,6.716,-0.331,2.134,Worker_2,-4.290,-3.740,4.769,0,1,0,3.280,4.760,3.000,3.000,3.0,26.0,SAFE
2026-08-26T10:43:48.558Z,45.73,331.44,0.000,2.540,-7.026,-1.325,-7.625,6.716,-0.331,2.134,Worker_3,3.640,-7.120,13.153,0,0,1,3.280,4.760,3.000,3.000,3.0,26.0,SAFE
2026-08-26T10:43:48.690Z,45.87,329.44,0.000,2.540,-6.889,-1.567,-7.516,6.719,-0.607,2.116,Worker_1,6.358,9.479,17.153,0,0,1,3.280,4.760,3.000,3.000,3.0,26.0,SAFE
2026-08-26T10:43:48.690Z,45.87,329.44,0.000,2.540,-6.889,-1.567,-7.516,6.719,-0.607,2.116,Worker_2,-4.290,-3.740,4.497,0,1,0,3.280,4.760,3.000,3.000,3.0,26.0,SAFE
2026-08-26T10:43:48.690Z,45.87,329.44,0.000,2.540,-6.889,-1.567,-7.516,6.719,-0.607,2.116,Worker_3,3.640,-7.120,12.918,0,0,1,3.280,4.760,3.000,3.000,3.0,26.0,SAFE
2026-08-26T10:43:48.791Z,45.97,327.94,0.000,2.540,-6.780,-1.746,-7.431,6.721,-0.801,2.107,Worker_1,6.163,9.525,17.071,0,0,1,3.280,4.760,3.000,3.000,3.0,26.0,SAFE
2026-08-26T10:43:48.791Z,45.97,327.94,0.000,2.540,-6.780,-1.746,-7.431,6.721,-0.801,2.107,Worker_2,-4.290,-3.740,4.302,0,1,0,3.280,4.760,3.000,3.000,3.0,26.0,SAFE
2026-08-26T10:43:48.791Z,45.97,327.94,0.000,2.540,-6.780,-1.746,-7.431,6.721,-0.801,2.107,Worker_3,3.640,-7.120,12.748,0,0,0,3.280,4.760,3.000,3.000,3.0,26.0,SAFE
2026-08-26T10:43:48.908Z,46.08,326.18,0.000,2.540,-6.646,-1.953,-7.323,6.723,-1.028,2.098,Worker_1,5.934,9.579,16.978,0,0,1,3.280,4.760,3.000,3.000,3.0,26.0,SAFE
2026-08-26T10:43:48.908Z,46.08,326.18,0.000,2.540,-6.646,-1.953,-7.323,6.723,-1.028,2.098,Worker_2,-4.290,-3.740,4.068,0,1,0,3.280,4.760,3.000,3.000,3.0,26.0,SAFE
2026-08-26T10:43:48.908Z,46.08,326.18,0.000,2.540,-6.646,-1.953,-7.323,6.723,-1.028,2.098,Worker_3,3.640,-7.120,12.541,0,0,0,3.280,4.760,3.000,3.000,3.0,26.0,SAFE
2026-08-26T10:43:49.022Z,46.20,324.46,0.000,2.540,-6.510,-2.150,-7.227,6.725,-1.215,2.093,Worker_1,5.712,9.631,16.883,0,0,1,3.280,4.760,3.000,3.000,3.0,26.0,SAFE
2026-08-26T10:43:49.022Z,46.20,324.46,0.000,2.540,-6.510,-2.150,-7.227,6.725,-1.215,2.093,Worker_2,-4.290,-3.740,3.873,0,1,0,3.280,4.760,3.000,3.000,3.0,26.0,SAFE
2026-08-26T10:43:49.022Z,46.20,324.46,0.000,2.540,-6.510,-2.150,-7.227,6.725,-1.215,2.093,Worker_3,3.640,-7.120,12.368,0,0,0,3.280,4.760,3.000,3.000,3.0,26.0,SAFE
2026-08-26T10:43:49.122Z,46.30,322.96,0.000,2.540,-6.386,-2.319,-7.126,6.727,-1.398,2.090,Worker_1,5.517,9.677,16.808,0,0,1,3.280,4.760,3.000,3.000,3.0,26.0,SAFE
2026-08-26T10:43:49.122Z,46.30,322.96,0.000,2.540,-6.386,-2.319,-7.126,6.727,-1.398,2.090,Worker_2,-4.290,-3.740,3.678,0,1,0,3.280,4.760,3.000,3.000,3.0,26.0,SAFE
2026-08-26T10:43:49.122Z,46.30,322.96,0.000,2.540,-6.386,-2.319,-7.126,6.727,-1.398,2.090,Worker_3,3.640,-7.120,12.192,0,0,0,3.280,4.760,3.000,3.000,3.0,26.0,SAFE
2026-08-26T10:43:49.239Z,46.42,321.21,0.000,2.540,-6.235,-2.512,-6.999,6.729,-1.614,2.089,Worker_1,5.289,9.731,16.724,0,0,1,3.280,4.760,3.000,3.000,3.0,26.0,SAFE
2026-08-26T10:43:49.239Z,46.42,321.21,0.000,2.540,-6.235,-2.512,-6.999,6.729,-1.614,2.089,Worker_2,-4.290,-3.740,3.444,0,1,0,3.280,4.760,3.000,3.000,3.0,26.0,SAFE
2026-08-26T10:43:49.239Z,46.42,321.21,0.000,2.540,-6.235,-2.512,-6.999,6.729,-1.614,2.089,Worker_3,3.640,-7.120,11.979,0,0,0,3.280,4.760,3.000,3.000,3.0,26.0,SAFE
2026-08-26T10:43:49.373Z,46.55,319.21,0.000,2.540,-6.057,-2.727,-6.842,6.730,-1.861,2.088,Worker_1,5.030,9.792,16.635,0,0,1,3.280,4.760,3.000,3.000,3.0,26.0,SAFE
2026-08-26T10:43:49.373Z,46.55,319.21,0.000,2.540,-6.057,-2.727,-6.842,6.730,-1.861,2.088,Worker_2,-4.290,-3.740,3.169,0,1,0,3.280,4.760,3.000,3.000,3.0,26.0,SAFE
2026-08-26T10:43:49.373Z,46.55,319.21,0.000,2.540,-6.057,-2.727,-6.842,6.730,-1.861,2.088,Worker_3,3.640,-7.120,11.728,0,0,0,3.280,4.760,3.000,3.000,3.0,26.0,SAFE
2026-08-26T10:43:49.480Z,46.65,317.62,0.000,2.540,-5.909,-2.893,-6.725,6.731,-2.034,2.089,Worker_1,4.823,9.840,16.564,0,0,1,3.280,4.760,3.000,3.000,3.0,26.0,SAFE
2026-08-26T10:43:49.480Z,46.65,317.62,0.000,2.540,-5.909,-2.893,-6.725,6.731,-2.034,2.089,Worker_2,-4.290,-3.740,2.973,1,1,0,3.280,4.760,3.000,3.000,3.0,26.0,DANGER_ZONE
2026-08-26T10:43:49.480Z,46.65,317.62,0.000,2.540,-5.909,-2.893,-6.725,6.731,-2.034,2.089,Worker_3,3.640,-7.120,11.546,0,0,0,3.280,4.760,3.000,3.000,3.0,26.0,SAFE
2026-08-26T10:43:49.588Z,46.76,315.98,0.000,2.540,-5.753,-3.059,-6.578,6.732,-2.237,2.094,Worker_1,4.611,9.890,16.501,0,0,1,3.280,4.760,3.000,3.000,3.0,26.0,SAFE
2026-08-26T10:43:49.588Z,46.76,315.98,0.000,2.540,-5.753,-3.059,-6.578,6.732,-2.237,2.094,Worker_2,-4.290,-3.740,2.737,1,1,0,3.280,4.760,3.000,3.000,3.0,26.0,DANGER_ZONE
2026-08-26T10:43:49.588Z,46.76,315.98,0.000,2.540,-5.753,-3.059,-6.578,6.732,-2.237,2.094,Worker_3,3.640,-7.120,11.325,0,0,0,3.280,4.760,3.000,3.000,3.0,26.0,SAFE
2026-08-26T10:43:49.688Z,46.86,314.48,0.000,2.540,-5.605,-3.208,-6.451,6.732,-2.404,2.097,Worker_1,4.416,9.936,16.443,0,0,1,3.280,4.760,3.000,3.000,3.0,26.0,SAFE
2026-08-26T10:43:49.688Z,46.86,314.48,0.000,2.540,-5.605,-3.208,-6.451,6.732,-2.404,2.097,Worker_2,-4.290,-3.740,2.541,1,1,0,3.280,4.760,3.000,3.000,3.0,26.0,DANGER_ZONE
2026-08-26T10:43:49.688Z,46.86,314.48,0.000,2.540,-5.605,-3.208,-6.451,6.732,-2.404,2.097,Worker_3,3.640,-7.120,11.139,0,0,0,3.280,4.760,3.000,3.000,3.0,26.0,SAFE
2026-08-26T10:43:49.824Z,47.00,312.44,0.000,2.540,-5.398,-3.404,-6.293,6.732,-2.600,2.101,Worker_1,4.151,9.999,16.365,0,0,1,3.280,4.760,3.000,3.000,3.0,26.0,SAFE
2026-08-26T10:43:49.824Z,47.00,312.44,0.000,2.540,-5.398,-3.404,-6.293,6.732,-2.600,2.101,Worker_2,-4.290,-3.740,2.304,1,1,0,3.280,4.760,3.000,3.000,3.0,26.0,DANGER_ZONE
2026-08-26T10:43:49.824Z,47.00,312.44,0.000,2.540,-5.398,-3.404,-6.293,6.732,-2.600,2.101,Worker_3,3.640,-7.120,10.913,0,0,0,3.280,4.760,3.000,3.000,3.0,26.0,SAFE
2026-08-26T10:43:49.939Z,47.11,310.72,0.000,2.540,-5.218,-3.564,-6.128,6.732,-2.792,2.106,Worker_1,3.928,10.051,16.312,0,0,1,3.280,4.760,3.000,3.000,3.0,26.0,SAFE
2026-08-26T10:43:49.939Z,47.11,310.72,0.000,2.540,-5.218,-3.564,-6.128,6.732,-2.792,2.106,Worker_2,-4.290,-3.740,2.069,1,1,0,3.280,4.760,3.000,3.000,3.0,26.0,DANGER_ZONE
2026-08-26T10:43:49.939Z,47.11,310.72,0.000,2.540,-5.218,-3.564,-6.128,6.732,-2.792,2.106,Worker_3,3.640,-7.120,10.684,0,0,0,3.280,4.760,3.000,3.000,3.0,26.0,SAFE
2026-08-26T10:43:50.040Z,47.21,309.21,0.000,2.540,-5.058,-3.699,-5.987,6.732,-2.948,2.109,Worker_1,3.732,10.097,16.268,0,0,1,3.280,4.760,3.000,3.000,3.0,26.0,SAFE
2026-08-26T10:43:50.040Z,47.21,309.21,0.000,2.540,-5.058,-3.699,-5.987,6.732,-2.948,2.109,Worker_2,-4.290,-3.740,1.873,1,1,0,3.280,4.760,3.000,3.000,3.0,26.0,DANGER_ZONE
2026-08-26T10:43:50.040Z,47.21,309.21,0.000,2.540,-5.058,-3.699,-5.987,6.732,-2.948,2.109,Worker_3,3.640,-7.120,10.492,0,0,0,3.280,4.760,3.000,3.000,3.0,26.0,SAFE
2026-08-26T10:43:50.157Z,47.33,307.45,0.000,2.540,-4.864,-3.851,-5.812,6.732,-3.131,2.112,Worker_1,3.503,10.151,16.223,0,0,1,3.280,4.760,3.000,3.000,3.0,26.0,SAFE
2026-08-26T10:43:50.157Z,47.33,307.45,0.000,2.540,-4.864,-3.851,-5.812,6.732,-3.131,2.112,Worker_2,-4.290,-3.740,1.639,1,1,0,3.280,4.760,3.000,3.000,3.0,26.0,DANGER_ZONE
2026-08-26T10:43:50.157Z,47.33,307.45,0.000,2.540,-4.864,-3.851,-5.812,6.732,-3.131,2.112,Worker_3,3.640,-7.120,10.259,0,0,0,3.280,4.760,3.000,3.000,3.0,26.0,SAFE
2026-08-26T10:43:50.272Z,47.45,305.72,0.000,2.540,-4.670,-3.995,-5.632,6.731,-3.309,2.111,Worker_1,3.279,10.204,16.187,0,0,1,3.280,4.760,3.000,3.000,3.0,26.0,SAFE
2026-08-26T10:43:50.272Z,47.45,305.72,0.000,2.540,-4.670,-3.995,-5.632,6.731,-3.309,2.111,Worker_2,-4.290,-3.740,1.409,1,1,0,3.280,4.760,3.000,3.000,3.0,26.0,DANGER_ZONE
2026-08-26T10:43:50.272Z,47.45,305.72,0.000,2.540,-4.670,-3.995,-5.632,6.731,-3.309,2.111,Worker_3,3.640,-7.120,10.025,0,0,0,3.280,4.760,3.000,3.000,3.0,26.0,SAFE
2026-08-26T10:43:50.373Z,47.55,304.21,0.000,2.540,-4.497,-4.116,-5.478,6.731,-3.454,2.111,Worker_1,3.083,10.250,16.158,0,0,1,3.280,4.760,3.000,3.000,3.0,26.0,SAFE
2026-08-26T10:43:50.373Z,47.55,304.21,0.000,2.540,-4.497,-4.116,-5.478,6.731,-3.454,2.111,Worker_2,-4.290,-3.740,1.222,1,1,0,3.280,4.760,3.000,3.000,3.0,26.0,DANGER_ZONE
2026-08-26T10:43:50.373Z,47.55,304.21,0.000,2.540,-4.497,-4.116,-5.478,6.731,-3.454,2.111,Worker_3,3.640,-7.120,9.828,0,0,0,3.280,4.760,3.000,3.000,3.0,26.0,SAFE
2026-08-26T10:43:50.490Z,47.67,302.45,0.000,2.540,-4.292,-4.251,-5.289,6.730,-3.622,2.112,Worker_1,2.854,10.304,16.132,0,0,1,3.280,4.760,3.000,3.000,3.0,26.0,SAFE
2026-08-26T10:43:50.490Z,47.67,302.45,0.000,2.540,-4.292,-4.251,-5.289,6.730,-3.622,2.112,Worker_2,-4.290,-3.740,1.006,1,1,0,3.280,4.760,3.000,3.000,3.0,26.0,DANGER_ZONE
2026-08-26T10:43:50.490Z,47.67,302.45,0.000,2.540,-4.292,-4.251,-5.289,6.730,-3.622,2.112,Worker_3,3.640,-7.120,9.589,0,0,0,3.280,4.760,3.000,3.000,3.0,26.0,SAFE
2026-08-26T10:43:50.604Z,47.78,301.09,0.000,2.540,-4.131,-4.351,-5.127,6.730,-3.758,2.110,Worker_1,2.633,10.356,16.107,0,0,1,3.280,4.760,3.000,3.000,3.0,26.0,SAFE
2026-08-26T10:43:50.604Z,47.78,301.09,0.000,2.540,-4.131,-4.351,-5.127,6.730,-3.758,2.110,Worker_2,-4.290,-3.740,0.837,1,1,0,3.280,4.760,3.000,3.000,3.0,26.0,DANGER_ZONE
2026-08-26T10:43:50.604Z,47.78,301.09,0.000,2.540,-4.131,-4.351,-5.127,6.730,-3.758,2.110,Worker_3,3.640,-7.120,9.390,0,0,0,3.280,4.760,3.000,3.000,3.0,26.0,SAFE
2026-08-26T10:43:50.738Z,47.91,300.25,0.000,2.540,-4.030,-4.411,-4.897,6.730,-3.941,2.074,Worker_1,2.373,10.417,16.094,0,0,1,3.280,4.760,3.000,3.000,3.0,26.0,SAFE
2026-08-26T10:43:50.738Z,47.91,300.25,0.000,2.540,-4.030,-4.411,-4.897,6.730,-3.941,2.074,Worker_2,-4.290,-3.740,0.640,1,1,0,3.280,4.760,3.000,3.000,3.0,26.0,DANGER_ZONE
2026-08-26T10:43:50.738Z,47.91,300.25,0.000,2.540,-4.030,-4.411,-4.897,6.730,-3.941,2.074,Worker_3,3.640,-7.120,9.110,0,0,0,3.280,4.760,3.000,3.000,3.0,26.0,SAFE
2026-08-26T10:43:50.838Z,48.01,300.11,0.000,2.540,-4.014,-4.420,-4.735,6.730,-4.063,2.005,Worker_1,2.178,10.463,16.087,0,0,1,3.280,4.760,3.000,3.000,3.0,26.0,SAFE
2026-08-26T10:43:50.838Z,48.01,300.11,0.000,2.540,-4.014,-4.420,-4.735,6.730,-4.063,2.005,Worker_2,-4.290,-3.740,0.550,1,1,0,3.280,4.760,3.000,3.000,3.0,26.0,DANGER_ZONE
2026-08-26T10:43:50.838Z,48.01,300.11,0.000,2.540,-4.014,-4.420,-4.735,6.730,-4.063,2.005,Worker_3,3.640,-7.120,8.915,0,0,0,3.280,4.760,3.000,3.000,3.0,26.0,SAFE
2026-08-26T10:43:50.938Z,48.11,300.11,0.000,2.540,-4.014,-4.420,-4.577,6.732,-4.176,1.893,Worker_1,1.982,10.509,16.084,0,0,1,3.280,4.760,3.000,3.000,3.0,26.0,SAFE
2026-08-26T10:43:50.938Z,48.11,300.11,0.000,2.540,-4.014,-4.420,-4.577,6.732,-4.176,1.893,Worker_2,-4.290,-3.740,0.523,1,1,0,3.280,4.760,3.000,3.000,3.0,26.0,DANGER_ZONE
2026-08-26T10:43:50.938Z,48.11,300.11,0.000,2.540,-4.014,-4.420,-4.577,6.732,-4.176,1.893,Worker_3,3.640,-7.120,8.729,0,0,0,3.280,4.760,3.000,3.000,3.0,26.0,SAFE
2026-08-26T10:43:51.039Z,48.21,300.11,0.000,2.540,-4.014,-4.420,-4.429,6.735,-4.279,1.744,Worker_1,1.786,10.556,16.084,0,0,1,3.280,4.760,3.000,3.000,3.0,26.0,SAFE
2026-08-26T10:43:51.039Z,48.21,300.11,0.000,2.540,-4.014,-4.420,-4.429,6.735,-4.279,1.744,Worker_2,-4.290,-3.740,0.557,1,1,0,3.280,4.760,3.000,3.000,3.0,26.0,DANGER_ZONE
2026-08-26T10:43:51.039Z,48.21,300.11,0.000,2.540,-4.014,-4.420,-4.429,6.735,-4.279,1.744,Worker_3,3.640,-7.120,8.554,0,0,0,3.280,4.760,3.000,3.000,3.0,26.0,SAFE
2026-08-26T10:43:51.155Z,48.33,300.11,0.000,2.540,-4.014,-4.420,-4.267,6.741,-4.388,1.533,Worker_1,1.560,10.609,16.089,0,0,1,3.280,4.760,3.000,3.000,3.0,26.0,SAFE
2026-08-26T10:43:51.155Z,48.33,300.11,0.000,2.540,-4.014,-4.420,-4.267,6.741,-4.388,1.533,Worker_2,-4.290,-3.740,0.648,1,1,0,3.280,4.760,3.000,3.000,3.0,26.0,DANGER_ZONE
2026-08-26T10:43:51.155Z,48.33,300.11,0.000,2.540,-4.014,-4.420,-4.267,6.741,-4.388,1.533,Worker_3,3.640,-7.120,8.366,0,0,0,3.280,4.760,3.000,3.000,3.0,26.0,SAFE
2026-08-26T10:43:51.271Z,48.45,300.11,0.000,2.540,-4.014,-4.420,-4.126,6.749,-4.478,1.301,Worker_1,1.334,10.662,16.095,0,0,1,3.280,4.760,3.000,3.000,3.0,26.0,SAFE
2026-08-26T10:43:51.271Z,48.45,300.11,0.000,2.540,-4.014,-4.420,-4.126,6.749,-4.478,1.301,Worker_2,-4.290,-3.740,0.756,1,1,0,3.280,4.760,3.000,3.000,3.0,26.0,DANGER_ZONE
2026-08-26T10:43:51.271Z,48.45,300.11,0.000,2.540,-4.014,-4.420,-4.126,6.749,-4.478,1.301,Worker_3,3.640,-7.120,8.203,0,0,0,3.280,4.760,3.000,3.000,3.0,26.0,SAFE
2026-08-26T10:43:51.371Z,48.55,300.11,0.000,2.540,-4.014,-4.420,-4.026,6.758,-4.540,1.101,Worker_1,1.140,10.708,16.099,0,0,1,3.280,4.760,3.000,3.000,3.0,26.0,SAFE
2026-08-26T10:43:51.371Z,48.55,300.11,0.000,2.540,-4.014,-4.420,-4.026,6.758,-4.540,1.101,Worker_2,-4.290,-3.740,0.843,1,1,0,3.280,4.760,3.000,3.000,3.0,26.0,DANGER_ZONE
2026-08-26T10:43:51.371Z,48.55,300.11,0.000,2.540,-4.014,-4.420,-4.026,6.758,-4.540,1.101,Worker_3,3.640,-7.120,8.088,0,0,0,3.280,4.760,3.000,3.000,3.0,26.0,SAFE
2026-08-26T10:43:51.487Z,48.66,300.11,0.000,2.540,-4.014,-4.420,-3.927,6.770,-4.599,0.864,Worker_1,0.913,10.761,16.104,0,0,1,3.280,4.760,3.000,3.000,3.0,26.0,SAFE
2026-08-26T10:43:51.487Z,48.66,300.11,0.000,2.540,-4.014,-4.420,-3.927,6.770,-4.599,0.864,Worker_2,-4.290,-3.740,0.932,1,1,0,3.280,4.760,3.000,3.000,3.0,26.0,DANGER_ZONE
2026-08-26T10:43:51.487Z,48.66,300.11,0.000,2.540,-4.014,-4.420,-3.927,6.770,-4.599,0.864,Worker_3,3.640,-7.120,7.976,0,0,0,3.280,4.760,3.000,3.000,3.0,26.0,SAFE
2026-08-26T10:43:51.603Z,48.78,300.11,0.000,2.540,-4.014,-4.420,-3.862,6.780,-4.635,0.676,Worker_1,0.686,10.815,16.105,0,0,1,3.280,4.760,3.000,3.000,3.0,26.0,SAFE
2026-08-26T10:43:51.603Z,48.78,300.11,0.000,2.540,-4.014,-4.420,-3.862,6.780,-4.635,0.676,Worker_2,-4.290,-3.740,0.992,1,1,0,3.280,4.760,3.000,3.000,3.0,26.0,DANGER_ZONE
2026-08-26T10:43:51.603Z,48.78,300.11,0.000,2.540,-4.014,-4.420,-3.862,6.780,-4.635,0.676,Worker_3,3.640,-7.120,7.903,0,0,0,3.280,4.760,3.000,3.000,3.0,26.0,SAFE
2026-08-26T10:43:51.738Z,48.91,299.91,0.000,2.540,-3.989,-4.434,-3.797,6.795,-4.669,0.435,Worker_1,0.427,10.876,16.108,0,0,1,3.280,4.760,3.000,3.000,3.0,26.0,SAFE
2026-08-26T10:43:51.738Z,48.91,299.91,0.000,2.540,-3.989,-4.434,-3.797,6.795,-4.669,0.435,Worker_2,-4.290,-3.740,1.051,1,1,0,3.280,4.760,3.000,3.000,3.0,26.0,DANGER_ZONE
2026-08-26T10:43:51.738Z,48.91,299.91,0.000,2.540,-3.989,-4.434,-3.797,6.795,-4.669,0.435,Worker_3,3.640,-7.120,7.830,0,0,0,3.280,4.760,3.000,3.000,3.0,26.0,SAFE
2026-08-26T10:43:51.854Z,49.03,299.11,0.000,2.540,-3.892,-4.490,-3.761,6.806,-4.683,0.278,Worker_1,0.198,10.929,16.107,0,0,1,3.280,4.760,3.000,3.000,3.0,26.0,SAFE
2026-08-26T10:43:51.854Z,49.03,299.11,0.000,2.540,-3.892,-4.490,-3.761,6.806,-4.683,0.278,Worker_2,-4.290,-3.740,1.082,1,1,0,3.280,4.760,3.000,3.000,3.0,26.0,DANGER_ZONE
2026-08-26T10:43:51.854Z,49.03,299.11,0.000,2.540,-3.892,-4.490,-3.761,6.806,-4.683,0.278,Worker_3,3.640,-7.120,7.791,0,1,0,3.280,4.760,3.000,3.000,3.0,26.0,SAFE
2026-08-26T10:43:51.971Z,49.15,297.70,0.000,2.540,-3.719,-4.583,-3.736,6.815,-4.690,0.195,Worker_1,-0.027,10.983,16.105,0,0,1,3.280,4.760,3.000,3.000,3.0,26.0,SAFE
2026-08-26T10:43:51.971Z,49.15,297.70,0.000,2.540,-3.719,-4.583,-3.736,6.815,-4.690,0.195,Worker_2,-4.290,-3.740,1.099,1,1,0,3.280,4.760,3.000,3.000,3.0,26.0,DANGER_ZONE
2026-08-26T10:43:51.971Z,49.15,297.70,0.000,2.540,-3.719,-4.583,-3.736,6.815,-4.690,0.195,Worker_3,3.640,-7.120,7.766,0,1,0,3.280,4.760,3.000,3.000,3.0,26.0,SAFE
2026-08-26T10:43:52.072Z,49.25,296.19,0.000,2.540,-3.531,-4.679,-3.719,6.821,-4.692,0.192,Worker_1,-0.224,11.029,16.104,0,0,1,3.280,4.760,3.000,3.000,3.0,26.0,SAFE
2026-08-26T10:43:52.072Z,49.25,296.19,0.000,2.540,-3.531,-4.679,-3.719,6.821,-4.692,0.192,Worker_2,-4.290,-3.740,1.110,1,1,0,3.280,4.760,3.000,3.000,3.0,26.0,DANGER_ZONE
2026-08-26T10:43:52.072Z,49.25,296.19,0.000,2.540,-3.531,-4.679,-3.719,6.821,-4.692,0.192,Worker_3,3.640,-7.120,7.749,0,1,0,3.280,4.760,3.000,3.000,3.0,26.0,SAFE
2026-08-26T10:43:52.172Z,49.35,294.69,0.000,2.540,-3.341,-4.769,-3.697,6.826,-4.694,0.244,Worker_1,-0.419,11.075,16.106,0,0,1,3.280,4.760,3.000,3.000,3.0,26.0,SAFE
2026-08-26T10:43:52.172Z,49.35,294.69,0.000,2.540,-3.341,-4.769,-3.697,6.826,-4.694,0.244,Worker_2,-4.290,-3.740,1.123,1,1,0,3.280,4.760,3.000,3.000,3.0,26.0,DANGER_ZONE
2026-08-26T10:43:52.172Z,49.35,294.69,0.000,2.540,-3.341,-4.769,-3.697,6.826,-4.694,0.244,Worker_3,3.640,-7.120,7.728,0,1,0,3.280,4.760,3.000,3.000,3.0,26.0,SAFE
2026-08-26T10:43:52.272Z,49.45,293.18,0.000,2.540,-3.149,-4.854,-3.668,6.829,-4.699,0.343,Worker_1,-0.614,11.121,16.112,0,0,1,3.280,4.760,3.000,3.000,3.0,26.0,SAFE
2026-08-26T10:43:52.272Z,49.45,293.18,0.000,2.540,-3.149,-4.854,-3.668,6.829,-4.699,0.343,Worker_2,-4.290,-3.740,1.143,1,1,0,3.280,4.760,3.000,3.000,3.0,26.0,DANGER_ZONE
2026-08-26T10:43:52.272Z,49.45,293.18,0.000,2.540,-3.149,-4.854,-3.668,6.829,-4.699,0.343,Worker_3,3.640,-7.120,7.699,0,1,0,3.280,4.760,3.000,3.000,3.0,26.0,SAFE
2026-08-26T10:43:52.386Z,49.56,291.48,0.000,2.540,-2.929,-4.944,-3.617,6.831,-4.711,0.509,Worker_1,-0.835,11.173,16.125,0,0,1,3.280,4.760,3.000,3.000,3.0,26.0,SAFE
2026-08-26T10:43:52.386Z,49.56,291.48,0.000,2.540,-2.929,-4.944,-3.617,6.831,-4.711,0.509,Worker_2,-4.290,-3.740,1.181,1,1,0,3.280,4.760,3.000,3.000,3.0,26.0,DANGER_ZONE
2026-08-26T10:43:52.386Z,49.56,291.48,0.000,2.540,-2.929,-4.944,-3.617,6.831,-4.711,0.509,Worker_3,3.640,-7.120,7.647,0,1,0,3.280,4.760,3.000,3.000,3.0,26.0,SAFE
2026-08-26T10:43:52.486Z,49.66,289.98,0.000,2.540,-2.733,-5.019,-3.558,6.831,-4.726,0.674,Worker_1,-1.030,11.219,16.144,0,0,1,3.280,4.760,3.000,3.000,3.0,26.0,SAFE
2026-08-26T10:43:52.486Z,49.66,289.98,0.000,2.540,-2.733,-5.019,-3.558,6.831,-4.726,0.674,Worker_2,-4.290,-3.740,1.228,1,1,0,3.280,4.760,3.000,3.000,3.0,26.0,DANGER_ZONE
2026-08-26T10:43:52.486Z,49.66,289.98,0.000,2.540,-2.733,-5.019,-3.558,6.831,-4.726,0.674,Worker_3,3.640,-7.120,7.586,0,1,0,3.280,4.760,3.000,3.000,3.0,26.0,SAFE
2026-08-26T10:43:52.604Z,49.78,288.21,0.000,2.540,-2.500,-5.099,-3.483,6.830,-4.746,0.852,Worker_1,-1.260,11.273,16.173,0,0,1,3.280,4.760,3.000,3.000,3.0,26.0,SAFE
2026-08-26T10:43:52.604Z,49.78,288.21,0.000,2.540,-2.500,-5.099,-3.483,6.830,-4.746,0.852,Worker_2,-4.290,-3.740,1.290,1,1,0,3.280,4.760,3.000,3.000,3.0,26.0,DANGER_ZONE
2026-08-26T10:43:52.604Z,49.78,288.21,0.000,2.540,-2.500,-5.099,-3.483,6.830,-4.746,0.852,Worker_3,3.640,-7.120,7.508,0,1,0,3.280,4.760,3.000,3.000,3.0,26.0,SAFE
2026-08-26T10:43:52.704Z,49.88,286.70,0.000,2.540,-2.299,-5.163,-3.391,6.828,-4.773,1.037,Worker_1,-1.254,11.271,16.186,0,0,1,3.280,4.760,3.000,3.000,3.0,26.0,SAFE
2026-08-26T10:43:52.704Z,49.88,286.70,0.000,2.540,-2.299,-5.163,-3.391,6.828,-4.773,1.037,Worker_2,-4.290,-3.740,1.370,1,1,0,3.280,4.760,3.000,3.000,3.0,26.0,DANGER_ZONE
2026-08-26T10:43:52.704Z,49.88,286.70,0.000,2.540,-2.299,-5.163,-3.391,6.828,-4.773,1.037,Worker_3,3.640,-7.120,7.412,0,1,0,3.280,4.760,3.000,3.000,3.0,26.0,SAFE
2026-08-26T10:43:52.822Z,50.00,284.95,0.000,2.540,-2.063,-5.229,-3.256,6.823,-4.813,1.258,Worker_1,-1.026,11.218,16.185,0,0,1,3.280,4.760,3.000,3.000,3.0,26.0,SAFE
2026-08-26T10:43:52.822Z,50.00,284.95,0.000,2.540,-2.063,-5.229,-3.256,6.823,-4.813,1.258,Worker_2,-4.290,-3.740,1.490,1,1,0,3.280,4.760,3.000,3.000,3.0,26.0,DANGER_ZONE
2026-08-26T10:43:52.822Z,50.00,284.95,0.000,2.540,-2.063,-5.229,-3.256,6.823,-4.813,1.258,Worker_3,3.640,-7.120,7.272,0,1,0,3.280,4.760,3.000,3.000,3.0,26.0,SAFE
2026-08-26T10:43:52.938Z,50.11,283.19,0.000,2.540,-1.826,-5.289,-3.098,6.818,-4.860,1.463,Worker_1,-0.799,11.164,16.188,0,0,1,3.280,4.760,3.000,3.000,3.0,26.0,SAFE
2026-08-26T10:43:52.938Z,50.11,283.19,0.000,2.540,-1.826,-5.289,-3.098,6.818,-4.860,1.463,Worker_2,-4.290,-3.740,1.636,1,1,0,3.280,4.760,3.000,3.000,3.0,26.0,DANGER_ZONE
2026-08-26T10:43:52.938Z,50.11,283.19,0.000,2.540,-1.826,-5.289,-3.098,6.818,-4.860,1.463,Worker_3,3.640,-7.120,7.107,0,1,0,3.280,4.760,3.000,3.000,3.0,26.0,SAFE
2026-08-26T10:43:53.052Z,50.23,281.49,0.000,2.540,-1.594,-5.340,-2.917,6.810,-4.914,1.653,Worker_1,-0.578,11.112,16.196,0,0,1,3.280,4.760,3.000,3.000,3.0,26.0,SAFE
2026-08-26T10:43:53.052Z,50.23,281.49,0.000,2.540,-1.594,-5.340,-2.917,6.810,-4.914,1.653,Worker_2,-4.290,-3.740,1.807,1,1,0,3.280,4.760,3.000,3.000,3.0,26.0,DANGER_ZONE
2026-08-26T10:43:53.052Z,50.23,281.49,0.000,2.540,-1.594,-5.340,-2.917,6.810,-4.914,1.653,Worker_3,3.640,-7.120,6.918,0,1,0,3.280,4.760,3.000,3.000,3.0,26.0,SAFE
2026-08-26T10:43:53.170Z,50.35,279.71,0.000,2.540,-1.349,-5.385,-2.715,6.801,-4.974,1.819,Worker_1,-0.347,11.058,16.206,0,0,1,3.280,4.760,3.000,3.000,3.0,26.0,SAFE
2026-08-26T10:43:53.170Z,50.35,279.71,0.000,2.540,-1.349,-5.385,-2.715,6.801,-4.974,1.819,Worker_2,-4.290,-3.740,2.001,1,1,0,3.280,4.760,3.000,3.000,3.0,26.0,DANGER_ZONE
2026-08-26T10:43:53.170Z,50.35,279.71,0.000,2.540,-1.349,-5.385,-2.715,6.801,-4.974,1.819,Worker_3,3.640,-7.120,6.708,0,1,0,3.280,4.760,3.000,3.000,3.0,26.0,SAFE
2026-08-26T10:43:53.286Z,50.46,277.98,0.000,2.540,-1.111,-5.423,-2.496,6.791,-5.038,1.964,Worker_1,-0.122,11.005,16.218,0,0,1,3.280,4.760,3.000,3.000,3.0,26.0,SAFE
2026-08-26T10:43:53.286Z,50.46,277.98,0.000,2.540,-1.111,-5.423,-2.496,6.791,-5.038,1.964,Worker_2,-4.290,-3.740,2.214,1,1,0,3.280,4.760,3.000,3.000,3.0,26.0,DANGER_ZONE
2026-08-26T10:43:53.286Z,50.46,277.98,0.000,2.540,-1.111,-5.423,-2.496,6.791,-5.038,1.964,Worker_3,3.640,-7.120,6.480,0,1,0,3.280,4.760,3.000,3.000,3.0,26.0,SAFE
2026-08-26T10:43:53.387Z,50.56,276.46,0.000,2.540,-0.901,-5.449,-2.301,6.782,-5.094,2.065,Worker_1,0.075,10.959,16.228,0,0,1,3.280,4.760,3.000,3.000,3.0,26.0,SAFE
2026-08-26T10:43:53.387Z,50.56,276.46,0.000,2.540,-0.901,-5.449,-2.301,6.782,-5.094,2.065,Worker_2,-4.290,-3.740,2.406,1,1,0,3.280,4.760,3.000,3.000,3.0,26.0,DANGER_ZONE
2026-08-26T10:43:53.387Z,50.56,276.46,0.000,2.540,-0.901,-5.449,-2.301,6.782,-5.094,2.065,Worker_3,3.640,-7.120,6.277,0,1,0,3.280,4.760,3.000,3.000,3.0,26.0,SAFE
2026-08-26T10:43:53.503Z,50.68,274.72,0.000,2.540,-0.658,-5.473,-2.097,6.773,-5.151,2.150,Worker_1,0.301,10.905,16.234,0,0,1,3.280,4.760,3.000,3.000,3.0,26.0,SAFE
2026-08-26T10:43:53.503Z,50.68,274.72,0.000,2.540,-0.658,-5.473,-2.097,6.773,-5.151,2.150,Worker_2,-4.290,-3.740,2.607,1,0,0,3.280,4.760,3.000,3.000,3.0,26.0,CRITICAL_BLINDSPOT
2026-08-26T10:43:53.503Z,50.68,274.72,0.000,2.540,-0.658,-5.473,-2.097,6.773,-5.151,2.150,Worker_3,3.640,-7.120,6.066,0,1,0,3.280,4.760,3.000,3.000,3.0,26.0,SAFE
2026-08-26T10:43:53.619Z,50.79,272.98,0.000,2.540,-0.416,-5.489,-1.843,6.763,-5.218,2.230,Worker_1,0.527,10.852,16.244,0,0,1,3.280,4.760,3.000,3.000,3.0,26.0,SAFE
2026-08-26T10:43:53.619Z,50.79,272.98,0.000,2.540,-0.416,-5.489,-1.843,6.763,-5.218,2.230,Worker_2,-4.290,-3.740,2.859,1,0,0,3.280,4.760,3.000,3.000,3.0,26.0,CRITICAL_BLINDSPOT
2026-08-26T10:43:53.619Z,50.79,272.98,0.000,2.540,-0.416,-5.489,-1.843,6.763,-5.218,2.230,Worker_3,3.640,-7.120,5.803,0,1,0,3.280,4.760,3.000,3.000,3.0,26.0,SAFE
2026-08-26T10:43:53.737Z,50.91,271.21,0.000,2.540,-0.169,-5.498,-1.579,6.752,-5.284,2.286,Worker_1,0.756,10.798,16.250,0,0,1,3.280,4.760,3.000,3.000,3.0,26.0,SAFE
2026-08-26T10:43:53.737Z,50.91,271.21,0.000,2.540,-0.169,-5.498,-1.579,6.752,-5.284,2.286,Worker_2,-4.290,-3.740,3.120,0,0,0,3.280,4.760,3.000,3.000,3.0,26.0,SAFE
2026-08-26T10:43:53.737Z,50.91,271.21,0.000,2.540,-0.169,-5.498,-1.579,6.752,-5.284,2.286,Worker_3,3.640,-7.120,5.533,0,1,0,3.280,4.760,3.000,3.000,3.0,26.0,SAFE
2026-08-26T10:43:53.853Z,51.03,269.47,0.000,2.540,0.074,-5.500,-1.309,6.743,-5.345,2.325,Worker_1,0.982,10.745,16.253,0,0,1,3.280,4.760,3.000,3.000,3.0,26.0,SAFE
2026-08-26T10:43:53.853Z,51.03,269.47,0.000,2.540,0.074,-5.500,-1.309,6.743,-5.345,2.325,Worker_2,-4.290,-3.740,3.386,0,0,0,3.280,4.760,3.000,3.000,3.0,26.0,SAFE
2026-08-26T10:43:53.853Z,51.03,269.47,0.000,2.540,0.074,-5.500,-1.309,6.743,-5.345,2.325,Worker_3,3.640,-7.120,5.258,0,1,0,3.280,4.760,3.000,3.000,3.0,26.0,SAFE
2026-08-26T10:43:53.953Z,51.13,267.97,0.000,2.540,0.283,-5.495,-1.080,6.735,-5.393,2.343,Worker_1,1.177,10.699,16.250,0,0,1,3.280,4.760,3.000,3.000,3.0,26.0,SAFE
2026-08-26T10:43:53.953Z,51.13,267.97,0.000,2.540,0.283,-5.495,-1.080,6.735,-5.393,2.343,Worker_2,-4.290,-3.740,3.610,0,0,0,3.280,4.760,3.000,3.000,3.0,26.0,SAFE
2026-08-26T10:43:53.953Z,51.13,267.97,0.000,2.540,0.283,-5.495,-1.080,6.735,-5.393,2.343,Worker_3,3.640,-7.120,5.026,0,1,0,3.280,4.760,3.000,3.000,3.0,26.0,SAFE
2026-08-26T10:43:54.068Z,51.24,266.25,0.000,2.540,0.523,-5.483,-0.803,6.728,-5.444,2.354,Worker_1,1.400,10.646,16.241,0,0,1,3.280,4.760,3.000,3.000,3.0,26.0,SAFE
2026-08-26T10:43:54.068Z,51.24,266.25,0.000,2.540,0.523,-5.483,-0.803,6.728,-5.444,2.354,Worker_2,-4.290,-3.740,3.881,0,0,0,3.280,4.760,3.000,3.000,3.0,26.0,SAFE
2026-08-26T10:43:54.068Z,51.24,266.25,0.000,2.540,0.523,-5.483,-0.803,6.728,-5.444,2.354,Worker_3,3.640,-7.120,4.749,0,1,0,3.280,4.760,3.000,3.000,3.0,26.0,SAFE
2026-08-26T10:43:54.169Z,51.34,264.74,0.000,2.540,0.733,-5.466,-0.571,6.723,-5.481,2.353,Worker_1,1.596,10.600,16.227,0,0,1,3.280,4.760,3.000,3.000,3.0,26.0,SAFE
2026-08-26T10:43:54.169Z,51.34,264.74,0.000,2.540,0.733,-5.466,-0.571,6.723,-5.481,2.353,Worker_2,-4.290,-3.740,4.107,0,0,0,3.280,4.760,3.000,3.000,3.0,26.0,SAFE
2026-08-26T10:43:54.169Z,51.34,264.74,0.000,2.540,0.733,-5.466,-0.571,6.723,-5.481,2.353,Worker_3,3.640,-7.120,4.518,0,1,0,3.280,4.760,3.000,3.000,3.0,26.0,SAFE
2026-08-26T10:43:54.286Z,51.46,263.12,0.000,2.540,0.958,-5.442,-0.291,6.718,-5.518,2.340,Worker_1,1.824,10.547,16.203,0,0,1,3.280,4.760,3.000,3.000,3.0,26.0,SAFE
2026-08-26T10:43:54.286Z,51.46,263.12,0.000,2.540,0.958,-5.442,-0.291,6.718,-5.518,2.340,Worker_2,-4.290,-3.740,4.376,0,0,0,3.280,4.760,3.000,3.000,3.0,26.0,SAFE
2026-08-26T10:43:54.286Z,51.46,263.12,0.000,2.540,0.958,-5.442,-0.291,6.718,-5.518,2.340,Worker_3,3.640,-7.120,4.245,0,1,0,3.280,4.760,3.000,3.000,3.0,26.0,SAFE
2026-08-26T10:43:54.402Z,51.58,262.07,0.000,2.540,1.103,-5.424,-0.060,6.715,-5.541,2.311,Worker_1,2.052,10.493,16.172,0,0,1,3.280,4.760,3.000,3.000,3.0,26.0,SAFE
2026-08-26T10:43:54.402Z,51.58,262.07,0.000,2.540,1.103,-5.424,-0.060,6.715,-5.541,2.311,Worker_2,-4.290,-3.740,4.597,0,0,0,3.280,4.760,3.000,3.000,3.0,26.0,SAFE
2026-08-26T10:43:54.402Z,51.58,262.07,0.000,2.540,1.103,-5.424,-0.060,6.715,-5.541,2.311,Worker_3,3.640,-7.120,4.023,0,1,0,3.280,4.760,3.000,3.000,3.0,26.0,SAFE
2026-08-26T10:43:54.519Z,51.69,261.65,0.000,2.540,1.162,-5.415,0.212,6.713,-5.561,2.235,Worker_1,2.278,10.440,16.133,0,0,1,3.280,4.760,3.000,3.000,3.0,26.0,SAFE
2026-08-26T10:43:54.519Z,51.69,261.65,0.000,2.540,1.162,-5.415,0.212,6.713,-5.561,2.235,Worker_2,-4.290,-3.740,4.856,0,0,0,3.280,4.760,3.000,3.000,3.0,26.0,SAFE
2026-08-26T10:43:54.519Z,51.69,261.65,0.000,2.540,1.162,-5.415,0.212,6.713,-5.561,2.235,Worker_3,3.640,-7.120,3.766,0,1,0,3.280,4.760,3.000,3.000,3.0,26.0,SAFE
2026-08-26T10:43:54.636Z,51.81,261.63,0.000,2.540,1.164,-5.415,0.470,6.714,-5.572,2.094,Worker_1,2.507,10.386,16.087,0,0,1,3.280,4.760,3.000,3.000,3.0,26.0,SAFE
2026-08-26T10:43:54.636Z,51.81,261.63,0.000,2.540,1.164,-5.415,0.470,6.714,-5.572,2.094,Worker_2,-4.290,-3.740,5.101,0,0,0,3.280,4.760,3.000,3.000,3.0,26.0,SAFE
2026-08-26T10:43:54.636Z,51.81,261.63,0.000,2.540,1.164,-5.415,0.470,6.714,-5.572,2.094,Worker_3,3.640,-7.120,3.527,0,1,0,3.280,4.760,3.000,3.000,3.0,26.0,SAFE
2026-08-26T10:43:54.751Z,51.93,261.63,0.000,2.540,1.164,-5.415,0.708,6.718,-5.576,1.896,Worker_1,2.729,10.333,16.037,0,0,1,3.280,4.760,3.000,3.000,3.0,26.0,SAFE
2026-08-26T10:43:54.751Z,51.93,261.63,0.000,2.540,1.164,-5.415,0.708,6.718,-5.576,1.896,Worker_2,-4.290,-3.740,5.325,0,0,0,3.280,4.760,3.000,3.000,3.0,26.0,SAFE
2026-08-26T10:43:54.751Z,51.93,261.63,0.000,2.540,1.164,-5.415,0.708,6.718,-5.576,1.896,Worker_3,3.640,-7.120,3.314,0,1,0,3.280,4.760,3.000,3.000,3.0,26.0,SAFE
2026-08-26T10:43:54.851Z,52.03,261.63,0.000,2.540,1.164,-5.415,0.886,6.724,-5.574,1.700,Worker_1,2.925,10.287,15.992,0,0,1,3.280,4.760,3.000,3.000,3.0,26.0,SAFE
2026-08-26T10:43:54.851Z,52.03,261.63,0.000,2.540,1.164,-5.415,0.886,6.724,-5.574,1.700,Worker_2,-4.290,-3.740,5.492,0,0,0,3.280,4.760,3.000,3.000,3.0,26.0,SAFE
2026-08-26T10:43:54.851Z,52.03,261.63,0.000,2.540,1.164,-5.415,0.886,6.724,-5.574,1.700,Worker_3,3.640,-7.120,3.158,0,1,0,3.280,4.760,3.000,3.000,3.0,26.0,SAFE
2026-08-26T10:43:54.969Z,52.14,261.63,0.000,2.540,1.164,-5.415,1.072,6.734,-5.568,1.442,Worker_1,3.153,10.234,15.938,0,0,1,3.280,4.760,3.000,3.000,3.0,26.0,SAFE
2026-08-26T10:43:54.969Z,52.14,261.63,0.000,2.540,1.164,-5.415,1.072,6.734,-5.568,1.442,Worker_2,-4.290,-3.740,5.665,0,0,0,3.280,4.760,3.000,3.000,3.0,26.0,SAFE
2026-08-26T10:43:54.969Z,52.14,261.63,0.000,2.540,1.164,-5.415,1.072,6.734,-5.568,1.442,Worker_3,3.640,-7.120,3.001,0,1,0,3.280,4.760,3.000,3.000,3.0,26.0,SAFE
2026-08-26T10:43:55.068Z,52.24,261.63,0.000,2.540,1.164,-5.415,1.202,6.745,-5.559,1.220,Worker_1,3.349,10.187,15.892,0,0,1,3.280,4.760,3.000,3.000,3.0,26.0,SAFE
2026-08-26T10:43:55.068Z,52.24,261.63,0.000,2.540,1.164,-5.415,1.202,6.745,-5.559,1.220,Worker_2,-4.290,-3.740,5.786,0,0,0,3.280,4.760,3.000,3.000,3.0,26.0,SAFE
2026-08-26T10:43:55.068Z,52.24,261.63,0.000,2.540,1.164,-5.415,1.202,6.745,-5.559,1.220,Worker_3,3.640,-7.120,2.895,1,1,0,3.280,4.760,3.000,3.000,3.0,26.0,DANGER_ZONE
2026-08-26T10:43:55.185Z,52.36,261.63,0.000,2.540,1.164,-5.415,1.328,6.760,-5.547,0.956,Worker_1,3.575,10.134,15.841,0,0,1,3.280,4.760,3.000,3.000,3.0,26.0,SAFE
2026-08-26T10:43:55.185Z,52.36,261.63,0.000,2.540,1.164,-5.415,1.328,6.760,-5.547,0.956,Worker_2,-4.290,-3.740,5.902,0,0,0,3.280,4.760,3.000,3.000,3.0,26.0,SAFE
2026-08-26T10:43:55.185Z,52.36,261.63,0.000,2.540,1.164,-5.415,1.328,6.760,-5.547,0.956,Worker_3,3.640,-7.120,2.796,1,1,0,3.280,4.760,3.000,3.000,3.0,26.0,DANGER_ZONE
2026-08-26T10:43:55.286Z,52.46,261.63,0.000,2.540,1.164,-5.415,1.409,6.773,-5.535,0.746,Worker_1,3.772,10.088,15.800,0,0,1,3.280,4.760,3.000,3.000,3.0,26.0,SAFE
2026-08-26T10:43:55.286Z,52.46,261.63,0.000,2.540,1.164,-5.415,1.409,6.773,-5.535,0.746,Worker_2,-4.290,-3.740,5.975,0,0,0,3.280,4.760,3.000,3.000,3.0,26.0,SAFE
2026-08-26T10:43:55.286Z,52.46,261.63,0.000,2.540,1.164,-5.415,1.409,6.773,-5.535,0.746,Worker_3,3.640,-7.120,2.736,1,1,0,3.280,4.760,3.000,3.000,3.0,26.0,DANGER_ZONE
2026-08-26T10:43:55.400Z,52.58,261.63,0.000,2.540,1.164,-5.415,1.470,6.785,-5.522,0.554,Worker_1,3.993,10.036,15.761,0,0,1,3.280,4.760,3.000,3.000,3.0,26.0,SAFE
2026-08-26T10:43:55.400Z,52.58,261.63,0.000,2.540,1.164,-5.415,1.470,6.785,-5.522,0.554,Worker_2,-4.290,-3.740,6.029,0,0,0,3.280,4.760,3.000,3.000,3.0,26.0,SAFE
2026-08-26T10:43:55.400Z,52.58,261.63,0.000,2.540,1.164,-5.415,1.470,6.785,-5.522,0.554,Worker_3,3.640,-7.120,2.695,1,1,0,3.280,4.760,3.000,3.000,3.0,26.0,DANGER_ZONE
2026-08-26T10:43:55.500Z,52.68,261.63,0.000,2.540,1.164,-5.415,1.511,6.796,-5.509,0.383,Worker_1,4.190,9.989,15.728,0,0,1,3.280,4.760,3.000,3.000,3.0,26.0,SAFE
2026-08-26T10:43:55.500Z,52.68,261.63,0.000,2.540,1.164,-5.415,1.511,6.796,-5.509,0.383,Worker_2,-4.290,-3.740,6.065,0,0,0,3.280,4.760,3.000,3.000,3.0,26.0,SAFE
2026-08-26T10:43:55.500Z,52.68,261.63,0.000,2.540,1.164,-5.415,1.511,6.796,-5.509,0.383,Worker_3,3.640,-7.120,2.670,1,1,0,3.280,4.760,3.000,3.000,3.0,26.0,DANGER_ZONE
2026-08-26T10:43:55.634Z,52.81,261.63,0.000,2.540,1.164,-5.415,1.541,6.810,-5.491,0.201,Worker_1,4.449,9.928,15.691,0,0,1,3.280,4.760,3.000,3.000,3.0,26.0,SAFE
2026-08-26T10:43:55.634Z,52.81,261.63,0.000,2.540,1.164,-5.415,1.541,6.810,-5.491,0.201,Worker_2,-4.290,-3.740,6.088,0,0,0,3.280,4.760,3.000,3.000,3.0,26.0,SAFE
2026-08-26T10:43:55.634Z,52.81,261.63,0.000,2.540,1.164,-5.415,1.541,6.810,-5.491,0.201,Worker_3,3.640,-7.120,2.657,1,1,0,3.280,4.760,3.000,3.000,3.0,26.0,DANGER_ZONE
2026-08-26T10:43:55.824Z,53.00,261.63,0.000,2.540,0.626,-1.754,1.540,6.824,-5.468,0.165,Worker_1,4.815,9.842,15.656,0,0,1,3.280,4.760,3.000,3.000,3.0,26.0,SAFE
2026-08-26T10:43:55.824Z,53.00,261.63,0.000,2.540,0.626,-1.754,1.540,6.824,-5.468,0.165,Worker_2,-4.290,-3.740,6.081,0,0,0,3.280,4.760,3.000,3.000,3.0,26.0,SAFE
2026-08-26T10:43:55.824Z,53.00,261.63,0.000,2.540,0.626,-1.754,1.540,6.824,-5.468,0.165,Worker_3,3.640,-7.120,2.672,1,1,0,3.280,4.760,3.000,3.000,3.0,26.0,DANGER_ZONE
2026-08-26T10:43:55.950Z,53.13,261.63,0.000,2.540,0.626,-1.754,1.496,6.839,-5.317,1.742,Worker_1,5.064,9.784,15.517,0,0,1,3.280,4.760,3.000,3.000,3.0,26.0,SAFE
2026-08-26T10:43:55.950Z,53.13,261.63,0.000,2.540,0.626,-1.754,1.496,6.839,-5.317,1.742,Worker_2,-4.290,-3.740,5.997,0,0,0,3.280,4.760,3.000,3.000,3.0,26.0,SAFE
2026-08-26T10:43:55.950Z,53.13,261.63,0.000,2.540,0.626,-1.754,1.496,6.839,-5.317,1.742,Worker_3,3.640,-7.120,2.801,1,1,0,3.280,4.760,3.000,3.000,3.0,26.0,DANGER_ZONE
2026-08-26T10:43:56.050Z,53.23,261.63,0.000,2.540,0.626,-1.754,1.441,6.849,-5.104,2.491,Worker_1,5.259,9.738,15.325,0,0,1,3.280,4.760,3.000,3.000,3.0,26.0,SAFE
2026-08-26T10:43:56.050Z,53.23,261.63,0.000,2.540,0.626,-1.754,1.441,6.849,-5.104,2.491,Worker_2,-4.290,-3.740,5.891,0,0,0,3.280,4.760,3.000,3.000,3.0,26.0,SAFE
2026-08-26T10:43:56.050Z,53.23,261.63,0.000,2.540,0.626,-1.754,1.441,6.849,-5.104,2.491,Worker_3,3.640,-7.120,2.984,1,1,0,3.280,4.760,3.000,3.000,3.0,26.0,DANGER_ZONE
2026-08-26T10:43:56.151Z,53.33,261.63,0.000,2.540,0.626,-1.754,1.372,6.857,-4.830,3.024,Worker_1,5.455,9.692,15.084,0,0,1,3.280,4.760,3.000,3.000,3.0,26.0,SAFE
2026-08-26T10:43:56.151Z,53.33,261.63,0.000,2.540,0.626,-1.754,1.372,6.857,-4.830,3.024,Worker_2,-4.290,-3.740,5.766,0,0,0,3.280,4.760,3.000,3.000,3.0,26.0,SAFE
2026-08-26T10:43:56.151Z,53.33,261.63,0.000,2.540,0.626,-1.754,1.372,6.857,-4.830,3.024,Worker_3,3.640,-7.120,3.223,0,1,0,3.280,4.760,3.000,3.000,3.0,26.0,SAFE
2026-08-26T10:43:56.267Z,53.44,261.63,0.000,2.540,0.626,-1.754,1.277,6.868,-4.450,3.398,Worker_1,5.682,9.638,14.760,0,0,1,3.280,4.760,3.000,3.000,3.0,26.0,SAFE
2026-08-26T10:43:56.267Z,53.44,261.63,0.000,2.540,0.626,-1.754,1.277,6.868,-4.450,3.398,Worker_2,-4.290,-3.740,5.612,0,0,0,3.280,4.760,3.000,3.000,3.0,26.0,SAFE
2026-08-26T10:43:56.267Z,53.44,261.63,0.000,2.540,0.626,-1.754,1.277,6.868,-4.450,3.398,Worker_3,3.640,-7.120,3.566,0,1,0,3.280,4.760,3.000,3.000,3.0,26.0,SAFE
2026-08-26T10:43:56.368Z,53.54,261.63,0.000,2.540,0.626,-1.754,1.194,6.872,-4.112,3.518,Worker_1,5.877,9.592,14.482,0,0,1,3.280,4.760,3.000,3.000,3.0,26.0,SAFE
2026-08-26T10:43:56.368Z,53.54,261.63,0.000,2.540,0.626,-1.754,1.194,6.872,-4.112,3.518,Worker_2,-4.290,-3.740,5.497,0,0,0,3.280,4.760,3.000,3.000,3.0,26.0,SAFE
2026-08-26T10:43:56.368Z,53.54,261.63,0.000,2.540,0.626,-1.754,1.194,6.872,-4.112,3.518,Worker_3,3.640,-7.120,3.877,0,1,0,3.280,4.760,3.000,3.000,3.0,26.0,SAFE
2026-08-26T10:43:56.482Z,53.66,261.63,0.000,2.540,0.626,-1.754,1.110,6.870,-3.769,3.517,Worker_1,6.102,9.539,14.214,0,0,1,3.280,4.760,3.000,3.000,3.0,26.0,SAFE
2026-08-26T10:43:56.482Z,53.66,261.63,0.000,2.540,0.626,-1.754,1.110,6.870,-3.769,3.517,Worker_2,-4.290,-3.740,5.400,0,0,0,3.280,4.760,3.000,3.000,3.0,26.0,SAFE
2026-08-26T10:43:56.482Z,53.66,261.63,0.000,2.540,0.626,-1.754,1.110,6.870,-3.769,3.517,Worker_3,3.640,-7.120,4.198,0,1,0,3.280,4.760,3.000,3.000,3.0,26.0,SAFE
2026-08-26T10:43:56.583Z,53.76,261.63,0.000,2.540,0.626,-1.754,1.028,6.859,-3.432,3.437,Worker_1,6.297,9.493,13.958,0,0,1,3.280,4.760,3.000,3.000,3.0,26.0,SAFE
2026-08-26T10:43:56.583Z,53.76,261.63,0.000,2.540,0.626,-1.754,1.028,6.859,-3.432,3.437,Worker_2,-4.290,-3.740,5.327,0,0,0,3.280,4.760,3.000,3.000,3.0,26.0,SAFE
2026-08-26T10:43:56.583Z,53.76,261.63,0.000,2.540,0.626,-1.754,1.028,6.859,-3.432,3.437,Worker_3,3.640,-7.120,4.519,0,1,0,3.280,4.760,3.000,3.000,3.0,26.0,SAFE
2026-08-26T10:43:56.700Z,53.87,261.63,0.000,2.540,0.626,-1.754,0.934,6.836,-3.042,3.273,Worker_1,6.523,9.440,13.676,0,0,1,3.280,4.760,3.000,3.000,3.0,26.0,SAFE
2026-08-26T10:43:56.700Z,53.87,261.63,0.000,2.540,0.626,-1.754,0.934,6.836,-3.042,3.273,Worker_2,-4.290,-3.740,5.270,0,0,0,3.280,4.760,3.000,3.000,3.0,26.0,SAFE
2026-08-26T10:43:56.700Z,53.87,261.63,0.000,2.540,0.626,-1.754,0.934,6.836,-3.042,3.273,Worker_3,3.640,-7.120,4.894,0,1,0,3.280,4.760,3.000,3.000,3.0,26.0,SAFE
2026-08-26T10:43:56.833Z,54.01,261.63,0.000,2.540,0.626,-1.754,0.832,6.802,-2.618,3.005,Worker_1,6.783,9.379,13.391,0,0,1,3.280,4.760,3.000,3.000,3.0,26.0,SAFE
2026-08-26T10:43:56.833Z,54.01,261.63,0.000,2.540,0.626,-1.754,0.832,6.802,-2.618,3.005,Worker_2,-4.290,-3.740,5.244,0,0,0,3.280,4.760,3.000,3.000,3.0,26.0,SAFE
2026-08-26T10:43:56.833Z,54.01,261.63,0.000,2.540,0.626,-1.754,0.832,6.802,-2.618,3.005,Worker_3,3.640,-7.120,5.306,0,1,0,3.280,4.760,3.000,3.000,3.0,26.0,SAFE
2026-08-26T10:43:56.933Z,54.11,261.63,0.000,2.540,0.626,-1.754,0.766,6.779,-2.340,2.768,Worker_1,6.978,9.333,13.223,0,0,1,3.280,4.760,3.000,3.000,3.0,26.0,SAFE
2026-08-26T10:43:56.933Z,54.11,261.63,0.000,2.540,0.626,-1.754,0.766,6.779,-2.340,2.768,Worker_2,-4.290,-3.740,5.246,0,0,0,3.280,4.760,3.000,3.000,3.0,26.0,SAFE
2026-08-26T10:43:56.933Z,54.11,261.63,0.000,2.540,0.626,-1.754,0.766,6.779,-2.340,2.768,Worker_3,3.640,-7.120,5.577,0,1,0,3.280,4.760,3.000,3.000,3.0,26.0,SAFE
2026-08-26T10:43:57.050Z,54.23,261.63,0.000,2.540,0.626,-1.754,0.695,6.755,-2.040,2.440,Worker_1,7.206,9.279,13.058,0,0,1,3.280,4.760,3.000,3.000,3.0,26.0,SAFE
2026-08-26T10:43:57.050Z,54.23,261.63,0.000,2.540,0.626,-1.754,0.695,6.755,-2.040,2.440,Worker_2,-4.290,-3.740,5.267,0,0,0,3.280,4.760,3.000,3.000,3.0,26.0,SAFE
2026-08-26T10:43:57.050Z,54.23,261.63,0.000,2.540,0.626,-1.754,0.695,6.755,-2.040,2.440,Worker_3,3.640,-7.120,5.872,0,1,0,3.280,4.760,3.000,3.000,3.0,26.0,SAFE
2026-08-26T10:43:57.150Z,54.33,261.63,0.000,2.540,0.626,-1.754,0.643,6.742,-1.820,2.140,Worker_1,7.401,9.233,12.955,0,0,1,3.280,4.760,3.000,3.000,3.0,26.0,SAFE
2026-08-26T10:43:57.150Z,54.33,261.63,0.000,2.540,0.626,-1.754,0.643,6.742,-1.820,2.140,Worker_2,-4.290,-3.740,5.294,0,0,0,3.280,4.760,3.000,3.000,3.0,26.0,SAFE
2026-08-26T10:43:57.150Z,54.33,261.63,0.000,2.540,0.626,-1.754,0.643,6.742,-1.820,2.140,Worker_3,3.640,-7.120,6.089,0,1,0,3.280,4.760,3.000,3.000,3.0,26.0,SAFE
2026-08-26T10:43:57.266Z,54.44,261.63,0.000,2.540,0.626,-1.754,0.591,6.734,-1.596,1.760,Worker_1,7.629,9.180,12.870,0,0,1,3.280,4.760,3.000,3.000,3.0,26.0,SAFE
2026-08-26T10:43:57.266Z,54.44,261.63,0.000,2.540,0.626,-1.754,0.591,6.734,-1.596,1.760,Worker_2,-4.290,-3.740,5.331,0,0,0,3.280,4.760,3.000,3.000,3.0,26.0,SAFE
2026-08-26T10:43:57.266Z,54.44,261.63,0.000,2.540,0.626,-1.754,0.591,6.734,-1.596,1.760,Worker_3,3.640,-7.120,6.310,0,1,0,3.280,4.760,3.000,3.000,3.0,26.0,SAFE
2026-08-26T10:43:57.382Z,54.56,261.63,0.000,2.540,0.626,-1.754,0.556,6.734,-1.443,1.442,Worker_1,7.853,9.127,12.844,0,0,1,3.280,4.760,3.000,3.000,3.0,26.0,SAFE
2026-08-26T10:43:57.382Z,54.56,261.63,0.000,2.540,0.626,-1.754,0.556,6.734,-1.443,1.442,Worker_2,-4.290,-3.740,5.363,0,0,0,3.280,4.760,3.000,3.000,3.0,26.0,SAFE
2026-08-26T10:43:57.382Z,54.56,261.63,0.000,2.540,0.626,-1.754,0.556,6.734,-1.443,1.442,Worker_3,3.640,-7.120,6.461,0,1,0,3.280,4.760,3.000,3.000,3.0,26.0,SAFE
2026-08-26T10:43:57.498Z,54.67,261.63,0.000,2.540,0.626,-1.754,0.523,6.742,-1.300,1.072,Worker_1,8.079,9.074,12.834,0,0,1,3.280,4.760,3.000,3.000,3.0,26.0,SAFE
2026-08-26T10:43:57.498Z,54.67,261.63,0.000,2.540,0.626,-1.754,0.523,6.742,-1.300,1.072,Worker_2,-4.290,-3.740,5.396,0,0,0,3.280,4.760,3.000,3.000,3.0,26.0,SAFE
2026-08-26T10:43:57.498Z,54.67,261.63,0.000,2.540,0.626,-1.754,0.523,6.742,-1.300,1.072,Worker_3,3.640,-7.120,6.602,0,1,0,3.280,4.760,3.000,3.000,3.0,26.0,SAFE
2026-08-26T10:43:57.632Z,54.81,261.63,0.000,2.540,0.626,-1.754,0.497,6.757,-1.186,0.679,Worker_1,8.339,9.012,12.865,0,0,1,3.280,4.760,3.000,3.000,3.0,26.0,SAFE
2026-08-26T10:43:57.632Z,54.81,261.63,0.000,2.540,0.626,-1.754,0.497,6.757,-1.186,0.679,Worker_2,-4.290,-3.740,5.425,0,0,0,3.280,4.760,3.000,3.000,3.0,26.0,SAFE
2026-08-26T10:43:57.632Z,54.81,261.63,0.000,2.540,0.626,-1.754,0.497,6.757,-1.186,0.679,Worker_3,3.640,-7.120,6.715,0,1,0,3.280,4.760,3.000,3.000,3.0,26.0,SAFE
2026-08-26T10:43:57.732Z,54.91,261.63,0.000,2.540,0.626,-1.754,0.485,6.771,-1.136,0.433,Worker_1,8.534,8.966,12.916,0,0,1,3.280,4.760,3.000,3.000,3.0,26.0,SAFE
2026-08-26T10:43:57.732Z,54.91,261.63,0.000,2.540,0.626,-1.754,0.485,6.771,-1.136,0.433,Worker_2,-4.290,-3.740,5.439,0,0,0,3.280,4.760,3.000,3.000,3.0,26.0,SAFE
2026-08-26T10:43:57.732Z,54.91,261.63,0.000,2.540,0.626,-1.754,0.485,6.771,-1.136,0.433,Worker_3,3.640,-7.120,6.765,0,1,0,3.280,4.760,3.000,3.000,3.0,26.0,SAFE
2026-08-26T10:43:57.849Z,55.02,261.63,0.000,2.540,0.626,-1.754,0.479,6.788,-1.107,0.198,Worker_1,8.762,8.913,13.000,0,0,1,3.280,4.760,3.000,3.000,3.0,26.0,SAFE
2026-08-26T10:43:57.849Z,55.02,261.63,0.000,2.540,0.626,-1.754,0.479,6.788,-1.107,0.198,Worker_2,-4.290,-3.740,5.447,0,0,0,3.280,4.760,3.000,3.000,3.0,26.0,SAFE
2026-08-26T10:43:57.849Z,55.02,261.63,0.000,2.540,0.626,-1.754,0.479,6.788,-1.107,0.198,Worker_3,3.640,-7.120,6.793,0,1,0,3.280,4.760,3.000,3.000,3.0,26.0,SAFE
2026-08-26T10:43:57.949Z,55.12,261.63,0.000,2.540,0.626,-1.754,0.479,6.802,-1.105,0.143,Worker_1,8.957,8.867,13.089,0,0,1,3.280,4.760,3.000,3.000,3.0,26.0,SAFE
2026-08-26T10:43:57.949Z,55.12,261.63,0.000,2.540,0.626,-1.754,0.479,6.802,-1.105,0.143,Worker_2,-4.290,-3.740,5.448,0,0,0,3.280,4.760,3.000,3.000,3.0,26.0,SAFE
2026-08-26T10:43:57.949Z,55.12,261.63,0.000,2.540,0.626,-1.754,0.479,6.802,-1.105,0.143,Worker_3,3.640,-7.120,6.795,0,1,0,3.280,4.760,3.000,3.000,3.0,26.0,SAFE
2026-08-26T10:43:58.065Z,55.24,261.63,0.000,2.540,0.626,-1.754,0.483,6.816,-1.125,0.269,Worker_1,9.183,8.814,13.208,0,0,1,3.280,4.760,3.000,3.000,3.0,26.0,SAFE
2026-08-26T10:43:58.065Z,55.24,261.63,0.000,2.540,0.626,-1.754,0.483,6.816,-1.125,0.269,Worker_2,-4.290,-3.740,5.443,0,0,0,3.280,4.760,3.000,3.000,3.0,26.0,SAFE
2026-08-26T10:43:58.065Z,55.24,261.63,0.000,2.540,0.626,-1.754,0.483,6.816,-1.125,0.269,Worker_3,3.640,-7.120,6.775,0,1,0,3.280,4.760,3.000,3.000,3.0,26.0,SAFE
2026-08-26T10:43:58.181Z,55.36,261.63,0.000,2.540,0.626,-1.754,0.491,6.826,-1.156,0.381,Worker_1,9.409,8.760,13.337,0,0,1,3.280,4.760,3.000,3.000,3.0,26.0,SAFE
2026-08-26T10:43:58.181Z,55.36,261.63,0.000,2.540,0.626,-1.754,0.491,6.826,-1.156,0.381,Worker_2,-4.290,-3.740,5.434,0,0,0,3.280,4.760,3.000,3.000,3.0,26.0,SAFE
2026-08-26T10:43:58.181Z,55.36,261.63,0.000,2.540,0.626,-1.754,0.491,6.826,-1.156,0.381,Worker_3,3.640,-7.120,6.744,0,1,0,3.280,4.760,3.000,3.000,3.0,26.0,SAFE
2026-08-26T10:43:58.298Z,55.47,261.63,0.000,2.540,0.626,-1.754,0.502,6.835,-1.208,0.489,Worker_1,9.635,8.707,13.480,0,0,1,3.280,4.760,3.000,3.000,3.0,26.0,SAFE
2026-08-26T10:43:58.298Z,55.47,261.63,0.000,2.540,0.626,-1.754,0.502,6.835,-1.208,0.489,Worker_2,-4.290,-3.740,5.420,0,0,0,3.280,4.760,3.000,3.000,3.0,26.0,SAFE
2026-08-26T10:43:58.298Z,55.47,261.63,0.000,2.540,0.626,-1.754,0.502,6.835,-1.208,0.489,Worker_3,3.640,-7.120,6.693,0,1,0,3.280,4.760,3.000,3.000,3.0,26.0,SAFE
2026-08-26T10:43:58.398Z,55.57,261.63,0.000,2.540,0.626,-1.754,0.514,6.840,-1.259,0.553,Worker_1,9.440,8.753,13.413,0,0,1,3.280,4.760,3.000,3.000,3.0,26.0,SAFE
2026-08-26T10:43:58.398Z,55.57,261.63,0.000,2.540,0.626,-1.754,0.514,6.840,-1.259,0.553,Worker_2,-4.290,-3.740,5.407,0,0,0,3.280,4.760,3.000,3.000,3.0,26.0,SAFE
2026-08-26T10:43:58.398Z,55.57,261.63,0.000,2.540,0.626,-1.754,0.514,6.840,-1.259,0.553,Worker_3,3.640,-7.120,6.642,0,1,0,3.280,4.760,3.000,3.000,3.0,26.0,SAFE
2026-08-26T10:43:58.531Z,55.71,261.63,0.000,2.540,0.626,-1.754,0.532,6.843,-1.339,0.605,Worker_1,9.181,8.814,13.337,0,0,1,3.280,4.760,3.000,3.000,3.0,26.0,SAFE
2026-08-26T10:43:58.531Z,55.71,261.63,0.000,2.540,0.626,-1.754,0.532,6.843,-1.339,0.605,Worker_2,-4.290,-3.740,5.387,0,0,0,3.280,4.760,3.000,3.000,3.0,26.0,SAFE
2026-08-26T10:43:58.531Z,55.71,261.63,0.000,2.540,0.626,-1.754,0.532,6.843,-1.339,0.605,Worker_3,3.640,-7.120,6.563,0,1,0,3.280,4.760,3.000,3.000,3.0,26.0,SAFE
2026-08-26T10:43:58.632Z,55.81,261.63,0.000,2.540,0.819,-3.066,0.546,6.843,-1.403,0.721,Worker_1,8.986,8.860,13.287,0,0,1,3.280,4.760,3.000,3.000,3.0,26.0,SAFE
2026-08-26T10:43:58.632Z,55.81,261.63,0.000,2.540,0.819,-3.066,0.546,6.843,-1.403,0.721,Worker_2,-4.290,-3.740,5.371,0,0,0,3.280,4.760,3.000,3.000,3.0,26.0,SAFE
2026-08-26T10:43:58.632Z,55.81,261.63,0.000,2.540,0.819,-3.066,0.546,6.843,-1.403,0.721,Worker_3,3.640,-7.120,6.500,0,1,0,3.280,4.760,3.000,3.000,3.0,26.0,SAFE
2026-08-26T10:43:58.748Z,55.92,261.63,0.000,2.540,1.219,-5.791,0.573,6.845,-1.548,1.747,Worker_1,8.758,8.914,13.283,0,0,1,3.280,4.760,3.000,3.000,3.0,26.0,SAFE
2026-08-26T10:43:58.748Z,55.92,261.63,0.000,2.540,1.219,-5.791,0.573,6.845,-1.548,1.747,Worker_2,-4.290,-3.740,5.334,0,0,0,3.280,4.760,3.000,3.000,3.0,26.0,SAFE
2026-08-26T10:43:58.748Z,55.92,261.63,0.000,2.540,1.219,-5.791,0.573,6.845,-1.548,1.747,Worker_3,3.640,-7.120,6.360,0,1,0,3.280,4.760,3.000,3.000,3.0,26.0,SAFE
2026-08-26T10:43:58.865Z,56.04,261.63,0.000,2.540,1.219,-5.791,0.621,6.849,-1.837,2.878,Worker_1,8.531,8.967,13.390,0,0,1,3.280,4.760,3.000,3.000,3.0,26.0,SAFE
2026-08-26T10:43:58.865Z,56.04,261.63,0.000,2.540,1.219,-5.791,0.621,6.849,-1.837,2.878,Worker_2,-4.290,-3.740,5.267,0,0,0,3.280,4.760,3.000,3.000,3.0,26.0,SAFE
2026-08-26T10:43:58.865Z,56.04,261.63,0.000,2.540,1.219,-5.791,0.621,6.849,-1.837,2.878,Worker_3,3.640,-7.120,6.084,0,1,0,3.280,4.760,3.000,3.000,3.0,26.0,SAFE
2026-08-26T10:43:58.965Z,56.14,261.63,0.000,2.540,1.219,-5.791,0.673,6.852,-2.161,3.512,Worker_1,8.334,9.014,13.549,0,0,1,3.280,4.760,3.000,3.000,3.0,26.0,SAFE
2026-08-26T10:43:58.965Z,56.14,261.63,0.000,2.540,1.219,-5.791,0.673,6.852,-2.161,3.512,Worker_2,-4.290,-3.740,5.208,0,0,0,3.280,4.760,3.000,3.000,3.0,26.0,SAFE
2026-08-26T10:43:58.965Z,56.14,261.63,0.000,2.540,1.219,-5.791,0.673,6.852,-2.161,3.512,Worker_3,3.640,-7.120,5.779,0,1,0,3.280,4.760,3.000,3.000,3.0,26.0,SAFE
2026-08-26T10:43:59.080Z,56.26,261.63,0.000,2.540,1.219,-5.791,0.731,6.856,-2.533,3.909,Worker_1,8.111,9.066,13.748,0,0,1,3.280,4.760,3.000,3.000,3.0,26.0,SAFE
2026-08-26T10:43:59.080Z,56.26,261.63,0.000,2.540,1.219,-5.791,0.731,6.856,-2.533,3.909,Worker_2,-4.290,-3.740,5.164,0,0,0,3.280,4.760,3.000,3.000,3.0,26.0,SAFE
2026-08-26T10:43:59.080Z,56.26,261.63,0.000,2.540,1.219,-5.791,0.731,6.856,-2.533,3.909,Worker_3,3.640,-7.120,5.431,0,1,0,3.280,4.760,3.000,3.000,3.0,26.0,SAFE
2026-08-26T10:43:59.214Z,56.39,261.63,0.000,2.540,1.219,-5.791,0.817,6.857,-3.095,4.116,Worker_1,7.851,9.127,14.102,0,0,1,3.280,4.760,3.000,3.000,3.0,26.0,SAFE
2026-08-26T10:43:59.214Z,56.39,261.63,0.000,2.540,1.219,-5.791,0.817,6.857,-3.095,4.116,Worker_2,-4.290,-3.740,5.148,0,0,0,3.280,4.760,3.000,3.000,3.0,26.0,SAFE
2026-08-26T10:43:59.214Z,56.39,261.63,0.000,2.540,1.219,-5.791,0.817,6.857,-3.095,4.116,Worker_3,3.640,-7.120,4.917,0,1,0,3.280,4.760,3.000,3.000,3.0,26.0,SAFE
2026-08-26T10:43:59.331Z,56.51,261.63,0.000,2.540,1.219,-5.791,0.891,6.847,-3.581,4.071,Worker_1,7.622,9.181,14.428,0,0,1,3.280,4.760,3.000,3.000,3.0,26.0,SAFE
2026-08-26T10:43:59.331Z,56.51,261.63,0.000,2.540,1.219,-5.791,0.891,6.847,-3.581,4.071,Worker_2,-4.290,-3.740,5.184,0,0,0,3.280,4.760,3.000,3.000,3.0,26.0,SAFE
2026-08-26T10:43:59.331Z,56.51,261.63,0.000,2.540,1.219,-5.791,0.891,6.847,-3.581,4.071,Worker_3,3.640,-7.120,4.481,0,1,0,3.280,4.760,3.000,3.000,3.0,26.0,SAFE
2026-08-26T10:43:59.439Z,56.61,261.63,0.000,2.540,1.219,-5.791,0.951,6.830,-3.976,3.941,Worker_1,7.413,9.230,14.703,0,0,1,3.280,4.760,3.000,3.000,3.0,26.0,SAFE
2026-08-26T10:43:59.439Z,56.61,261.63,0.000,2.540,1.219,-5.791,0.951,6.830,-3.976,3.941,Worker_2,-4.290,-3.740,5.246,0,0,0,3.280,4.760,3.000,3.000,3.0,26.0,SAFE
2026-08-26T10:43:59.439Z,56.61,261.63,0.000,2.540,1.219,-5.791,0.951,6.830,-3.976,3.941,Worker_3,3.640,-7.120,4.137,0,1,0,3.280,4.760,3.000,3.000,3.0,26.0,SAFE
2026-08-26T10:43:59.546Z,56.72,261.63,0.000,2.540,1.219,-5.791,1.019,6.800,-4.428,3.713,Worker_1,7.204,9.280,15.038,0,0,1,3.280,4.760,3.000,3.000,3.0,26.0,SAFE
2026-08-26T10:43:59.546Z,56.72,261.63,0.000,2.540,1.219,-5.791,1.019,6.800,-4.428,3.713,Worker_2,-4.290,-3.740,5.354,0,0,0,3.280,4.760,3.000,3.000,3.0,26.0,SAFE
2026-08-26T10:43:59.546Z,56.72,261.63,0.000,2.540,1.219,-5.791,1.019,6.800,-4.428,3.713,Worker_3,3.640,-7.120,3.757,0,1,0,3.280,4.760,3.000,3.000,3.0,26.0,SAFE
2026-08-26T10:43:59.680Z,56.86,261.63,0.000,2.540,1.219,-5.791,1.083,6.766,-4.847,3.422,Worker_1,6.943,9.341,15.351,0,0,1,3.280,4.760,3.000,3.000,3.0,26.0,SAFE
2026-08-26T10:43:59.680Z,56.86,261.63,0.000,2.540,1.219,-5.791,1.083,6.766,-4.847,3.422,Worker_2,-4.290,-3.740,5.486,0,0,0,3.280,4.760,3.000,3.000,3.0,26.0,SAFE
2026-08-26T10:43:59.680Z,56.86,261.63,0.000,2.540,1.219,-5.791,1.083,6.766,-4.847,3.422,Worker_3,3.640,-7.120,3.421,0,1,0,3.280,4.760,3.000,3.000,3.0,26.0,SAFE
2026-08-26T10:43:59.798Z,56.97,261.63,0.000,2.540,1.219,-5.791,1.140,6.735,-5.229,3.074,Worker_1,6.715,9.395,15.650,0,0,1,3.280,4.760,3.000,3.000,3.0,26.0,SAFE
2026-08-26T10:43:59.798Z,56.97,261.63,0.000,2.540,1.219,-5.791,1.140,6.735,-5.229,3.074,Worker_2,-4.290,-3.740,5.631,0,0,0,3.280,4.760,3.000,3.000,3.0,26.0,SAFE
2026-08-26T10:43:59.798Z,56.97,261.63,0.000,2.540,1.219,-5.791,1.140,6.735,-5.229,3.074,Worker_3,3.640,-7.120,3.135,0,1,0,3.280,4.760,3.000,3.000,3.0,26.0,SAFE
2026-08-26T10:43:59.913Z,57.09,261.63,0.000,2.540,1.219,-5.791,1.191,6.712,-5.566,2.677,Worker_1,6.491,9.448,15.921,0,0,1,3.280,4.760,3.000,3.000,3.0,26.0,SAFE
2026-08-26T10:43:59.913Z,57.09,261.63,0.000,2.540,1.219,-5.791,1.191,6.712,-5.566,2.677,Worker_2,-4.290,-3.740,5.777,0,0,0,3.280,4.760,3.000,3.000,3.0,26.0,SAFE
2026-08-26T10:43:59.913Z,57.09,261.63,0.000,2.540,1.219,-5.791,1.191,6.712,-5.566,2.677,Worker_3,3.640,-7.120,2.901,1,1,0,3.280,4.760,3.000,3.000,3.0,26.0,DANGER_ZONE
2026-08-26T10:44:00.015Z,57.19,261.63,0.000,2.540,1.219,-5.791,1.228,6.701,-5.809,2.321,Worker_1,6.292,9.494,16.120,0,0,1,3.280,4.760,3.000,3.000,3.0,26.0,SAFE
2026-08-26T10:44:00.015Z,57.19,261.63,0.000,2.540,1.219,-5.791,1.228,6.701,-5.809,2.321,Worker_2,-4.290,-3.740,5.893,0,0,0,3.280,4.760,3.000,3.000,3.0,26.0,SAFE
2026-08-26T10:44:00.015Z,57.19,261.63,0.000,2.540,1.219,-5.791,1.228,6.701,-5.809,2.321,Worker_3,3.640,-7.120,2.745,1,1,0,3.280,4.760,3.000,3.000,3.0,26.0,DANGER_ZONE
2026-08-26T10:44:00.147Z,57.32,261.63,0.000,2.540,1.219,-5.791,1.270,6.699,-6.090,1.807,Worker_1,6.034,9.555,16.354,0,0,1,3.280,4.760,3.000,3.000,3.0,26.0,SAFE
2026-08-26T10:44:00.147Z,57.32,261.63,0.000,2.540,1.219,-5.791,1.270,6.699,-6.090,1.807,Worker_2,-4.290,-3.740,6.036,0,0,0,3.280,4.760,3.000,3.000,3.0,26.0,SAFE
2026-08-26T10:44:00.147Z,57.32,261.63,0.000,2.540,1.219,-5.791,1.270,6.699,-6.090,1.807,Worker_3,3.640,-7.120,2.584,1,1,0,3.280,4.760,3.000,3.000,3.0,26.0,DANGER_ZONE
2026-08-26T10:44:00.266Z,57.44,261.63,0.000,2.540,1.219,-5.791,1.298,6.708,-6.274,1.375,Worker_1,5.804,9.609,16.510,0,0,1,3.280,4.760,3.000,3.000,3.0,26.0,SAFE
2026-08-26T10:44:00.266Z,57.44,261.63,0.000,2.540,1.219,-5.791,1.298,6.708,-6.274,1.375,Worker_2,-4.290,-3.740,6.135,0,0,0,3.280,4.760,3.000,3.000,3.0,26.0,SAFE
2026-08-26T10:44:00.266Z,57.44,261.63,0.000,2.540,1.219,-5.791,1.298,6.708,-6.274,1.375,Worker_3,3.640,-7.120,2.490,1,1,0,3.280,4.760,3.000,3.000,3.0,26.0,DANGER_ZONE
2026-08-26T10:44:00.380Z,57.56,261.63,0.000,2.540,1.219,-5.791,1.315,6.723,-6.389,1.037,Worker_1,5.581,9.662,16.608,0,0,1,3.280,4.760,3.000,3.000,3.0,26.0,SAFE
2026-08-26T10:44:00.380Z,57.56,261.63,0.000,2.540,1.219,-5.791,1.315,6.723,-6.389,1.037,Worker_2,-4.290,-3.740,6.199,0,0,0,3.280,4.760,3.000,3.000,3.0,26.0,SAFE
2026-08-26T10:44:00.380Z,57.56,261.63,0.000,2.540,1.219,-5.791,1.315,6.723,-6.389,1.037,Worker_3,3.640,-7.120,2.437,1,1,0,3.280,4.760,3.000,3.000,3.0,26.0,DANGER_ZONE
2026-08-26T10:44:00.481Z,57.66,261.63,0.000,2.540,1.219,-5.791,1.327,6.740,-6.471,0.728,Worker_1,5.385,9.708,16.680,0,0,1,3.280,4.760,3.000,3.000,3.0,26.0,SAFE
2026-08-26T10:44:00.481Z,57.66,261.63,0.000,2.540,1.219,-5.791,1.327,6.740,-6.471,0.728,Worker_2,-4.290,-3.740,6.246,0,0,0,3.280,4.760,3.000,3.000,3.0,26.0,SAFE
2026-08-26T10:44:00.481Z,57.66,261.63,0.000,2.540,1.219,-5.791,1.327,6.740,-6.471,0.728,Worker_3,3.640,-7.120,2.402,1,1,0,3.280,4.760,3.000,3.000,3.0,26.0,DANGER_ZONE
2026-08-26T10:44:00.581Z,57.76,261.63,0.000,2.540,1.219,-5.791,1.335,6.760,-6.523,0.457,Worker_1,5.190,9.754,16.727,0,0,1,3.280,4.760,3.000,3.000,3.0,26.0,SAFE
2026-08-26T10:44:00.581Z,57.76,261.63,0.000,2.540,1.219,-5.791,1.335,6.760,-6.523,0.457,Worker_2,-4.290,-3.740,6.276,0,0,0,3.280,4.760,3.000,3.000,3.0,26.0,SAFE
2026-08-26T10:44:00.581Z,57.76,261.63,0.000,2.540,1.219,-5.791,1.335,6.760,-6.523,0.457,Worker_3,3.640,-7.120,2.381,1,1,0,3.280,4.760,3.000,3.000,3.0,26.0,DANGER_ZONE
2026-08-26T10:44:00.698Z,57.87,261.63,0.000,2.540,1.219,-5.791,1.339,6.783,-6.550,0.221,Worker_1,4.963,9.807,16.754,0,0,1,3.280,4.760,3.000,3.000,3.0,26.0,SAFE
2026-08-26T10:44:00.698Z,57.87,261.63,0.000,2.540,1.219,-5.791,1.339,6.783,-6.550,0.221,Worker_2,-4.290,-3.740,6.291,0,0,0,3.280,4.760,3.000,3.000,3.0,26.0,SAFE
2026-08-26T10:44:00.698Z,57.87,261.63,0.000,2.540,1.219,-5.791,1.339,6.783,-6.550,0.221,Worker_3,3.640,-7.120,2.371,1,1,0,3.280,4.760,3.000,3.000,3.0,26.0,DANGER_ZONE
2026-08-26T10:44:00.799Z,57.97,261.63,0.000,2.540,1.219,-5.791,1.338,6.802,-6.548,0.205,Worker_1,4.766,9.854,16.756,0,0,1,3.280,4.760,3.000,3.000,3.0,26.0,SAFE
2026-08-26T10:44:00.799Z,57.97,261.63,0.000,2.540,1.219,-5.791,1.338,6.802,-6.548,0.205,Worker_2,-4.290,-3.740,6.290,0,0,0,3.280,4.760,3.000,3.000,3.0,26.0,SAFE
2026-08-26T10:44:00.799Z,57.97,261.63,0.000,2.540,1.219,-5.791,1.338,6.802,-6.548,0.205,Worker_3,3.640,-7.120,2.372,1,1,0,3.280,4.760,3.000,3.000,3.0,26.0,DANGER_ZONE
2026-08-26T10:44:00.930Z,58.11,261.63,0.000,2.540,1.219,-5.791,1.332,6.823,-6.513,0.373,Worker_1,4.511,9.914,16.732,0,0,1,3.280,4.760,3.000,3.000,3.0,26.0,SAFE
2026-08-26T10:44:00.930Z,58.11,261.63,0.000,2.540,1.219,-5.791,1.332,6.823,-6.513,0.373,Worker_2,-4.290,-3.740,6.269,0,0,0,3.280,4.760,3.000,3.000,3.0,26.0,SAFE
2026-08-26T10:44:00.930Z,58.11,261.63,0.000,2.540,1.219,-5.791,1.332,6.823,-6.513,0.373,Worker_3,3.640,-7.120,2.386,1,1,0,3.280,4.760,3.000,3.000,3.0,26.0,DANGER_ZONE
2026-08-26T10:44:01.030Z,58.21,261.63,0.000,2.540,1.219,-5.791,1.326,6.835,-6.471,0.490,Worker_1,4.314,9.960,16.701,0,0,1,3.280,4.760,3.000,3.000,3.0,26.0,SAFE
2026-08-26T10:44:01.030Z,58.21,261.63,0.000,2.540,1.219,-5.791,1.326,6.835,-6.471,0.490,Worker_2,-4.290,-3.740,6.245,0,0,0,3.280,4.760,3.000,3.000,3.0,26.0,SAFE
2026-08-26T10:44:01.030Z,58.21,261.63,0.000,2.540,1.219,-5.791,1.326,6.835,-6.471,0.490,Worker_3,3.640,-7.120,2.404,1,1,0,3.280,4.760,3.000,3.000,3.0,26.0,DANGER_ZONE
2026-08-26T10:44:01.131Z,58.31,261.63,0.000,2.540,1.219,-5.791,1.317,6.844,-6.418,0.583,Worker_1,4.119,10.006,16.661,0,0,1,3.280,4.760,3.000,3.000,3.0,26.0,SAFE
2026-08-26T10:44:01.131Z,58.31,261.63,0.000,2.540,1.219,-5.791,1.317,6.844,-6.418,0.583,Worker_2,-4.290,-3.740,6.214,0,0,0,3.280,4.760,3.000,3.000,3.0,26.0,SAFE
2026-08-26T10:44:01.131Z,58.31,261.63,0.000,2.540,1.219,-5.791,1.317,6.844,-6.418,0.583,Worker_3,3.640,-7.120,2.427,1,1,0,3.280,4.760,3.000,3.000,3.0,26.0,DANGER_ZONE
2026-08-26T10:44:01.245Z,58.42,261.63,0.000,2.540,1.219,-5.791,1.305,6.850,-6.343,0.660,Worker_1,3.896,10.059,16.605,0,0,1,3.280,4.760,3.000,3.000,3.0,26.0,SAFE
2026-08-26T10:44:01.245Z,58.42,261.63,0.000,2.540,1.219,-5.791,1.305,6.850,-6.343,0.660,Worker_2,-4.290,-3.740,6.171,0,0,0,3.280,4.760,3.000,3.000,3.0,26.0,SAFE
2026-08-26T10:44:01.245Z,58.42,261.63,0.000,2.540,1.219,-5.791,1.305,6.850,-6.343,0.660,Worker_3,3.640,-7.120,2.460,1,1,0,3.280,4.760,3.000,3.000,3.0,26.0,DANGER_ZONE
2026-08-26T10:44:01.363Z,58.54,261.63,0.000,2.540,1.219,-5.791,1.295,6.852,-6.276,0.698,Worker_1,3.666,10.113,16.559,0,0,1,3.280,4.760,3.000,3.000,3.0,26.0,SAFE
2026-08-26T10:44:01.363Z,58.54,261.63,0.000,2.540,1.219,-5.791,1.295,6.852,-6.276,0.698,Worker_2,-4.290,-3.740,6.133,0,0,0,3.280,4.760,3.000,3.000,3.0,26.0,SAFE
2026-08-26T10:44:01.363Z,58.54,261.63,0.000,2.540,1.219,-5.791,1.295,6.852,-6.276,0.698,Worker_3,3.640,-7.120,2.493,1,1,0,3.280,4.760,3.000,3.000,3.0,26.0,DANGER_ZONE
2026-08-26T10:44:01.463Z,58.64,261.63,0.000,2.540,1.219,-5.791,1.284,6.852,-6.206,0.714,Worker_1,3.471,10.159,16.510,0,0,1,3.280,4.760,3.000,3.000,3.0,26.0,SAFE
2026-08-26T10:44:01.463Z,58.64,261.63,0.000,2.540,1.219,-5.791,1.284,6.852,-6.206,0.714,Worker_2,-4.290,-3.740,6.095,0,0,0,3.280,4.760,3.000,3.000,3.0,26.0,SAFE
2026-08-26T10:44:01.463Z,58.64,261.63,0.000,2.540,1.219,-5.791,1.284,6.852,-6.206,0.714,Worker_3,3.640,-7.120,2.528,1,1,0,3.280,4.760,3.000,3.000,3.0,26.0,DANGER_ZONE
2026-08-26T10:44:01.578Z,58.75,261.63,0.000,2.540,1.219,-5.791,1.270,6.850,-6.121,0.706,Worker_1,3.249,10.211,16.452,0,0,1,3.280,4.760,3.000,3.000,3.0,26.0,SAFE
2026-08-26T10:44:01.578Z,58.75,261.63,0.000,2.540,1.219,-5.791,1.270,6.850,-6.121,0.706,Worker_2,-4.290,-3.740,6.049,0,0,0,3.280,4.760,3.000,3.000,3.0,26.0,SAFE
2026-08-26T10:44:01.578Z,58.75,261.63,0.000,2.540,1.219,-5.791,1.270,6.850,-6.121,0.706,Worker_3,3.640,-7.120,2.571,1,1,0,3.280,4.760,3.000,3.000,3.0,26.0,DANGER_ZONE
2026-08-26T10:44:01.697Z,58.87,261.63,0.000,2.540,1.219,-5.791,1.258,6.846,-6.040,0.675,Worker_1,3.018,10.265,16.400,0,0,1,3.280,4.760,3.000,3.000,3.0,26.0,SAFE
2026-08-26T10:44:01.697Z,58.87,261.63,0.000,2.540,1.219,-5.791,1.258,6.846,-6.040,0.675,Worker_2,-4.290,-3.740,6.005,0,0,0,3.280,4.760,3.000,3.000,3.0,26.0,SAFE
2026-08-26T10:44:01.697Z,58.87,261.63,0.000,2.540,1.219,-5.791,1.258,6.846,-6.040,0.675,Worker_3,3.640,-7.120,2.616,1,1,0,3.280,4.760,3.000,3.000,3.0,26.0,DANGER_ZONE
2026-08-26T10:44:01.797Z,58.97,261.63,0.000,2.540,1.219,-5.791,1.247,6.842,-5.975,0.635,Worker_1,2.824,10.311,16.363,0,0,1,3.280,4.760,3.000,3.000,3.0,26.0,SAFE
2026-08-26T10:44:01.797Z,58.97,261.63,0.000,2.540,1.219,-5.791,1.247,6.842,-5.975,0.635,Worker_2,-4.290,-3.740,5.972,0,0,0,3.280,4.760,3.000,3.000,3.0,26.0,SAFE
2026-08-26T10:44:01.797Z,58.97,261.63,0.000,2.540,1.219,-5.791,1.247,6.842,-5.975,0.635,Worker_3,3.640,-7.120,2.652,1,1,0,3.280,4.760,3.000,3.000,3.0,26.0,DANGER_ZONE
2026-08-26T10:44:01.928Z,59.10,261.63,0.000,2.540,1.219,-5.791,1.235,6.836,-5.893,0.561,Worker_1,2.567,10.372,16.319,0,0,1,3.280,4.760,3.000,3.000,3.0,26.0,SAFE
2026-08-26T10:44:01.928Z,59.10,261.63,0.000,2.540,1.219,-5.791,1.235,6.836,-5.893,0.561,Worker_2,-4.290,-3.740,5.929,0,0,0,3.280,4.760,3.000,3.000,3.0,26.0,SAFE
2026-08-26T10:44:01.928Z,59.10,261.63,0.000,2.540,1.219,-5.791,1.235,6.836,-5.893,0.561,Worker_3,3.640,-7.120,2.700,1,1,0,3.280,4.760,3.000,3.000,3.0,26.0,DANGER_ZONE
2026-08-26T10:44:02.044Z,59.22,261.63,0.000,2.540,1.219,-5.791,1.226,6.832,-5.842,0.500,Worker_1,2.341,10.425,16.305,0,0,1,3.280,4.760,3.000,3.000,3.0,26.0,SAFE
2026-08-26T10:44:02.044Z,59.22,261.63,0.000,2.540,1.219,-5.791,1.226,6.832,-5.842,0.500,Worker_2,-4.290,-3.740,5.903,0,0,0,3.280,4.760,3.000,3.000,3.0,26.0,SAFE
2026-08-26T10:44:02.044Z,59.22,261.63,0.000,2.540,1.219,-5.791,1.226,6.832,-5.842,0.500,Worker_3,3.640,-7.120,2.731,1,1,0,3.280,4.760,3.000,3.000,3.0,26.0,DANGER_ZONE
2026-08-26T10:44:02.152Z,59.33,261.63,0.000,2.540,1.219,-5.791,1.218,6.828,-5.788,0.422,Worker_1,2.132,10.474,16.287,0,0,1,3.280,4.760,3.000,3.000,3.0,26.0,SAFE
2026-08-26T10:44:02.152Z,59.33,261.63,0.000,2.540,1.219,-5.791,1.218,6.828,-5.788,0.422,Worker_2,-4.290,-3.740,5.876,0,0,0,3.280,4.760,3.000,3.000,3.0,26.0,SAFE
2026-08-26T10:44:02.152Z,59.33,261.63,0.000,2.540,1.219,-5.791,1.218,6.828,-5.788,0.422,Worker_3,3.640,-7.120,2.764,1,1,0,3.280,4.760,3.000,3.000,3.0,26.0,DANGER_ZONE
2026-08-26T10:44:02.280Z,59.46,261.63,0.000,2.540,1.219,-5.791,1.211,6.825,-5.743,0.342,Worker_1,1.882,10.533,16.290,0,0,1,3.280,4.760,3.000,3.000,3.0,26.0,SAFE
2026-08-26T10:44:02.280Z,59.46,261.63,0.000,2.540,1.219,-5.791,1.211,6.825,-5.743,0.342,Worker_2,-4.290,-3.740,5.855,0,0,0,3.280,4.760,3.000,3.000,3.0,26.0,SAFE
2026-08-26T10:44:02.280Z,59.46,261.63,0.000,2.540,1.219,-5.791,1.211,6.825,-5.743,0.342,Worker_3,3.640,-7.120,2.792,1,1,0,3.280,4.760,3.000,3.000,3.0,26.0,DANGER_ZONE
2026-08-26T10:44:02.415Z,59.59,261.63,0.000,2.540,1.219,-5.791,1.205,6.822,-5.703,0.251,Worker_1,1.622,10.594,16.303,0,0,1,3.280,4.760,3.000,3.000,3.0,26.0,SAFE
2026-08-26T10:44:02.415Z,59.59,261.63,0.000,2.540,1.219,-5.791,1.205,6.822,-5.703,0.251,Worker_2,-4.290,-3.740,5.835,0,0,0,3.280,4.760,3.000,3.000,3.0,26.0,SAFE
2026-08-26T10:44:02.415Z,59.59,261.63,0.000,2.540,1.219,-5.791,1.205,6.822,-5.703,0.251,Worker_3,3.640,-7.120,2.817,1,1,0,3.280,4.760,3.000,3.000,3.0,26.0,DANGER_ZONE
2026-08-26T10:44:02.546Z,59.72,261.63,0.000,2.540,1.219,-5.791,1.201,6.821,-5.676,0.165,Worker_1,1.365,10.655,16.331,0,0,1,3.280,4.760,3.000,3.000,3.0,26.0,SAFE
2026-08-26T10:44:02.546Z,59.72,261.63,0.000,2.540,1.219,-5.791,1.201,6.821,-5.676,0.165,Worker_2,-4.290,-3.740,5.822,0,0,0,3.280,4.760,3.000,3.000,3.0,26.0,SAFE
2026-08-26T10:44:02.546Z,59.72,261.63,0.000,2.540,1.219,-5.791,1.201,6.821,-5.676,0.165,Worker_3,3.640,-7.120,2.835,1,1,0,3.280,4.760,3.000,3.000,3.0,26.0,DANGER_ZONE
2026-08-26T10:44:02.660Z,59.84,261.63,0.000,2.540,1.219,-5.791,1.199,6.820,-5.663,0.109,Worker_1,1.141,10.707,16.370,0,0,1,3.280,4.760,3.000,3.000,3.0,26.0,SAFE
2026-08-26T10:44:02.660Z,59.84,261.63,0.000,2.540,1.219,-5.791,1.199,6.820,-5.663,0.109,Worker_2,-4.290,-3.740,5.816,0,0,0,3.280,4.760,3.000,3.000,3.0,26.0,SAFE
2026-08-26T10:44:02.660Z,59.84,261.63,0.000,2.540,1.219,-5.791,1.199,6.820,-5.663,0.109,Worker_3,3.640,-7.120,2.843,1,1,0,3.280,4.760,3.000,3.000,3.0,26.0,DANGER_ZONE
2026-08-26T10:44:02.761Z,59.94,261.63,0.000,2.540,1.219,-5.791,1.197,6.820,-5.655,0.059,Worker_1,0.946,10.753,16.410,0,0,1,3.280,4.760,3.000,3.000,3.0,26.0,SAFE
2026-08-26T10:44:02.761Z,59.94,261.63,0.000,2.540,1.219,-5.791,1.197,6.820,-5.655,0.059,Worker_2,-4.290,-3.740,5.812,0,0,0,3.280,4.760,3.000,3.000,3.0,26.0,SAFE
2026-08-26T10:44:02.761Z,59.94,261.63,0.000,2.540,1.219,-5.791,1.197,6.820,-5.655,0.059,Worker_3,3.640,-7.120,2.848,1,1,0,3.280,4.760,3.000,3.000,3.0,26.0,DANGER_ZONE
2026-08-26T10:44:02.861Z,60.04,261.63,0.000,2.540,1.219,-5.791,1.197,6.819,-5.652,0.014,Worker_1,0.751,10.799,16.457,0,0,1,3.280,4.760,3.000,3.000,3.0,26.0,SAFE
2026-08-26T10:44:02.861Z,60.04,261.63,0.000,2.540,1.219,-5.791,1.197,6.819,-5.652,0.014,Worker_2,-4.290,-3.740,5.811,0,0,0,3.280,4.760,3.000,3.000,3.0,26.0,SAFE
2026-08-26T10:44:02.861Z,60.04,261.63,0.000,2.540,1.219,-5.791,1.197,6.819,-5.652,0.014,Worker_3,3.640,-7.120,2.850,1,1,0,3.280,4.760,3.000,3.000,3.0,26.0,DANGER_ZONE
2026-08-26T10:44:02.977Z,60.15,261.63,0.000,2.540,1.219,-5.791,1.197,6.820,-5.653,0.031,Worker_1,0.525,10.853,16.520,0,0,1,3.280,4.760,3.000,3.000,3.0,26.0,SAFE
2026-08-26T10:44:02.977Z,60.15,261.63,0.000,2.540,1.219,-5.791,1.197,6.820,-5.653,0.031,Worker_2,-4.290,-3.740,5.811,0,0,0,3.280,4.760,3.000,3.000,3.0,26.0,SAFE
2026-08-26T10:44:02.977Z,60.15,261.63,0.000,2.540,1.219,-5.791,1.197,6.820,-5.653,0.031,Worker_3,3.640,-7.120,2.849,1,1,0,3.280,4.760,3.000,3.000,3.0,26.0,DANGER_ZONE
2026-08-26T10:44:03.095Z,60.27,261.63,0.000,2.540,1.219,-5.791,1.198,6.820,-5.660,0.067,Worker_1,0.297,10.906,16.590,0,0,1,3.280,4.760,3.000,3.000,3.0,26.0,SAFE
2026-08-26T10:44:03.095Z,60.27,261.63,0.000,2.540,1.219,-5.791,1.198,6.820,-5.660,0.067,Worker_2,-4.290,-3.740,5.814,0,0,0,3.280,4.760,3.000,3.000,3.0,26.0,SAFE
2026-08-26T10:44:03.095Z,60.27,261.63,0.000,2.540,1.219,-5.791,1.198,6.820,-5.660,0.067,Worker_3,3.640,-7.120,2.845,1,1,0,3.280,4.760,3.000,3.000,3.0,26.0,DANGER_ZONE
2026-08-26T10:44:03.228Z,60.40,261.63,0.000,2.540,1.219,-5.791,1.200,6.820,-5.672,0.099,Worker_1,0.038,10.967,16.679,0,0,1,3.280,4.760,3.000,3.000,3.0,26.0,SAFE
2026-08-26T10:44:03.228Z,60.40,261.63,0.000,2.540,1.219,-5.791,1.200,6.820,-5.672,0.099,Worker_2,-4.290,-3.740,5.820,0,0,0,3.280,4.760,3.000,3.000,3.0,26.0,SAFE
2026-08-26T10:44:03.228Z,60.40,261.63,0.000,2.540,1.219,-5.791,1.200,6.820,-5.672,0.099,Worker_3,3.640,-7.120,2.837,1,1,0,3.280,4.760,3.000,3.000,3.0,26.0,DANGER_ZONE
2026-08-26T10:44:03.328Z,60.50,261.63,0.000,2.540,1.219,-5.791,1.202,6.821,-5.682,0.114,Worker_1,-0.158,11.013,16.751,0,0,1,3.280,4.760,3.000,3.000,3.0,26.0,SAFE
2026-08-26T10:44:03.328Z,60.50,261.63,0.000,2.540,1.219,-5.791,1.202,6.821,-5.682,0.114,Worker_2,-4.290,-3.740,5.825,0,0,0,3.280,4.760,3.000,3.000,3.0,26.0,SAFE
2026-08-26T10:44:03.328Z,60.50,261.63,0.000,2.540,1.219,-5.791,1.202,6.821,-5.682,0.114,Worker_3,3.640,-7.120,2.830,1,1,0,3.280,4.760,3.000,3.000,3.0,26.0,DANGER_ZONE
2026-08-26T10:44:03.443Z,60.62,261.63,0.000,2.540,1.219,-5.791,1.204,6.821,-5.694,0.125,Worker_1,-0.383,11.066,16.836,0,0,1,3.280,4.760,3.000,3.000,3.0,26.0,SAFE
2026-08-26T10:44:03.443Z,60.62,261.63,0.000,2.540,1.219,-5.791,1.204,6.821,-5.694,0.125,Worker_2,-4.290,-3.740,5.831,0,0,0,3.280,4.760,3.000,3.000,3.0,26.0,SAFE
2026-08-26T10:44:03.443Z,60.62,261.63,0.000,2.540,1.219,-5.791,1.204,6.821,-5.694,0.125,Worker_3,3.640,-7.120,2.823,1,1,0,3.280,4.760,3.000,3.000,3.0,26.0,DANGER_ZONE
2026-08-26T10:44:03.579Z,60.75,261.63,0.000,2.540,1.219,-5.791,1.207,6.821,-5.712,0.131,Worker_1,-0.645,11.128,16.942,0,0,1,3.280,4.760,3.000,3.000,3.0,26.0,SAFE
2026-08-26T10:44:03.579Z,60.75,261.63,0.000,2.540,1.219,-5.791,1.207,6.821,-5.712,0.131,Worker_2,-4.290,-3.740,5.840,0,0,0,3.280,4.760,3.000,3.000,3.0,26.0,SAFE
2026-08-26T10:44:03.579Z,60.75,261.63,0.000,2.540,1.219,-5.791,1.207,6.821,-5.712,0.131,Worker_3,3.640,-7.120,2.811,1,1,0,3.280,4.760,3.000,3.000,3.0,26.0,DANGER_ZONE
2026-08-26T10:44:03.711Z,60.89,261.63,0.000,2.540,1.219,-5.791,1.210,6.821,-5.730,0.130,Worker_1,-0.902,11.188,17.050,0,0,1,3.280,4.760,3.000,3.000,3.0,26.0,SAFE
2026-08-26T10:44:03.711Z,60.89,261.63,0.000,2.540,1.219,-5.791,1.210,6.821,-5.730,0.130,Worker_2,-4.290,-3.740,5.849,0,0,0,3.280,4.760,3.000,3.000,3.0,26.0,SAFE
2026-08-26T10:44:03.711Z,60.89,261.63,0.000,2.540,1.219,-5.791,1.210,6.821,-5.730,0.130,Worker_3,3.640,-7.120,2.800,1,1,0,3.280,4.760,3.000,3.000,3.0,26.0,DANGER_ZONE
2026-08-26T10:44:03.812Z,60.99,261.63,0.000,2.540,1.219,-5.791,1.212,6.822,-5.743,0.126,Worker_1,-1.099,11.235,17.135,0,0,1,3.280,4.760,3.000,3.000,3.0,26.0,SAFE
2026-08-26T10:44:03.812Z,60.99,261.63,0.000,2.540,1.219,-5.791,1.212,6.822,-5.743,0.126,Worker_2,-4.290,-3.740,5.855,0,0,0,3.280,4.760,3.000,3.000,3.0,26.0,SAFE
2026-08-26T10:44:03.812Z,60.99,261.63,0.000,2.540,1.219,-5.791,1.212,6.822,-5.743,0.126,Worker_3,3.640,-7.120,2.792,1,1,0,3.280,4.760,3.000,3.000,3.0,26.0,DANGER_ZONE
2026-08-26T10:44:03.928Z,61.10,261.63,0.000,2.540,1.219,-5.791,1.214,6.822,-5.757,0.117,Worker_1,-1.325,11.288,17.233,0,0,1,3.280,4.760,3.000,3.000,3.0,26.0,SAFE
2026-08-26T10:44:03.928Z,61.10,261.63,0.000,2.540,1.219,-5.791,1.214,6.822,-5.757,0.117,Worker_2,-4.290,-3.740,5.862,0,0,0,3.280,4.760,3.000,3.000,3.0,26.0,SAFE
2026-08-26T10:44:03.928Z,61.10,261.63,0.000,2.540,1.219,-5.791,1.214,6.822,-5.757,0.117,Worker_3,3.640,-7.120,2.783,1,1,0,3.280,4.760,3.000,3.000,3.0,26.0,DANGER_ZONE
2026-08-26T10:44:04.028Z,61.20,261.63,0.000,2.540,1.219,-5.791,1.216,6.822,-5.768,0.107,Worker_1,-1.195,11.258,17.196,0,0,1,3.280,4.760,3.000,3.000,3.0,26.0,SAFE
2026-08-26T10:44:04.028Z,61.20,261.63,0.000,2.540,1.219,-5.791,1.216,6.822,-5.768,0.107,Worker_2,-4.290,-3.740,5.867,0,0,0,3.280,4.760,3.000,3.000,3.0,26.0,SAFE
2026-08-26T10:44:04.028Z,61.20,261.63,0.000,2.540,1.219,-5.791,1.216,6.822,-5.768,0.107,Worker_3,3.640,-7.120,2.776,1,1,0,3.280,4.760,3.000,3.000,3.0,26.0,DANGER_ZONE
2026-08-26T10:44:04.142Z,61.32,261.63,0.000,2.540,1.219,-5.791,1.217,6.822,-5.778,0.097,Worker_1,-0.970,11.204,17.123,0,0,1,3.280,4.760,3.000,3.000,3.0,26.0,SAFE
2026-08-26T10:44:04.142Z,61.32,261.63,0.000,2.540,1.219,-5.791,1.217,6.822,-5.778,0.097,Worker_2,-4.290,-3.740,5.872,0,0,0,3.280,4.760,3.000,3.000,3.0,26.0,SAFE
2026-08-26T10:44:04.142Z,61.32,261.63,0.000,2.540,1.219,-5.791,1.217,6.822,-5.778,0.097,Worker_3,3.640,-7.120,2.769,1,1,0,3.280,4.760,3.000,3.000,3.0,26.0,DANGER_ZONE
2026-08-26T10:44:04.259Z,61.43,261.63,0.000,2.540,1.219,-5.791,1.219,6.822,-5.789,0.082,Worker_1,-0.744,11.151,17.053,0,0,1,3.280,4.760,3.000,3.000,3.0,26.0,SAFE
2026-08-26T10:44:04.259Z,61.43,261.63,0.000,2.540,1.219,-5.791,1.219,6.822,-5.789,0.082,Worker_2,-4.290,-3.740,5.878,0,0,0,3.280,4.760,3.000,3.000,3.0,26.0,SAFE
2026-08-26T10:44:04.259Z,61.43,261.63,0.000,2.540,1.219,-5.791,1.219,6.822,-5.789,0.082,Worker_3,3.640,-7.120,2.763,1,1,0,3.280,4.760,3.000,3.000,3.0,26.0,DANGER_ZONE
2026-08-26T10:44:04.360Z,61.54,261.63,0.000,2.540,1.219,-5.791,1.220,6.822,-5.796,0.070,Worker_1,-0.548,11.105,16.993,0,0,1,3.280,4.760,3.000,3.000,3.0,26.0,SAFE
2026-08-26T10:44:04.360Z,61.54,261.63,0.000,2.540,1.219,-5.791,1.220,6.822,-5.796,0.070,Worker_2,-4.290,-3.740,5.881,0,0,0,3.280,4.760,3.000,3.000,3.0,26.0,SAFE
2026-08-26T10:44:04.360Z,61.54,261.63,0.000,2.540,1.219,-5.791,1.220,6.822,-5.796,0.070,Worker_3,3.640,-7.120,2.758,1,1,0,3.280,4.760,3.000,3.000,3.0,26.0,DANGER_ZONE
2026-08-26T10:44:04.476Z,61.65,261.63,0.000,2.540,1.219,-5.791,1.221,6.822,-5.803,0.055,Worker_1,-0.322,11.052,16.926,0,0,1,3.280,4.760,3.000,3.000,3.0,26.0,SAFE
2026-08-26T10:44:04.476Z,61.65,261.63,0.000,2.540,1.219,-5.791,1.221,6.822,-5.803,0.055,Worker_2,-4.290,-3.740,5.885,0,0,0,3.280,4.760,3.000,3.000,3.0,26.0,SAFE
2026-08-26T10:44:04.476Z,61.65,261.63,0.000,2.540,1.219,-5.791,1.221,6.822,-5.803,0.055,Worker_3,3.640,-7.120,2.754,1,1,0,3.280,4.760,3.000,3.000,3.0,26.0,DANGER_ZONE
2026-08-26T10:44:04.611Z,61.79,261.63,0.000,2.540,1.219,-5.791,1.222,6.822,-5.810,0.039,Worker_1,-0.061,10.990,16.849,0,0,1,3.280,4.760,3.000,3.000,3.0,26.0,SAFE
2026-08-26T10:44:04.611Z,61.79,261.63,0.000,2.540,1.219,-5.791,1.222,6.822,-5.810,0.039,Worker_2,-4.290,-3.740,5.888,0,0,0,3.280,4.760,3.000,3.000,3.0,26.0,SAFE
2026-08-26T10:44:04.611Z,61.79,261.63,0.000,2.540,1.219,-5.791,1.222,6.822,-5.810,0.039,Worker_3,3.640,-7.120,2.750,1,1,0,3.280,4.760,3.000,3.000,3.0,26.0,DANGER_ZONE
2026-08-26T10:44:04.728Z,61.90,261.63,0.000,2.540,1.219,-5.791,1.223,6.822,-5.813,0.026,Worker_1,0.167,10.937,16.783,0,0,1,3.280,4.760,3.000,3.000,3.0,26.0,SAFE
2026-08-26T10:44:04.728Z,61.90,261.63,0.000,2.540,1.219,-5.791,1.223,6.822,-5.813,0.026,Worker_2,-4.290,-3.740,5.890,0,0,0,3.280,4.760,3.000,3.000,3.0,26.0,SAFE
2026-08-26T10:44:04.728Z,61.90,261.63,0.000,2.540,1.219,-5.791,1.223,6.822,-5.813,0.026,Worker_3,3.640,-7.120,2.748,1,1,0,3.280,4.760,3.000,3.000,3.0,26.0,DANGER_ZONE
2026-08-26T10:44:04.848Z,62.02,261.63,0.000,2.540,1.219,-5.791,1.223,6.822,-5.816,0.014,Worker_1,0.401,10.882,16.718,0,0,1,3.280,4.760,3.000,3.000,3.0,26.0,SAFE
2026-08-26T10:44:04.848Z,62.02,261.63,0.000,2.540,1.219,-5.791,1.223,6.822,-5.816,0.014,Worker_2,-4.290,-3.740,5.891,0,0,0,3.280,4.760,3.000,3.000,3.0,26.0,SAFE
2026-08-26T10:44:04.848Z,62.02,261.63,0.000,2.540,1.219,-5.791,1.223,6.822,-5.816,0.014,Worker_3,3.640,-7.120,2.746,1,1,0,3.280,4.760,3.000,3.000,3.0,26.0,DANGER_ZONE
2026-08-26T10:44:04.980Z,62.16,261.63,0.000,2.540,1.219,-5.791,1.223,6.822,-5.817,0.004,Worker_1,0.659,10.821,16.647,0,0,1,3.280,4.760,3.000,3.000,3.0,26.0,SAFE
2026-08-26T10:44:04.980Z,62.16,261.63,0.000,2.540,1.219,-5.791,1.223,6.822,-5.817,0.004,Worker_2,-4.290,-3.740,5.892,0,0,0,3.280,4.760,3.000,3.000,3.0,26.0,SAFE
2026-08-26T10:44:04.980Z,62.16,261.63,0.000,2.540,1.219,-5.791,1.223,6.822,-5.817,0.004,Worker_3,3.640,-7.120,2.746,1,1,0,3.280,4.760,3.000,3.000,3.0,26.0,DANGER_ZONE
2026-08-26T10:44:05.096Z,62.27,261.63,0.000,2.540,1.219,-5.791,1.223,6.822,-5.817,0.000,Worker_1,0.884,10.768,16.588,0,0,1,3.280,4.760,3.000,3.000,3.0,26.0,SAFE
2026-08-26T10:44:05.096Z,62.27,261.63,0.000,2.540,1.219,-5.791,1.223,6.822,-5.817,0.000,Worker_2,-4.290,-3.740,5.892,0,0,0,3.280,4.760,3.000,3.000,3.0,26.0,SAFE
2026-08-26T10:44:05.096Z,62.27,261.63,0.000,2.540,1.219,-5.791,1.223,6.822,-5.817,0.000,Worker_3,3.640,-7.120,2.746,1,1,0,3.280,4.760,3.000,3.000,3.0,26.0,DANGER_ZONE
2026-08-26T10:44:05.196Z,62.37,261.63,0.000,2.540,1.219,-5.791,1.223,6.822,-5.817,0.000,Worker_1,1.080,10.722,16.539,0,0,1,3.280,4.760,3.000,3.000,3.0,26.0,SAFE
2026-08-26T10:44:05.196Z,62.37,261.63,0.000,2.540,1.219,-5.791,1.223,6.822,-5.817,0.000,Worker_2,-4.290,-3.740,5.892,0,0,0,3.280,4.760,3.000,3.000,3.0,26.0,SAFE
2026-08-26T10:44:05.196Z,62.37,261.63,0.000,2.540,1.219,-5.791,1.223,6.822,-5.817,0.000,Worker_3,3.640,-7.120,2.746,1,1,0,3.280,4.760,3.000,3.000,3.0,26.0,DANGER_ZONE
2026-08-26T10:44:05.336Z,62.51,261.63,0.000,2.540,1.219,-5.791,1.223,6.822,-5.817,0.000,Worker_1,1.354,10.657,16.474,0,0,1,3.280,4.760,3.000,3.000,3.0,26.0,SAFE
2026-08-26T10:44:05.336Z,62.51,261.63,0.000,2.540,1.219,-5.791,1.223,6.822,-5.817,0.000,Worker_2,-4.290,-3.740,5.892,0,0,0,3.280,4.760,3.000,3.000,3.0,26.0,SAFE
2026-08-26T10:44:05.336Z,62.51,261.63,0.000,2.540,1.219,-5.791,1.223,6.822,-5.817,0.000,Worker_3,3.640,-7.120,2.746,1,1,0,3.280,4.760,3.000,3.000,3.0,26.0,DANGER_ZONE
2026-08-26T10:44:05.462Z,62.64,261.63,0.000,2.540,1.219,-5.791,1.223,6.822,-5.817,0.000,Worker_1,1.598,10.600,16.421,0,0,1,3.280,4.760,3.000,3.000,3.0,26.0,SAFE
2026-08-26T10:44:05.462Z,62.64,261.63,0.000,2.540,1.219,-5.791,1.223,6.822,-5.817,0.000,Worker_2,-4.290,-3.740,5.892,0,0,0,3.280,4.760,3.000,3.000,3.0,26.0,SAFE
2026-08-26T10:44:05.462Z,62.64,261.63,0.000,2.540,1.219,-5.791,1.223,6.822,-5.817,0.000,Worker_3,3.640,-7.120,2.746,1,1,0,3.280,4.760,3.000,3.000,3.0,26.0,DANGER_ZONE
2026-08-26T10:44:05.577Z,62.75,261.63,0.000,2.540,1.219,-5.791,1.223,6.822,-5.817,0.000,Worker_1,1.822,10.547,16.375,0,0,1,3.280,4.760,3.000,3.000,3.0,26.0,SAFE
2026-08-26T10:44:05.577Z,62.75,261.63,0.000,2.540,1.219,-5.791,1.223,6.822,-5.817,0.000,Worker_2,-4.290,-3.740,5.892,0,0,0,3.280,4.760,3.000,3.000,3.0,26.0,SAFE
2026-08-26T10:44:05.577Z,62.75,261.63,0.000,2.540,1.219,-5.791,1.223,6.822,-5.817,0.000,Worker_3,3.640,-7.120,2.746,1,1,0,3.280,4.760,3.000,3.000,3.0,26.0,DANGER_ZONE
2026-08-26T10:44:05.679Z,62.85,261.63,0.000,2.540,1.219,-5.791,1.223,6.822,-5.817,0.000,Worker_1,2.021,10.500,16.336,0,0,1,3.280,4.760,3.000,3.000,3.0,26.0,SAFE
2026-08-26T10:44:05.679Z,62.85,261.63,0.000,2.540,1.219,-5.791,1.223,6.822,-5.817,0.000,Worker_2,-4.290,-3.740,5.892,0,0,0,3.280,4.760,3.000,3.000,3.0,26.0,SAFE
2026-08-26T10:44:05.679Z,62.85,261.63,0.000,2.540,1.219,-5.791,1.223,6.822,-5.817,0.000,Worker_3,3.640,-7.120,2.746,1,1,0,3.280,4.760,3.000,3.000,3.0,26.0,DANGER_ZONE
2026-08-26T10:44:05.812Z,62.99,261.63,0.000,2.540,1.219,-5.791,1.223,6.822,-5.817,0.000,Worker_1,2.279,10.439,16.290,0,0,1,3.280,4.760,3.000,3.000,3.0,26.0,SAFE
2026-08-26T10:44:05.812Z,62.99,261.63,0.000,2.540,1.219,-5.791,1.223,6.822,-5.817,0.000,Worker_2,-4.290,-3.740,5.892,0,0,0,3.280,4.760,3.000,3.000,3.0,26.0,SAFE
2026-08-26T10:44:05.812Z,62.99,261.63,0.000,2.540,1.219,-5.791,1.223,6.822,-5.817,0.000,Worker_3,3.640,-7.120,2.746,1,1,0,3.280,4.760,3.000,3.000,3.0,26.0,DANGER_ZONE
2026-08-26T10:44:05.925Z,63.10,261.63,0.000,2.540,1.219,-5.791,1.223,6.822,-5.817,0.000,Worker_1,2.500,10.388,16.254,0,0,1,3.280,4.760,3.000,3.000,3.0,26.0,SAFE
2026-08-26T10:44:05.925Z,63.10,261.63,0.000,2.540,1.219,-5.791,1.223,6.822,-5.817,0.000,Worker_2,-4.290,-3.740,5.892,0,0,0,3.280,4.760,3.000,3.000,3.0,26.0,SAFE
2026-08-26T10:44:05.925Z,63.10,261.63,0.000,2.540,1.219,-5.791,1.223,6.822,-5.817,0.000,Worker_3,3.640,-7.120,2.746,1,1,0,3.280,4.760,3.000,3.000,3.0,26.0,DANGER_ZONE
2026-08-26T10:44:06.027Z,63.20,261.63,0.000,2.540,1.219,-5.791,1.223,6.822,-5.817,0.000,Worker_1,2.697,10.341,16.225,0,0,1,3.280,4.760,3.000,3.000,3.0,26.0,SAFE
2026-08-26T10:44:06.027Z,63.20,261.63,0.000,2.540,1.219,-5.791,1.223,6.822,-5.817,0.000,Worker_2,-4.290,-3.740,5.892,0,0,0,3.280,4.760,3.000,3.000,3.0,26.0,SAFE
2026-08-26T10:44:06.027Z,63.20,261.63,0.000,2.540,1.219,-5.791,1.223,6.822,-5.817,0.000,Worker_3,3.640,-7.120,2.746,1,1,0,3.280,4.760,3.000,3.000,3.0,26.0,DANGER_ZONE
2026-08-26T10:44:06.128Z,63.30,261.63,0.000,2.540,1.219,-5.791,1.223,6.822,-5.817,0.000,Worker_1,2.894,10.295,16.198,0,0,1,3.280,4.760,3.000,3.000,3.0,26.0,SAFE
2026-08-26T10:44:06.128Z,63.30,261.63,0.000,2.540,1.219,-5.791,1.223,6.822,-5.817,0.000,Worker_2,-4.290,-3.740,5.892,0,0,0,3.280,4.760,3.000,3.000,3.0,26.0,SAFE
2026-08-26T10:44:06.128Z,63.30,261.63,0.000,2.540,1.219,-5.791,1.223,6.822,-5.817,0.000,Worker_3,3.640,-7.120,2.746,1,1,0,3.280,4.760,3.000,3.000,3.0,26.0,DANGER_ZONE
2026-08-26T10:44:06.247Z,63.42,261.63,0.000,2.540,1.219,-5.791,1.223,6.822,-5.817,0.000,Worker_1,3.126,10.240,16.169,0,0,1,3.280,4.760,3.000,3.000,3.0,26.0,SAFE
2026-08-26T10:44:06.247Z,63.42,261.63,0.000,2.540,1.219,-5.791,1.223,6.822,-5.817,0.000,Worker_2,-4.290,-3.740,5.892,0,0,0,3.280,4.760,3.000,3.000,3.0,26.0,SAFE
2026-08-26T10:44:06.247Z,63.42,261.63,0.000,2.540,1.219,-5.791,1.223,6.822,-5.817,0.000,Worker_3,3.640,-7.120,2.746,1,1,0,3.280,4.760,3.000,3.000,3.0,26.0,DANGER_ZONE
2026-08-26T10:44:06.358Z,63.53,261.63,0.000,2.540,1.219,-5.791,1.223,6.822,-5.817,0.000,Worker_1,3.341,10.189,16.145,0,0,1,3.280,4.760,3.000,3.000,3.0,26.0,SAFE
2026-08-26T10:44:06.358Z,63.53,261.63,0.000,2.540,1.219,-5.791,1.223,6.822,-5.817,0.000,Worker_2,-4.290,-3.740,5.892,0,0,0,3.280,4.760,3.000,3.000,3.0,26.0,SAFE
2026-08-26T10:44:06.358Z,63.53,261.63,0.000,2.540,1.219,-5.791,1.223,6.822,-5.817,0.000,Worker_3,3.640,-7.120,2.746,1,1,0,3.280,4.760,3.000,3.000,3.0,26.0,DANGER_ZONE
2026-08-26T10:44:06.476Z,63.65,261.63,0.000,2.540,1.219,-5.791,1.223,6.822,-5.817,0.000,Worker_1,3.572,10.135,16.124,0,0,1,3.280,4.760,3.000,3.000,3.0,26.0,SAFE
2026-08-26T10:44:06.476Z,63.65,261.63,0.000,2.540,1.219,-5.791,1.223,6.822,-5.817,0.000,Worker_2,-4.290,-3.740,5.892,0,0,0,3.280,4.760,3.000,3.000,3.0,26.0,SAFE
2026-08-26T10:44:06.476Z,63.65,261.63,0.000,2.540,1.219,-5.791,1.223,6.822,-5.817,0.000,Worker_3,3.640,-7.120,2.746,1,1,0,3.280,4.760,3.000,3.000,3.0,26.0,DANGER_ZONE
2026-08-26T10:44:06.592Z,63.77,261.63,0.000,2.540,1.219,-5.791,1.223,6.822,-5.817,0.000,Worker_1,3.797,10.082,16.106,0,0,1,3.280,4.760,3.000,3.000,3.0,26.0,SAFE
2026-08-26T10:44:06.592Z,63.77,261.63,0.000,2.540,1.219,-5.791,1.223,6.822,-5.817,0.000,Worker_2,-4.290,-3.740,5.892,0,0,0,3.280,4.760,3.000,3.000,3.0,26.0,SAFE
2026-08-26T10:44:06.592Z,63.77,261.63,0.000,2.540,1.219,-5.791,1.223,6.822,-5.817,0.000,Worker_3,3.640,-7.120,2.746,1,1,0,3.280,4.760,3.000,3.000,3.0,26.0,DANGER_ZONE
2026-08-26T10:44:06.721Z,63.90,261.63,0.000,2.540,1.219,-5.791,1.223,6.822,-5.817,0.000,Worker_1,4.049,10.023,16.089,0,0,1,3.280,4.760,3.000,3.000,3.0,26.0,SAFE
2026-08-26T10:44:06.721Z,63.90,261.63,0.000,2.540,1.219,-5.791,1.223,6.822,-5.817,0.000,Worker_2,-4.290,-3.740,5.892,0,0,0,3.280,4.760,3.000,3.000,3.0,26.0,SAFE
2026-08-26T10:44:06.721Z,63.90,261.63,0.000,2.540,1.219,-5.791,1.223,6.822,-5.817,0.000,Worker_3,3.640,-7.120,2.746,1,1,0,3.280,4.760,3.000,3.000,3.0,26.0,DANGER_ZONE
2026-08-26T10:44:06.839Z,64.01,261.63,0.000,2.540,1.219,-5.791,1.223,6.822,-5.817,0.000,Worker_1,4.279,9.968,16.078,0,0,1,3.280,4.760,3.000,3.000,3.0,26.0,SAFE
2026-08-26T10:44:06.839Z,64.01,261.63,0.000,2.540,1.219,-5.791,1.223,6.822,-5.817,0.000,Worker_2,-4.290,-3.740,5.892,0,0,0,3.280,4.760,3.000,3.000,3.0,26.0,SAFE
2026-08-26T10:44:06.839Z,64.01,261.63,0.000,2.540,1.219,-5.791,1.223,6.822,-5.817,0.000,Worker_3,3.640,-7.120,2.746,1,1,0,3.280,4.760,3.000,3.000,3.0,26.0,DANGER_ZONE
2026-08-26T10:44:06.941Z,64.12,261.63,0.000,2.540,1.219,-5.791,1.223,6.822,-5.817,0.000,Worker_1,4.477,9.922,16.071,0,0,1,3.280,4.760,3.000,3.000,3.0,26.0,SAFE
2026-08-26T10:44:06.941Z,64.12,261.63,0.000,2.540,1.219,-5.791,1.223,6.822,-5.817,0.000,Worker_2,-4.290,-3.740,5.892,0,0,0,3.280,4.760,3.000,3.000,3.0,26.0,SAFE
2026-08-26T10:44:06.941Z,64.12,261.63,0.000,2.540,1.219,-5.791,1.223,6.822,-5.817,0.000,Worker_3,3.640,-7.120,2.746,1,1,0,3.280,4.760,3.000,3.000,3.0,26.0,DANGER_ZONE
2026-08-26T10:44:07.071Z,64.25,261.63,0.000,2.540,1.219,-5.791,1.223,6.822,-5.817,0.000,Worker_1,4.731,9.862,16.066,0,0,1,3.280,4.760,3.000,3.000,3.0,26.0,SAFE
2026-08-26T10:44:07.071Z,64.25,261.63,0.000,2.540,1.219,-5.791,1.223,6.822,-5.817,0.000,Worker_2,-4.290,-3.740,5.892,0,0,0,3.280,4.760,3.000,3.000,3.0,26.0,SAFE
2026-08-26T10:44:07.071Z,64.25,261.63,0.000,2.540,1.219,-5.791,1.223,6.822,-5.817,0.000,Worker_3,3.640,-7.120,2.746,1,1,0,3.280,4.760,3.000,3.000,3.0,26.0,DANGER_ZONE
2026-08-26T10:44:07.186Z,64.36,261.63,0.000,2.540,1.219,-5.791,1.223,6.822,-5.817,0.000,Worker_1,4.955,9.809,16.065,0,0,1,3.280,4.760,3.000,3.000,3.0,26.0,SAFE
2026-08-26T10:44:07.186Z,64.36,261.63,0.000,2.540,1.219,-5.791,1.223,6.822,-5.817,0.000,Worker_2,-4.290,-3.740,5.892,0,0,0,3.280,4.760,3.000,3.000,3.0,26.0,SAFE
2026-08-26T10:44:07.186Z,64.36,261.63,0.000,2.540,1.219,-5.791,1.223,6.822,-5.817,0.000,Worker_3,3.640,-7.120,2.746,1,1,0,3.280,4.760,3.000,3.000,3.0,26.0,DANGER_ZONE
2026-08-26T10:44:07.311Z,64.49,261.63,0.000,2.540,1.219,-5.791,1.223,6.822,-5.817,0.000,Worker_1,5.197,9.752,16.068,0,0,1,3.280,4.760,3.000,3.000,3.0,26.0,SAFE
2026-08-26T10:44:07.311Z,64.49,261.63,0.000,2.540,1.219,-5.791,1.223,6.822,-5.817,0.000,Worker_2,-4.290,-3.740,5.892,0,0,0,3.280,4.760,3.000,3.000,3.0,26.0,SAFE
2026-08-26T10:44:07.311Z,64.49,261.63,0.000,2.540,1.219,-5.791,1.223,6.822,-5.817,0.000,Worker_3,3.640,-7.120,2.746,1,1,0,3.280,4.760,3.000,3.000,3.0,26.0,DANGER_ZONE
2026-08-26T10:44:07.411Z,64.59,261.63,0.000,2.540,1.219,-5.791,1.223,6.822,-5.817,0.000,Worker_1,5.393,9.706,16.073,0,0,1,3.280,4.760,3.000,3.000,3.0,26.0,SAFE
2026-08-26T10:44:07.411Z,64.59,261.63,0.000,2.540,1.219,-5.791,1.223,6.822,-5.817,0.000,Worker_2,-4.290,-3.740,5.892,0,0,0,3.280,4.760,3.000,3.000,3.0,26.0,SAFE
2026-08-26T10:44:07.411Z,64.59,261.63,0.000,2.540,1.219,-5.791,1.223,6.822,-5.817,0.000,Worker_3,3.640,-7.120,2.746,1,1,0,3.280,4.760,3.000,3.000,3.0,26.0,DANGER_ZONE
2026-08-26T10:44:07.526Z,64.70,261.63,0.000,2.540,1.219,-5.791,1.223,6.822,-5.817,0.000,Worker_1,5.614,9.654,16.082,0,0,1,3.280,4.760,3.000,3.000,3.0,26.0,SAFE
2026-08-26T10:44:07.526Z,64.70,261.63,0.000,2.540,1.219,-5.791,1.223,6.822,-5.817,0.000,Worker_2,-4.290,-3.740,5.892,0,0,0,3.280,4.760,3.000,3.000,3.0,26.0,SAFE
2026-08-26T10:44:07.526Z,64.70,261.63,0.000,2.540,1.219,-5.791,1.223,6.822,-5.817,0.000,Worker_3,3.640,-7.120,2.746,1,1,0,3.280,4.760,3.000,3.000,3.0,26.0,DANGER_ZONE
2026-08-26T10:44:07.658Z,64.83,261.63,0.000,2.540,1.219,-5.791,1.223,6.822,-5.817,0.000,Worker_1,5.872,9.593,16.096,0,0,1,3.280,4.760,3.000,3.000,3.0,26.0,SAFE
2026-08-26T10:44:07.658Z,64.83,261.63,0.000,2.540,1.219,-5.791,1.223,6.822,-5.817,0.000,Worker_2,-4.290,-3.740,5.892,0,0,0,3.280,4.760,3.000,3.000,3.0,26.0,SAFE
2026-08-26T10:44:07.658Z,64.83,261.63,0.000,2.540,1.219,-5.791,1.223,6.822,-5.817,0.000,Worker_3,3.640,-7.120,2.746,1,1,0,3.280,4.760,3.000,3.000,3.0,26.0,DANGER_ZONE
2026-08-26T10:44:07.765Z,64.94,261.63,0.000,2.540,1.219,-5.791,1.223,6.822,-5.817,0.000,Worker_1,6.081,9.544,16.110,0,0,1,3.280,4.760,3.000,3.000,3.0,26.0,SAFE
2026-08-26T10:44:07.765Z,64.94,261.63,0.000,2.540,1.219,-5.791,1.223,6.822,-5.817,0.000,Worker_2,-4.290,-3.740,5.892,0,0,0,3.280,4.760,3.000,3.000,3.0,26.0,SAFE
2026-08-26T10:44:07.765Z,64.94,261.63,0.000,2.540,1.219,-5.791,1.223,6.822,-5.817,0.000,Worker_3,3.640,-7.120,2.746,1,1,0,3.280,4.760,3.000,3.000,3.0,26.0,DANGER_ZONE
2026-08-26T10:44:07.886Z,65.06,261.63,0.000,2.540,1.219,-5.791,1.223,6.822,-5.817,0.000,Worker_1,6.316,9.489,16.130,0,0,1,3.280,4.760,3.000,3.000,3.0,26.0,SAFE
2026-08-26T10:44:07.886Z,65.06,261.63,0.000,2.540,1.219,-5.791,1.223,6.822,-5.817,0.000,Worker_2,-4.290,-3.740,5.892,0,0,0,3.280,4.760,3.000,3.000,3.0,26.0,SAFE
2026-08-26T10:44:07.886Z,65.06,261.63,0.000,2.540,1.219,-5.791,1.223,6.822,-5.817,0.000,Worker_3,3.640,-7.120,2.746,1,1,0,3.280,4.760,3.000,3.000,3.0,26.0,DANGER_ZONE
2026-08-26T10:44:08.001Z,65.18,261.63,0.000,2.540,1.219,-5.791,1.223,6.822,-5.817,0.000,Worker_1,6.541,9.436,16.153,0,0,1,3.280,4.760,3.000,3.000,3.0,26.0,SAFE
2026-08-26T10:44:08.001Z,65.18,261.63,0.000,2.540,1.219,-5.791,1.223,6.822,-5.817,0.000,Worker_2,-4.290,-3.740,5.892,0,0,0,3.280,4.760,3.000,3.000,3.0,26.0,SAFE
2026-08-26T10:44:08.001Z,65.18,261.63,0.000,2.540,1.219,-5.791,1.223,6.822,-5.817,0.000,Worker_3,3.640,-7.120,2.746,1,1,0,3.280,4.760,3.000,3.000,3.0,26.0,DANGER_ZONE
2026-08-26T10:44:08.106Z,65.28,261.63,0.000,2.540,1.219,-5.791,1.223,6.822,-5.817,0.000,Worker_1,6.746,9.388,16.176,0,0,1,3.280,4.760,3.000,3.000,3.0,26.0,SAFE
2026-08-26T10:44:08.106Z,65.28,261.63,0.000,2.540,1.219,-5.791,1.223,6.822,-5.817,0.000,Worker_2,-4.290,-3.740,5.892,0,0,0,3.280,4.760,3.000,3.000,3.0,26.0,SAFE
2026-08-26T10:44:08.106Z,65.28,261.63,0.000,2.540,1.219,-5.791,1.223,6.822,-5.817,0.000,Worker_3,3.640,-7.120,2.746,1,1,0,3.280,4.760,3.000,3.000,3.0,26.0,DANGER_ZONE
2026-08-26T10:44:08.216Z,65.39,261.63,0.000,2.540,1.219,-5.791,1.223,6.822,-5.817,0.000,Worker_1,6.958,9.338,16.203,0,0,1,3.280,4.760,3.000,3.000,3.0,26.0,SAFE
2026-08-26T10:44:08.216Z,65.39,261.63,0.000,2.540,1.219,-5.791,1.223,6.822,-5.817,0.000,Worker_2,-4.290,-3.740,5.892,0,0,0,3.280,4.760,3.000,3.000,3.0,26.0,SAFE
2026-08-26T10:44:08.216Z,65.39,261.63,0.000,2.540,1.219,-5.791,1.223,6.822,-5.817,0.000,Worker_3,3.640,-7.120,2.746,1,1,0,3.280,4.760,3.000,3.000,3.0,26.0,DANGER_ZONE
2026-08-26T10:44:08.319Z,65.49,261.63,0.000,2.540,1.219,-5.791,1.223,6.822,-5.817,0.000,Worker_1,7.160,9.290,16.231,0,0,1,3.280,4.760,3.000,3.000,3.0,26.0,SAFE
2026-08-26T10:44:08.319Z,65.49,261.63,0.000,2.540,1.219,-5.791,1.223,6.822,-5.817,0.000,Worker_2,-4.290,-3.740,5.892,0,0,0,3.280,4.760,3.000,3.000,3.0,26.0,SAFE
2026-08-26T10:44:08.319Z,65.49,261.63,0.000,2.540,1.219,-5.791,1.223,6.822,-5.817,0.000,Worker_3,3.640,-7.120,2.746,1,1,0,3.280,4.760,3.000,3.000,3.0,26.0,DANGER_ZONE
2026-08-26T10:44:08.421Z,65.60,261.63,0.000,2.540,1.219,-5.791,1.223,6.822,-5.817,0.000,Worker_1,7.357,9.243,16.261,0,0,1,3.280,4.760,3.000,3.000,3.0,26.0,SAFE
2026-08-26T10:44:08.421Z,65.60,261.63,0.000,2.540,1.219,-5.791,1.223,6.822,-5.817,0.000,Worker_2,-4.290,-3.740,5.892,0,0,0,3.280,4.760,3.000,3.000,3.0,26.0,SAFE
2026-08-26T10:44:08.421Z,65.60,261.63,0.000,2.540,1.219,-5.791,1.223,6.822,-5.817,0.000,Worker_3,3.640,-7.120,2.746,1,1,0,3.280,4.760,3.000,3.000,3.0,26.0,DANGER_ZONE
2026-08-26T10:44:08.523Z,65.70,261.63,0.000,2.540,1.219,-5.791,1.223,6.822,-5.817,0.000,Worker_1,7.557,9.196,16.294,0,0,1,3.280,4.760,3.000,3.000,3.0,26.0,SAFE
2026-08-26T10:44:08.523Z,65.70,261.63,0.000,2.540,1.219,-5.791,1.223,6.822,-5.817,0.000,Worker_2,-4.290,-3.740,5.892,0,0,0,3.280,4.760,3.000,3.000,3.0,26.0,SAFE
2026-08-26T10:44:08.523Z,65.70,261.63,0.000,2.540,1.219,-5.791,1.223,6.822,-5.817,0.000,Worker_3,3.640,-7.120,2.746,1,1,0,3.280,4.760,3.000,3.000,3.0,26.0,DANGER_ZONE
2026-08-26T10:44:08.624Z,65.80,261.63,0.000,2.540,1.219,-5.791,1.223,6.822,-5.817,0.000,Worker_1,7.753,9.150,16.329,0,0,1,3.280,4.760,3.000,3.000,3.0,26.0,SAFE
2026-08-26T10:44:08.624Z,65.80,261.63,0.000,2.540,1.219,-5.791,1.223,6.822,-5.817,0.000,Worker_2,-4.290,-3.740,5.892,0,0,0,3.280,4.760,3.000,3.000,3.0,26.0,SAFE
2026-08-26T10:44:08.624Z,65.80,261.63,0.000,2.540,1.219,-5.791,1.223,6.822,-5.817,0.000,Worker_3,3.640,-7.120,2.746,1,1,0,3.280,4.760,3.000,3.000,3.0,26.0,DANGER_ZONE
2026-08-26T10:44:08.726Z,65.90,261.63,0.000,2.540,1.219,-5.791,1.223,6.822,-5.817,0.000,Worker_1,7.951,9.104,16.367,0,0,1,3.280,4.760,3.000,3.000,3.0,26.0,SAFE
2026-08-26T10:44:08.726Z,65.90,261.63,0.000,2.540,1.219,-5.791,1.223,6.822,-5.817,0.000,Worker_2,-4.290,-3.740,5.892,0,0,0,3.280,4.760,3.000,3.000,3.0,26.0,SAFE
2026-08-26T10:44:08.726Z,65.90,261.63,0.000,2.540,1.219,-5.791,1.223,6.822,-5.817,0.000,Worker_3,3.640,-7.120,2.746,1,1,0,3.280,4.760,3.000,3.000,3.0,26.0,DANGER_ZONE
2026-08-26T10:44:08.837Z,66.01,261.63,0.000,2.540,1.219,-5.791,1.223,6.822,-5.817,0.000,Worker_1,8.167,9.053,16.411,0,0,1,3.280,4.760,3.000,3.000,3.0,26.0,SAFE
2026-08-26T10:44:08.837Z,66.01,261.63,0.000,2.540,1.219,-5.791,1.223,6.822,-5.817,0.000,Worker_2,-4.290,-3.740,5.892,0,0,0,3.280,4.760,3.000,3.000,3.0,26.0,SAFE
2026-08-26T10:44:08.837Z,66.01,261.63,0.000,2.540,1.219,-5.791,1.223,6.822,-5.817,0.000,Worker_3,3.640,-7.120,2.746,1,1,0,3.280,4.760,3.000,3.000,3.0,26.0,DANGER_ZONE
2026-08-26T10:44:08.943Z,66.12,261.63,0.000,2.540,1.219,-5.791,1.223,6.822,-5.817,0.000,Worker_1,8.372,9.005,16.455,0,0,1,3.280,4.760,3.000,3.000,3.0,26.0,SAFE
2026-08-26T10:44:08.943Z,66.12,261.63,0.000,2.540,1.219,-5.791,1.223,6.822,-5.817,0.000,Worker_2,-4.290,-3.740,5.892,0,0,0,3.280,4.760,3.000,3.000,3.0,26.0,SAFE
2026-08-26T10:44:08.943Z,66.12,261.63,0.000,2.540,1.219,-5.791,1.223,6.822,-5.817,0.000,Worker_3,3.640,-7.120,2.746,1,1,0,3.280,4.760,3.000,3.000,3.0,26.0,DANGER_ZONE
2026-08-26T10:44:09.058Z,66.23,261.63,0.000,2.540,1.219,-5.791,1.223,6.822,-5.817,0.000,Worker_1,8.598,8.951,16.507,0,0,1,3.280,4.760,3.000,3.000,3.0,26.0,SAFE
2026-08-26T10:44:09.058Z,66.23,261.63,0.000,2.540,1.219,-5.791,1.223,6.822,-5.817,0.000,Worker_2,-4.290,-3.740,5.892,0,0,0,3.280,4.760,3.000,3.000,3.0,26.0,SAFE
2026-08-26T10:44:09.058Z,66.23,261.63,0.000,2.540,1.219,-5.791,1.223,6.822,-5.817,0.000,Worker_3,3.640,-7.120,2.746,1,1,0,3.280,4.760,3.000,3.000,3.0,26.0,DANGER_ZONE
2026-08-26T10:44:09.208Z,66.38,261.63,0.000,2.540,1.219,-5.791,1.223,6.822,-5.817,0.000,Worker_1,8.887,8.883,16.578,0,0,1,3.280,4.760,3.000,3.000,3.0,26.0,SAFE
2026-08-26T10:44:09.208Z,66.38,261.63,0.000,2.540,1.219,-5.791,1.223,6.822,-5.817,0.000,Worker_2,-4.290,-3.740,5.892,0,0,0,3.280,4.760,3.000,3.000,3.0,26.0,SAFE
2026-08-26T10:44:09.208Z,66.38,261.63,0.000,2.540,1.219,-5.791,1.223,6.822,-5.817,0.000,Worker_3,3.640,-7.120,2.746,1,1,0,3.280,4.760,3.000,3.000,3.0,26.0,DANGER_ZONE
2026-08-26T10:44:09.323Z,66.50,261.63,0.000,2.540,1.219,-5.791,1.223,6.822,-5.817,0.000,Worker_1,9.116,8.829,16.637,0,0,1,3.280,4.760,3.000,3.000,3.0,26.0,SAFE
2026-08-26T10:44:09.323Z,66.50,261.63,0.000,2.540,1.219,-5.791,1.223,6.822,-5.817,0.000,Worker_2,-4.290,-3.740,5.892,0,0,0,3.280,4.760,3.000,3.000,3.0,26.0,SAFE
2026-08-26T10:44:09.323Z,66.50,261.63,0.000,2.540,1.219,-5.791,1.223,6.822,-5.817,0.000,Worker_3,3.640,-7.120,2.746,1,1,0,3.280,4.760,3.000,3.000,3.0,26.0,DANGER_ZONE
2026-08-26T10:44:09.457Z,66.63,261.63,0.000,2.540,1.219,-5.791,1.223,6.822,-5.817,0.000,Worker_1,9.373,8.769,16.708,0,0,1,3.280,4.760,3.000,3.000,3.0,26.0,SAFE
2026-08-26T10:44:09.457Z,66.63,261.63,0.000,2.540,1.219,-5.791,1.223,6.822,-5.817,0.000,Worker_2,-4.290,-3.740,5.892,0,0,0,3.280,4.760,3.000,3.000,3.0,26.0,SAFE
2026-08-26T10:44:09.457Z,66.63,261.63,0.000,2.540,1.219,-5.791,1.223,6.822,-5.817,0.000,Worker_3,3.640,-7.120,2.746,1,1,0,3.280,4.760,3.000,3.000,3.0,26.0,DANGER_ZONE
2026-08-26T10:44:09.592Z,66.77,261.63,0.000,2.540,1.219,-5.791,1.223,6.822,-5.817,0.000,Worker_1,9.635,8.707,16.784,0,0,1,3.280,4.760,3.000,3.000,3.0,26.0,SAFE
2026-08-26T10:44:09.592Z,66.77,261.63,0.000,2.540,1.219,-5.791,1.223,6.822,-5.817,0.000,Worker_2,-4.290,-3.740,5.892,0,0,0,3.280,4.760,3.000,3.000,3.0,26.0,SAFE
2026-08-26T10:44:09.592Z,66.77,261.63,0.000,2.540,1.219,-5.791,1.223,6.822,-5.817,0.000,Worker_3,3.640,-7.120,2.746,1,1,0,3.280,4.760,3.000,3.000,3.0,26.0,DANGER_ZONE
2026-08-26T10:44:09.710Z,66.88,261.63,0.000,2.540,1.219,-5.791,1.223,6.822,-5.817,0.000,Worker_1,9.405,8.761,16.717,0,0,1,3.280,4.760,3.000,3.000,3.0,26.0,SAFE
2026-08-26T10:44:09.710Z,66.88,261.63,0.000,2.540,1.219,-5.791,1.223,6.822,-5.817,0.000,Worker_2,-4.290,-3.740,5.892,0,0,0,3.280,4.760,3.000,3.000,3.0,26.0,SAFE
2026-08-26T10:44:09.710Z,66.88,261.63,0.000,2.540,1.219,-5.791,1.223,6.822,-5.817,0.000,Worker_3,3.640,-7.120,2.746,1,1,0,3.280,4.760,3.000,3.000,3.0,26.0,DANGER_ZONE
2026-08-26T10:44:09.842Z,67.02,261.14,0.000,2.540,1.291,-5.780,1.224,6.822,-5.816,0.009,Worker_1,9.148,8.822,16.645,0,0,1,3.280,4.760,3.000,3.000,3.0,26.0,SAFE
2026-08-26T10:44:09.842Z,67.02,261.14,0.000,2.540,1.291,-5.780,1.224,6.822,-5.816,0.009,Worker_2,-4.290,-3.740,5.892,0,0,0,3.280,4.760,3.000,3.000,3.0,26.0,SAFE
2026-08-26T10:44:09.842Z,67.02,261.14,0.000,2.540,1.291,-5.780,1.224,6.822,-5.816,0.009,Worker_3,3.640,-7.120,2.746,1,1,0,3.280,4.760,3.000,3.000,3.0,26.0,DANGER_ZONE
2026-08-26T10:44:09.973Z,67.15,259.89,0.000,2.540,1.470,-5.750,1.228,6.822,-5.814,0.062,Worker_1,8.892,8.882,16.574,0,0,1,3.280,4.760,3.000,3.000,3.0,26.0,SAFE
2026-08-26T10:44:09.973Z,67.15,259.89,0.000,2.540,1.470,-5.750,1.228,6.822,-5.814,0.062,Worker_2,-4.290,-3.740,5.895,0,0,0,3.280,4.760,3.000,3.000,3.0,26.0,SAFE
2026-08-26T10:44:09.973Z,67.15,259.89,0.000,2.540,1.470,-5.750,1.228,6.822,-5.814,0.062,Worker_3,3.640,-7.120,2.743,1,1,0,3.280,4.760,3.000,3.000,3.0,26.0,DANGER_ZONE
2026-08-26T10:44:10.077Z,67.25,258.43,0.000,2.540,1.681,-5.710,1.239,6.822,-5.810,0.152,Worker_1,8.690,8.930,16.517,0,0,1,3.280,4.760,3.000,3.000,3.0,26.0,SAFE
2026-08-26T10:44:10.077Z,67.25,258.43,0.000,2.540,1.681,-5.710,1.239,6.822,-5.810,0.152,Worker_2,-4.290,-3.740,5.904,0,0,0,3.280,4.760,3.000,3.000,3.0,26.0,SAFE
2026-08-26T10:44:10.077Z,67.25,258.43,0.000,2.540,1.681,-5.710,1.239,6.822,-5.810,0.152,Worker_3,3.640,-7.120,2.735,1,1,0,3.280,4.760,3.000,3.000,3.0,26.0,DANGER_ZONE
2026-08-26T10:44:10.193Z,67.37,256.68,0.000,2.540,1.930,-5.655,1.267,6.822,-5.803,0.320,Worker_1,8.464,8.983,16.445,0,0,1,3.280,4.760,3.000,3.000,3.0,26.0,SAFE
2026-08-26T10:44:10.193Z,67.37,256.68,0.000,2.540,1.930,-5.655,1.267,6.822,-5.803,0.320,Worker_2,-4.290,-3.740,5.928,0,0,0,3.280,4.760,3.000,3.000,3.0,26.0,SAFE
2026-08-26T10:44:10.193Z,67.37,256.68,0.000,2.540,1.930,-5.655,1.267,6.822,-5.803,0.320,Worker_3,3.640,-7.120,2.714,1,1,0,3.280,4.760,3.000,3.000,3.0,26.0,DANGER_ZONE
2026-08-26T10:44:10.295Z,67.47,255.16,0.000,2.540,2.147,-5.600,1.308,6.822,-5.793,0.500,Worker_1,8.266,9.029,16.374,0,0,1,3.280,4.760,3.000,3.000,3.0,26.0,SAFE
2026-08-26T10:44:10.295Z,67.47,255.16,0.000,2.540,2.147,-5.600,1.308,6.822,-5.793,0.500,Worker_2,-4.290,-3.740,5.963,0,0,0,3.280,4.760,3.000,3.000,3.0,26.0,SAFE
2026-08-26T10:44:10.295Z,67.47,255.16,0.000,2.540,2.147,-5.600,1.308,6.822,-5.793,0.500,Worker_3,3.640,-7.120,2.683,1,1,0,3.280,4.760,3.000,3.000,3.0,26.0,DANGER_ZONE
2026-08-26T10:44:10.409Z,67.58,253.46,0.000,2.540,2.386,-5.533,1.383,6.822,-5.776,0.742,Worker_1,8.045,9.081,16.282,0,0,1,3.280,4.760,3.000,3.000,3.0,26.0,SAFE
2026-08-26T10:44:10.409Z,67.58,253.46,0.000,2.540,2.386,-5.533,1.383,6.822,-5.776,0.742,Worker_2,-4.290,-3.740,6.027,0,0,0,3.280,4.760,3.000,3.000,3.0,26.0,SAFE
2026-08-26T10:44:10.409Z,67.58,253.46,0.000,2.540,2.386,-5.533,1.383,6.822,-5.776,0.742,Worker_3,3.640,-7.120,2.627,1,1,0,3.280,4.760,3.000,3.000,3.0,26.0,DANGER_ZONE
2026-08-26T10:44:10.508Z,67.68,251.95,0.000,2.540,2.597,-5.468,1.468,6.821,-5.756,0.952,Worker_1,7.850,9.128,16.194,0,0,1,3.280,4.760,3.000,3.000,3.0,26.0,SAFE
2026-08-26T10:44:10.508Z,67.68,251.95,0.000,2.540,2.597,-5.468,1.468,6.821,-5.756,0.952,Worker_2,-4.290,-3.740,6.100,0,0,0,3.280,4.760,3.000,3.000,3.0,26.0,SAFE
2026-08-26T10:44:10.508Z,67.68,251.95,0.000,2.540,2.597,-5.468,1.468,6.821,-5.756,0.952,Worker_3,3.640,-7.120,2.565,1,1,0,3.280,4.760,3.000,3.000,3.0,26.0,DANGER_ZONE
2026-08-26T10:44:10.626Z,67.80,250.18,0.000,2.540,2.841,-5.384,1.596,6.818,-5.725,1.204,Worker_1,7.620,9.182,16.078,0,0,1,3.280,4.760,3.000,3.000,3.0,26.0,SAFE
2026-08-26T10:44:10.626Z,67.80,250.18,0.000,2.540,2.841,-5.384,1.596,6.818,-5.725,1.204,Worker_2,-4.290,-3.740,6.212,0,0,0,3.280,4.760,3.000,3.000,3.0,26.0,SAFE
2026-08-26T10:44:10.626Z,67.80,250.18,0.000,2.540,2.841,-5.384,1.596,6.818,-5.725,1.204,Worker_3,3.640,-7.120,2.475,1,1,0,3.280,4.760,3.000,3.000,3.0,26.0,DANGER_ZONE
2026-08-26T10:44:10.741Z,67.92,248.46,0.000,2.540,3.077,-5.295,1.725,6.814,-5.692,1.408,Worker_1,7.397,9.234,15.968,0,0,1,3.280,4.760,3.000,3.000,3.0,26.0,SAFE
2026-08-26T10:44:10.741Z,67.92,248.46,0.000,2.540,3.077,-5.295,1.725,6.814,-5.692,1.408,Worker_2,-4.290,-3.740,6.324,0,0,0,3.280,4.760,3.000,3.000,3.0,26.0,SAFE
2026-08-26T10:44:10.741Z,67.92,248.46,0.000,2.540,3.077,-5.295,1.725,6.814,-5.692,1.408,Worker_3,3.640,-7.120,2.389,1,1,0,3.280,4.760,3.000,3.000,3.0,26.0,DANGER_ZONE
2026-08-26T10:44:10.874Z,68.05,246.46,0.000,2.540,3.347,-5.183,1.936,6.807,-5.637,1.670,Worker_1,7.138,9.295,15.812,0,0,1,3.280,4.760,3.000,3.000,3.0,26.0,SAFE
2026-08-26T10:44:10.874Z,68.05,246.46,0.000,2.540,3.347,-5.183,1.936,6.807,-5.637,1.670,Worker_2,-4.290,-3.740,6.509,0,0,0,3.280,4.760,3.000,3.000,3.0,26.0,SAFE
2026-08-26T10:44:10.874Z,68.05,246.46,0.000,2.540,3.347,-5.183,1.936,6.807,-5.637,1.670,Worker_3,3.640,-7.120,2.259,1,1,0,3.280,4.760,3.000,3.000,3.0,26.0,DANGER_ZONE
2026-08-26T10:44:11.006Z,68.18,244.47,0.000,2.540,3.611,-5.062,2.179,6.797,-5.569,1.896,Worker_1,6.880,9.356,15.648,0,0,1,3.280,4.760,3.000,3.000,3.0,26.0,SAFE
2026-08-26T10:44:11.006Z,68.18,244.47,0.000,2.540,3.611,-5.062,2.179,6.797,-5.569,1.896,Worker_2,-4.290,-3.740,6.723,0,0,0,3.280,4.760,3.000,3.000,3.0,26.0,SAFE
2026-08-26T10:44:11.006Z,68.18,244.47,0.000,2.540,3.611,-5.062,2.179,6.797,-5.569,1.896,Worker_3,3.640,-7.120,2.131,1,1,0,3.280,4.760,3.000,3.000,3.0,26.0,DANGER_ZONE
2026-08-26T10:44:11.141Z,68.32,242.46,0.000,2.540,3.875,-4.930,2.408,6.787,-5.501,2.059,Worker_1,6.618,9.418,15.501,0,0,1,3.280,4.760,3.000,3.000,3.0,26.0,SAFE
2026-08-26T10:44:11.141Z,68.32,242.46,0.000,2.540,3.875,-4.930,2.408,6.787,-5.501,2.059,Worker_2,-4.290,-3.740,6.926,0,0,0,3.280,4.760,3.000,3.000,3.0,26.0,SAFE
2026-08-26T10:44:11.141Z,68.32,242.46,0.000,2.540,3.875,-4.930,2.408,6.787,-5.501,2.059,Worker_3,3.640,-7.120,2.034,1,1,0,3.280,4.760,3.000,3.000,3.0,26.0,DANGER_ZONE
2026-08-26T10:44:11.273Z,68.45,240.48,0.000,2.540,4.130,-4.792,2.695,6.775,-5.409,2.212,Worker_1,6.361,9.478,15.332,0,0,1,3.280,4.760,3.000,3.000,3.0,26.0,SAFE
2026-08-26T10:44:11.273Z,68.45,240.48,0.000,2.540,4.130,-4.792,2.695,6.775,-5.409,2.212,Worker_2,-4.290,-3.740,7.182,0,0,0,3.280,4.760,3.000,3.000,3.0,26.0,SAFE
2026-08-26T10:44:11.273Z,68.45,240.48,0.000,2.540,4.130,-4.792,2.695,6.775,-5.409,2.212,Worker_3,3.640,-7.120,1.955,1,1,0,3.280,4.760,3.000,3.000,3.0,26.0,DANGER_ZONE
2026-08-26T10:44:11.407Z,68.58,238.46,0.000,2.540,4.383,-4.642,2.997,6.761,-5.305,2.326,Worker_1,6.100,9.540,15.165,0,0,1,3.280,4.760,3.000,3.000,3.0,26.0,SAFE
2026-08-26T10:44:11.407Z,68.58,238.46,0.000,2.540,4.383,-4.642,2.997,6.761,-5.305,2.326,Worker_2,-4.290,-3.740,7.453,0,0,0,3.280,4.760,3.000,3.000,3.0,26.0,SAFE
2026-08-26T10:44:11.407Z,68.58,238.46,0.000,2.540,4.383,-4.642,2.997,6.761,-5.305,2.326,Worker_3,3.640,-7.120,1.926,1,1,0,3.280,4.760,3.000,3.000,3.0,26.0,DANGER_ZONE
2026-08-26T10:44:11.539Z,68.71,236.49,0.000,2.540,4.627,-4.487,3.263,6.751,-5.205,2.396,Worker_1,5.843,9.600,15.029,0,0,1,3.280,4.760,3.000,3.000,3.0,26.0,SAFE
2026-08-26T10:44:11.539Z,68.71,236.49,0.000,2.540,4.627,-4.487,3.263,6.751,-5.205,2.396,Worker_2,-4.290,-3.740,7.694,0,0,0,3.280,4.760,3.000,3.000,3.0,26.0,SAFE
2026-08-26T10:44:11.539Z,68.71,236.49,0.000,2.540,4.627,-4.487,3.263,6.751,-5.205,2.396,Worker_3,3.640,-7.120,1.951,1,1,0,3.280,4.760,3.000,3.000,3.0,26.0,DANGER_ZONE
2026-08-26T10:44:11.673Z,68.85,234.48,0.000,2.540,4.869,-4.321,3.578,6.739,-5.078,2.449,Worker_1,5.583,9.661,14.875,0,0,1,3.280,4.760,3.000,3.000,3.0,26.0,SAFE
2026-08-26T10:44:11.673Z,68.85,234.48,0.000,2.540,4.869,-4.321,3.578,6.739,-5.078,2.449,Worker_2,-4.290,-3.740,7.981,0,0,0,3.280,4.760,3.000,3.000,3.0,26.0,SAFE
2026-08-26T10:44:11.673Z,68.85,234.48,0.000,2.540,4.869,-4.321,3.578,6.739,-5.078,2.449,Worker_3,3.640,-7.120,2.043,1,1,0,3.280,4.760,3.000,3.000,3.0,26.0,DANGER_ZONE
2026-08-26T10:44:11.808Z,68.98,232.45,0.000,2.540,5.107,-4.144,3.894,6.729,-4.938,2.476,Worker_1,5.319,9.724,14.731,0,0,1,3.280,4.760,3.000,3.000,3.0,26.0,SAFE
2026-08-26T10:44:11.808Z,68.98,232.45,0.000,2.540,5.107,-4.144,3.894,6.729,-4.938,2.476,Worker_2,-4.290,-3.740,8.271,0,0,0,3.280,4.760,3.000,3.000,3.0,26.0,SAFE
2026-08-26T10:44:11.808Z,68.98,232.45,0.000,2.540,5.107,-4.144,3.894,6.729,-4.938,2.476,Worker_3,3.640,-7.120,2.197,1,1,0,3.280,4.760,3.000,3.000,3.0,26.0,DANGER_ZONE
2026-08-26T10:44:11.940Z,69.11,230.47,0.000,2.540,5.333,-3.964,4.162,6.722,-4.809,2.482,Worker_1,5.063,9.784,14.620,0,0,1,3.280,4.760,3.000,3.000,3.0,26.0,SAFE
2026-08-26T10:44:11.940Z,69.11,230.47,0.000,2.540,5.333,-3.964,4.162,6.722,-4.809,2.482,Worker_2,-4.290,-3.740,8.519,0,0,0,3.280,4.760,3.000,3.000,3.0,26.0,SAFE
2026-08-26T10:44:11.940Z,69.11,230.47,0.000,2.540,5.333,-3.964,4.162,6.722,-4.809,2.482,Worker_3,3.640,-7.120,2.369,1,1,0,3.280,4.760,3.000,3.000,3.0,26.0,DANGER_ZONE
2026-08-26T10:44:12.076Z,69.25,228.43,0.000,2.540,5.560,-3.770,4.469,6.715,-4.647,2.474,Worker_1,4.798,9.846,14.497,0,0,1,3.280,4.760,3.000,3.000,3.0,26.0,SAFE
2026-08-26T10:44:12.076Z,69.25,228.43,0.000,2.540,5.560,-3.770,4.469,6.715,-4.647,2.474,Worker_2,-4.290,-3.740,8.806,0,0,0,3.280,4.760,3.000,3.000,3.0,26.0,SAFE
2026-08-26T10:44:12.076Z,69.25,228.43,0.000,2.540,5.560,-3.770,4.469,6.715,-4.647,2.474,Worker_3,3.640,-7.120,2.608,1,1,0,3.280,4.760,3.000,3.000,3.0,26.0,DANGER_ZONE
2026-08-26T10:44:12.188Z,69.36,226.75,0.000,2.540,5.742,-3.604,4.726,6.711,-4.500,2.458,Worker_1,4.580,9.898,14.398,0,0,1,3.280,4.760,3.000,3.000,3.0,26.0,SAFE
2026-08-26T10:44:12.188Z,69.36,226.75,0.000,2.540,5.742,-3.604,4.726,6.711,-4.500,2.458,Worker_2,-4.290,-3.740,9.048,0,0,1,3.280,4.760,3.000,3.000,3.0,26.0,SAFE
2026-08-26T10:44:12.188Z,69.36,226.75,0.000,2.540,5.742,-3.604,4.726,6.711,-4.500,2.458,Worker_3,3.640,-7.120,2.836,1,1,0,3.280,4.760,3.000,3.000,3.0,26.0,DANGER_ZONE
2026-08-26T10:44:12.294Z,69.47,225.18,0.000,2.540,5.907,-3.444,4.934,6.709,-4.371,2.441,Worker_1,4.375,9.946,14.328,0,0,1,3.280,4.760,3.000,3.000,3.0,26.0,SAFE
2026-08-26T10:44:12.294Z,69.47,225.18,0.000,2.540,5.907,-3.444,4.934,6.709,-4.371,2.441,Worker_2,-4.290,-3.740,9.245,0,0,1,3.280,4.760,3.000,3.000,3.0,26.0,SAFE
2026-08-26T10:44:12.294Z,69.47,225.18,0.000,2.540,5.907,-3.444,4.934,6.709,-4.371,2.441,Worker_3,3.640,-7.120,3.038,0,1,0,3.280,4.760,3.000,3.000,3.0,26.0,SAFE
2026-08-26T10:44:12.406Z,69.58,223.48,0.000,2.540,6.081,-3.266,5.176,6.708,-4.210,2.416,Worker_1,4.155,9.998,14.244,0,0,1,3.280,4.760,3.000,3.000,3.0,26.0,SAFE
2026-08-26T10:44:12.406Z,69.58,223.48,0.000,2.540,6.081,-3.266,5.176,6.708,-4.210,2.416,Worker_2,-4.290,-3.740,9.478,0,0,1,3.280,4.760,3.000,3.000,3.0,26.0,SAFE
2026-08-26T10:44:12.406Z,69.58,223.48,0.000,2.540,6.081,-3.266,5.176,6.708,-4.210,2.416,Worker_3,3.640,-7.120,3.291,0,1,0,3.280,4.760,3.000,3.000,3.0,26.0,SAFE
2026-08-26T10:44:12.521Z,69.70,221.75,0.000,2.540,6.252,-3.081,5.371,6.707,-4.069,2.393,Worker_1,3.931,10.050,14.193,0,0,1,3.280,4.760,3.000,3.000,3.0,26.0,SAFE
2026-08-26T10:44:12.521Z,69.70,221.75,0.000,2.540,6.252,-3.081,5.371,6.707,-4.069,2.393,Worker_2,-4.290,-3.740,9.667,0,0,1,3.280,4.760,3.000,3.000,3.0,26.0,SAFE
2026-08-26T10:44:12.521Z,69.70,221.75,0.000,2.540,6.252,-3.081,5.371,6.707,-4.069,2.393,Worker_3,3.640,-7.120,3.508,0,1,0,3.280,4.760,3.000,3.000,3.0,26.0,SAFE
2026-08-26T10:44:12.623Z,69.80,220.22,0.000,2.540,6.398,-2.912,5.560,6.707,-3.924,2.373,Worker_1,3.732,10.097,14.140,0,0,1,3.280,4.760,3.000,3.000,3.0,26.0,SAFE
2026-08-26T10:44:12.623Z,69.80,220.22,0.000,2.540,6.398,-2.912,5.560,6.707,-3.924,2.373,Worker_2,-4.290,-3.740,9.852,0,0,1,3.280,4.760,3.000,3.000,3.0,26.0,SAFE
2026-08-26T10:44:12.623Z,69.80,220.22,0.000,2.540,6.398,-2.912,5.560,6.707,-3.924,2.373,Worker_3,3.640,-7.120,3.728,0,1,0,3.280,4.760,3.000,3.000,3.0,26.0,SAFE
2026-08-26T10:44:12.737Z,69.91,218.51,0.000,2.540,6.558,-2.717,5.778,6.708,-3.744,2.345,Worker_1,3.509,10.150,14.077,0,0,1,3.280,4.760,3.000,3.000,3.0,26.0,SAFE
2026-08-26T10:44:12.737Z,69.91,218.51,0.000,2.540,6.558,-2.717,5.778,6.708,-3.744,2.345,Worker_2,-4.290,-3.740,10.068,0,0,1,3.280,4.760,3.000,3.000,3.0,26.0,SAFE
2026-08-26T10:44:12.737Z,69.91,218.51,0.000,2.540,6.558,-2.717,5.778,6.708,-3.744,2.345,Worker_3,3.640,-7.120,3.996,0,1,0,3.280,4.760,3.000,3.000,3.0,26.0,SAFE
2026-08-26T10:44:12.841Z,70.02,216.95,0.000,2.540,6.697,-2.538,5.952,6.709,-3.588,2.328,Worker_1,3.308,10.197,14.037,0,0,1,3.280,4.760,3.000,3.000,3.0,26.0,SAFE
2026-08-26T10:44:12.841Z,70.02,216.95,0.000,2.540,6.697,-2.538,5.952,6.709,-3.588,2.328,Worker_2,-4.290,-3.740,10.243,0,0,1,3.280,4.760,3.000,3.000,3.0,26.0,SAFE
2026-08-26T10:44:12.841Z,70.02,216.95,0.000,2.540,6.697,-2.538,5.952,6.709,-3.588,2.328,Worker_3,3.640,-7.120,4.221,0,1,0,3.280,4.760,3.000,3.000,3.0,26.0,SAFE
2026-08-26T10:44:12.955Z,70.13,215.25,0.000,2.540,6.843,-2.337,6.152,6.711,-3.396,2.303,Worker_1,3.087,10.249,13.985,0,0,1,3.280,4.760,3.000,3.000,3.0,26.0,SAFE
2026-08-26T10:44:12.955Z,70.13,215.25,0.000,2.540,6.843,-2.337,6.152,6.711,-3.396,2.303,Worker_2,-4.290,-3.740,10.448,0,0,1,3.280,4.760,3.000,3.000,3.0,26.0,SAFE
2026-08-26T10:44:12.955Z,70.13,215.25,0.000,2.540,6.843,-2.337,6.152,6.711,-3.396,2.303,Worker_3,3.640,-7.120,4.492,0,1,0,3.280,4.760,3.000,3.000,3.0,26.0,SAFE
2026-08-26T10:44:13.071Z,70.25,213.51,0.000,2.540,6.987,-2.127,6.343,6.714,-3.198,2.280,Worker_1,2.861,10.302,13.942,0,0,1,3.280,4.760,3.000,3.000,3.0,26.0,SAFE
2026-08-26T10:44:13.071Z,70.25,213.51,0.000,2.540,6.987,-2.127,6.343,6.714,-3.198,2.280,Worker_2,-4.290,-3.740,10.646,0,0,1,3.280,4.760,3.000,3.000,3.0,26.0,SAFE
2026-08-26T10:44:13.071Z,70.25,213.51,0.000,2.540,6.987,-2.127,6.343,6.714,-3.198,2.280,Worker_3,3.640,-7.120,4.763,0,1,0,3.280,4.760,3.000,3.000,3.0,26.0,SAFE
2026-08-26T10:44:13.173Z,70.35,211.98,0.000,2.540,7.108,-1.938,6.494,6.715,-3.029,2.264,Worker_1,2.662,10.349,13.916,0,0,1,3.280,4.760,3.000,3.000,3.0,26.0,SAFE
2026-08-26T10:44:13.173Z,70.35,211.98,0.000,2.540,7.108,-1.938,6.494,6.715,-3.029,2.264,Worker_2,-4.290,-3.740,10.807,0,0,1,3.280,4.760,3.000,3.000,3.0,26.0,SAFE
2026-08-26T10:44:13.173Z,70.35,211.98,0.000,2.540,7.108,-1.938,6.494,6.715,-3.029,2.264,Worker_3,3.640,-7.120,4.988,0,1,0,3.280,4.760,3.000,3.000,3.0,26.0,SAFE
2026-08-26T10:44:13.304Z,70.48,210.00,0.000,2.540,7.257,-1.690,6.667,6.718,-2.821,2.250,Worker_1,2.406,10.410,13.900,0,0,1,3.280,4.760,3.000,3.000,3.0,26.0,SAFE
2026-08-26T10:44:13.304Z,70.48,210.00,0.000,2.540,7.257,-1.690,6.667,6.718,-2.821,2.250,Worker_2,-4.290,-3.740,10.996,0,0,1,3.280,4.760,3.000,3.000,3.0,26.0,SAFE
2026-08-26T10:44:13.304Z,70.48,210.00,0.000,2.540,7.257,-1.690,6.667,6.718,-2.821,2.250,Worker_3,3.640,-7.120,5.258,0,1,0,3.280,4.760,3.000,3.000,3.0,26.0,SAFE
2026-08-26T10:44:13.423Z,70.60,208.23,0.000,2.540,7.383,-1.464,6.831,6.720,-2.607,2.240,Worker_1,2.176,10.464,13.876,0,0,1,3.280,4.760,3.000,3.000,3.0,26.0,SAFE
2026-08-26T10:44:13.423Z,70.60,208.23,0.000,2.540,7.383,-1.464,6.831,6.720,-2.607,2.240,Worker_2,-4.290,-3.740,11.179,0,0,1,3.280,4.760,3.000,3.000,3.0,26.0,SAFE
2026-08-26T10:44:13.423Z,70.60,208.23,0.000,2.540,7.383,-1.464,6.831,6.720,-2.607,2.240,Worker_3,3.640,-7.120,5.527,0,1,0,3.280,4.760,3.000,3.000,3.0,26.0,SAFE
2026-08-26T10:44:13.553Z,70.73,206.28,0.000,2.540,7.514,-1.210,7.012,6.722,-2.352,2.227,Worker_1,1.922,10.523,13.845,0,0,1,3.280,4.760,3.000,3.000,3.0,26.0,SAFE
2026-08-26T10:44:13.553Z,70.73,206.28,0.000,2.540,7.514,-1.210,7.012,6.722,-2.352,2.227,Worker_2,-4.290,-3.740,11.387,0,0,1,3.280,4.760,3.000,3.000,3.0,26.0,SAFE
2026-08-26T10:44:13.553Z,70.73,206.28,0.000,2.540,7.514,-1.210,7.012,6.722,-2.352,2.227,Worker_3,3.640,-7.120,5.840,0,1,0,3.280,4.760,3.000,3.000,3.0,26.0,SAFE
2026-08-26T10:44:13.671Z,70.85,204.50,0.000,2.540,7.625,-0.975,7.158,6.724,-2.129,2.220,Worker_1,1.692,10.578,13.833,0,0,1,3.280,4.760,3.000,3.000,3.0,26.0,SAFE
2026-08-26T10:44:13.671Z,70.85,204.50,0.000,2.540,7.625,-0.975,7.158,6.724,-2.129,2.220,Worker_2,-4.290,-3.740,11.561,0,0,1,3.280,4.760,3.000,3.000,3.0,26.0,SAFE
2026-08-26T10:44:13.671Z,70.85,204.50,0.000,2.540,7.625,-0.975,7.158,6.724,-2.129,2.220,Worker_3,3.640,-7.120,6.106,0,1,0,3.280,4.760,3.000,3.000,3.0,26.0,SAFE
2026-08-26T10:44:13.787Z,70.96,202.76,0.000,2.540,7.727,-0.743,7.296,6.725,-1.901,2.215,Worker_1,1.466,10.631,13.821,0,0,1,3.280,4.760,3.000,3.000,3.0,26.0,SAFE
2026-08-26T10:44:13.787Z,70.96,202.76,0.000,2.540,7.727,-0.743,7.296,6.725,-1.901,2.215,Worker_2,-4.290,-3.740,11.731,0,0,1,3.280,4.760,3.000,3.000,3.0,26.0,SAFE
2026-08-26T10:44:13.787Z,70.96,202.76,0.000,2.540,7.727,-0.743,7.296,6.725,-1.901,2.215,Worker_3,3.640,-7.120,6.372,0,1,0,3.280,4.760,3.000,3.000,3.0,26.0,SAFE
2026-08-26T10:44:13.905Z,71.08,201.00,0.000,2.540,7.824,-0.503,7.425,6.726,-1.669,2.212,Worker_1,1.237,10.685,13.817,0,0,1,3.280,4.760,3.000,3.000,3.0,26.0,SAFE
2026-08-26T10:44:13.905Z,71.08,201.00,0.000,2.540,7.824,-0.503,7.425,6.726,-1.669,2.212,Worker_2,-4.290,-3.740,11.897,0,0,1,3.280,4.760,3.000,3.000,3.0,26.0,SAFE
2026-08-26T10:44:13.905Z,71.08,201.00,0.000,2.540,7.824,-0.503,7.425,6.726,-1.669,2.212,Worker_3,3.640,-7.120,6.636,0,1,0,3.280,4.760,3.000,3.000,3.0,26.0,SAFE
2026-08-26T10:44:14.018Z,71.19,199.29,0.000,2.540,7.910,-0.268,7.528,6.727,-1.473,2.208,Worker_1,1.015,10.737,13.838,0,0,1,3.280,4.760,3.000,3.000,3.0,26.0,SAFE
2026-08-26T10:44:14.018Z,71.19,199.29,0.000,2.540,7.910,-0.268,7.528,6.727,-1.473,2.208,Worker_2,-4.290,-3.740,12.033,0,0,1,3.280,4.760,3.000,3.000,3.0,26.0,SAFE
2026-08-26T10:44:14.018Z,71.19,199.29,0.000,2.540,7.910,-0.268,7.528,6.727,-1.473,2.208,Worker_3,3.640,-7.120,6.855,0,1,0,3.280,4.760,3.000,3.000,3.0,26.0,SAFE
2026-08-26T10:44:14.121Z,71.30,197.76,0.000,2.540,7.980,-0.057,7.624,6.727,-1.275,2.211,Worker_1,0.817,10.784,13.847,0,0,1,3.280,4.760,3.000,3.000,3.0,26.0,SAFE
2026-08-26T10:44:14.121Z,71.30,197.76,0.000,2.540,7.980,-0.057,7.624,6.727,-1.275,2.211,Worker_2,-4.290,-3.740,12.167,0,0,1,3.280,4.760,3.000,3.000,3.0,26.0,SAFE
2026-08-26T10:44:14.121Z,71.30,197.76,0.000,2.540,7.980,-0.057,7.624,6.727,-1.275,2.211,Worker_3,3.640,-7.120,7.074,0,0,0,3.280,4.760,3.000,3.000,3.0,26.0,SAFE
2026-08-26T10:44:14.254Z,71.43,195.76,0.000,2.540,8.065,0.224,7.751,6.727,-0.993,2.210,Worker_1,0.557,10.845,13.852,0,0,1,3.280,4.760,3.000,3.000,3.0,26.0,SAFE
2026-08-26T10:44:14.254Z,71.43,195.76,0.000,2.540,8.065,0.224,7.751,6.727,-0.993,2.210,Worker_2,-4.290,-3.740,12.351,0,0,1,3.280,4.760,3.000,3.000,3.0,26.0,SAFE
2026-08-26T10:44:14.254Z,71.43,195.76,0.000,2.540,8.065,0.224,7.751,6.727,-0.993,2.210,Worker_3,3.640,-7.120,7.379,0,0,0,3.280,4.760,3.000,3.000,3.0,26.0,SAFE
2026-08-26T10:44:14.354Z,71.53,194.24,0.000,2.540,8.122,0.438,7.836,6.728,-0.788,2.211,Worker_1,0.361,10.891,13.867,0,0,1,3.280,4.760,3.000,3.000,3.0,26.0,SAFE
2026-08-26T10:44:14.354Z,71.53,194.24,0.000,2.540,8.122,0.438,7.836,6.728,-0.788,2.211,Worker_2,-4.290,-3.740,12.480,0,0,1,3.280,4.760,3.000,3.000,3.0,26.0,SAFE
2026-08-26T10:44:14.354Z,71.53,194.24,0.000,2.540,8.122,0.438,7.836,6.728,-0.788,2.211,Worker_3,3.640,-7.120,7.596,0,0,0,3.280,4.760,3.000,3.000,3.0,26.0,SAFE
2026-08-26T10:44:14.487Z,71.66,192.27,0.000,2.540,8.189,0.719,7.946,6.728,-0.499,2.212,Worker_1,0.105,10.951,13.877,0,0,1,3.280,4.760,3.000,3.000,3.0,26.0,SAFE
2026-08-26T10:44:14.487Z,71.66,192.27,0.000,2.540,8.189,0.719,7.946,6.728,-0.499,2.212,Worker_2,-4.290,-3.740,12.658,0,0,1,3.280,4.760,3.000,3.000,3.0,26.0,SAFE
2026-08-26T10:44:14.487Z,71.66,192.27,0.000,2.540,8.189,0.719,7.946,6.728,-0.499,2.212,Worker_3,3.640,-7.120,7.898,0,0,0,3.280,4.760,3.000,3.000,3.0,26.0,SAFE
2026-08-26T10:44:14.588Z,71.76,190.75,0.000,2.540,8.233,0.936,8.018,6.727,-0.290,2.211,Worker_1,-0.092,10.998,13.899,0,0,1,3.280,4.760,3.000,3.000,3.0,26.0,SAFE
2026-08-26T10:44:14.588Z,71.76,190.75,0.000,2.540,8.233,0.936,8.018,6.727,-0.290,2.211,Worker_2,-4.290,-3.740,12.782,0,0,1,3.280,4.760,3.000,3.000,3.0,26.0,SAFE
2026-08-26T10:44:14.588Z,71.76,190.75,0.000,2.540,8.233,0.936,8.018,6.727,-0.290,2.211,Worker_3,3.640,-7.120,8.113,0,0,0,3.280,4.760,3.000,3.000,3.0,26.0,SAFE
2026-08-26T10:44:14.702Z,71.88,189.03,0.000,2.540,8.276,1.185,8.085,6.727,-0.079,2.212,Worker_1,-0.316,11.051,13.944,0,0,1,3.280,4.760,3.000,3.000,3.0,26.0,SAFE
2026-08-26T10:44:14.702Z,71.88,189.03,0.000,2.540,8.276,1.185,8.085,6.727,-0.079,2.212,Worker_2,-4.290,-3.740,12.905,0,0,1,3.280,4.760,3.000,3.000,3.0,26.0,SAFE
2026-08-26T10:44:14.702Z,71.88,189.03,0.000,2.540,8.276,1.185,8.085,6.727,-0.079,2.212,Worker_3,3.640,-7.120,8.327,0,0,0,3.280,4.760,3.000,3.000,3.0,26.0,SAFE
2026-08-26T10:44:14.802Z,71.98,187.52,0.000,2.540,8.308,1.403,8.146,6.727,0.134,2.213,Worker_1,-0.511,11.097,13.969,0,0,1,3.280,4.760,3.000,3.000,3.0,26.0,SAFE
2026-08-26T10:44:14.802Z,71.98,187.52,0.000,2.540,8.308,1.403,8.146,6.727,0.134,2.213,Worker_2,-4.290,-3.740,13.026,0,0,1,3.280,4.760,3.000,3.000,3.0,26.0,SAFE
2026-08-26T10:44:14.802Z,71.98,187.52,0.000,2.540,8.308,1.403,8.146,6.727,0.134,2.213,Worker_3,3.640,-7.120,8.540,0,0,0,3.280,4.760,3.000,3.000,3.0,26.0,SAFE
2026-08-26T10:44:14.918Z,72.09,185.78,0.000,2.540,8.337,1.656,8.214,6.727,0.391,2.214,Worker_1,-0.737,11.150,13.996,0,0,1,3.280,4.760,3.000,3.000,3.0,26.0,SAFE
2026-08-26T10:44:14.918Z,72.09,185.78,0.000,2.540,8.337,1.656,8.214,6.727,0.391,2.214,Worker_2,-4.290,-3.740,13.169,0,0,1,3.280,4.760,3.000,3.000,3.0,26.0,SAFE
2026-08-26T10:44:14.918Z,72.09,185.78,0.000,2.540,8.337,1.656,8.214,6.727,0.391,2.214,Worker_3,3.640,-7.120,8.794,0,0,0,3.280,4.760,3.000,3.000,3.0,26.0,SAFE
2026-08-26T10:44:15.036Z,72.21,184.02,0.000,2.540,8.359,1.912,8.274,6.726,0.650,2.219,Worker_1,-0.966,11.204,14.027,0,0,1,3.280,4.760,3.000,3.000,3.0,26.0,SAFE
2026-08-26T10:44:15.036Z,72.21,184.02,0.000,2.540,8.359,1.912,8.274,6.726,0.650,2.219,Worker_2,-4.290,-3.740,13.309,0,0,1,3.280,4.760,3.000,3.000,3.0,26.0,SAFE
2026-08-26T10:44:15.036Z,72.21,184.02,0.000,2.540,8.359,1.912,8.274,6.726,0.650,2.219,Worker_3,3.640,-7.120,9.047,0,0,0,3.280,4.760,3.000,3.000,3.0,26.0,SAFE
2026-08-26T10:44:15.169Z,72.34,182.02,0.000,2.540,8.375,2.204,8.334,6.726,0.955,2.217,Worker_1,-1.225,11.265,14.059,0,0,1,3.280,4.760,3.000,3.000,3.0,26.0,SAFE
2026-08-26T10:44:15.169Z,72.34,182.02,0.000,2.540,8.375,2.204,8.334,6.726,0.955,2.217,Worker_2,-4.290,-3.740,13.468,0,0,1,3.280,4.760,3.000,3.000,3.0,26.0,SAFE
2026-08-26T10:44:15.169Z,72.34,182.02,0.000,2.540,8.375,2.204,8.334,6.726,0.955,2.217,Worker_3,3.640,-7.120,9.340,0,0,0,3.280,4.760,3.000,3.000,3.0,26.0,SAFE
2026-08-26T10:44:15.304Z,72.48,180.01,0.000,2.540,8.380,2.499,8.377,6.726,1.218,2.217,Worker_1,-1.290,11.280,13.953,0,0,1,3.280,4.760,3.000,3.000,3.0,26.0,SAFE
2026-08-26T10:44:15.304Z,72.48,180.01,0.000,2.540,8.380,2.499,8.377,6.726,1.218,2.217,Worker_2,-4.290,-3.740,13.602,0,0,1,3.280,4.760,3.000,3.000,3.0,26.0,SAFE
2026-08-26T10:44:15.304Z,72.48,180.01,0.000,2.540,8.380,2.499,8.377,6.726,1.218,2.217,Worker_3,3.640,-7.120,9.589,0,0,0,3.280,4.760,3.000,3.000,3.0,26.0,SAFE
2026-08-26T10:44:15.417Z,72.59,178.31,0.000,2.540,8.376,2.747,8.412,6.725,1.482,2.219,Worker_1,-1.070,11.228,13.598,0,0,1,3.280,4.760,3.000,3.000,3.0,26.0,SAFE
2026-08-26T10:44:15.417Z,72.59,178.31,0.000,2.540,8.376,2.747,8.412,6.725,1.482,2.219,Worker_2,-4.290,-3.740,13.733,0,0,1,3.280,4.760,3.000,3.000,3.0,26.0,SAFE
2026-08-26T10:44:15.417Z,72.59,178.31,0.000,2.540,8.376,2.747,8.412,6.725,1.482,2.219,Worker_3,3.640,-7.120,9.837,0,0,0,3.280,4.760,3.000,3.000,3.0,26.0,SAFE
2026-08-26T10:44:15.535Z,72.71,176.54,0.000,2.540,8.365,3.006,8.439,6.725,1.746,2.218,Worker_1,-0.840,11.174,13.228,0,0,1,3.280,4.760,3.000,3.000,3.0,26.0,SAFE
2026-08-26T10:44:15.535Z,72.71,176.54,0.000,2.540,8.365,3.006,8.439,6.725,1.746,2.218,Worker_2,-4.290,-3.740,13.861,0,0,1,3.280,4.760,3.000,3.000,3.0,26.0,SAFE
2026-08-26T10:44:15.535Z,72.71,176.54,0.000,2.540,8.365,3.006,8.439,6.725,1.746,2.218,Worker_3,3.640,-7.120,10.082,0,0,0,3.280,4.760,3.000,3.000,3.0,26.0,SAFE
2026-08-26T10:44:15.636Z,72.81,175.02,0.000,2.540,8.348,3.228,8.456,6.725,1.968,2.219,Worker_1,-0.643,11.127,12.910,0,0,1,3.280,4.760,3.000,3.000,3.0,26.0,SAFE
2026-08-26T10:44:15.636Z,72.81,175.02,0.000,2.540,8.348,3.228,8.456,6.725,1.968,2.219,Worker_2,-4.290,-3.740,13.965,0,0,1,3.280,4.760,3.000,3.000,3.0,26.0,SAFE
2026-08-26T10:44:15.636Z,72.81,175.02,0.000,2.540,8.348,3.228,8.456,6.725,1.968,2.219,Worker_3,3.640,-7.120,10.285,0,0,0,3.280,4.760,3.000,3.000,3.0,26.0,SAFE
2026-08-26T10:44:15.750Z,72.93,173.31,0.000,2.540,8.323,3.477,8.468,6.725,2.234,2.222,Worker_1,-0.420,11.075,12.537,0,0,1,3.280,4.760,3.000,3.000,3.0,26.0,SAFE
2026-08-26T10:44:15.750Z,72.93,173.31,0.000,2.540,8.323,3.477,8.468,6.725,2.234,2.222,Worker_2,-4.290,-3.740,14.087,0,0,1,3.280,4.760,3.000,3.000,3.0,26.0,SAFE
2026-08-26T10:44:15.750Z,72.93,173.31,0.000,2.540,8.323,3.477,8.468,6.725,2.234,2.222,Worker_3,3.640,-7.120,10.526,0,0,0,3.280,4.760,3.000,3.000,3.0,26.0,SAFE
2026-08-26T10:44:15.852Z,73.03,171.80,0.000,2.540,8.294,3.696,8.472,6.724,2.456,2.223,Worker_1,-0.224,11.029,12.212,0,0,1,3.280,4.760,3.000,3.000,3.0,26.0,SAFE
2026-08-26T10:44:15.852Z,73.03,171.80,0.000,2.540,8.294,3.696,8.472,6.724,2.456,2.223,Worker_2,-4.290,-3.740,14.187,0,0,1,3.280,4.760,3.000,3.000,3.0,26.0,SAFE
2026-08-26T10:44:15.852Z,73.03,171.80,0.000,2.540,8.294,3.696,8.472,6.724,2.456,2.223,Worker_3,3.640,-7.120,10.726,0,0,0,3.280,4.760,3.000,3.000,3.0,26.0,SAFE
2026-08-26T10:44:15.953Z,73.13,170.28,0.000,2.540,8.260,3.914,8.471,6.724,2.678,2.224,Worker_1,-0.028,10.983,11.882,0,0,1,3.280,4.760,3.000,3.000,3.0,26.0,SAFE
2026-08-26T10:44:15.953Z,73.13,170.28,0.000,2.540,8.260,3.914,8.471,6.724,2.678,2.224,Worker_2,-4.290,-3.740,14.284,0,0,1,3.280,4.760,3.000,3.000,3.0,26.0,SAFE
2026-08-26T10:44:15.953Z,73.13,170.28,0.000,2.540,8.260,3.914,8.471,6.724,2.678,2.224,Worker_3,3.640,-7.120,10.924,0,0,0,3.280,4.760,3.000,3.000,3.0,26.0,SAFE
2026-08-26T10:44:16.069Z,73.24,168.53,0.000,2.540,8.213,4.167,8.461,6.724,2.945,2.224,Worker_1,0.200,10.929,11.489,0,0,0,3.280,4.760,3.000,3.000,3.0,26.0,SAFE
2026-08-26T10:44:16.069Z,73.24,168.53,0.000,2.540,8.213,4.167,8.461,6.724,2.945,2.224,Worker_2,-4.290,-3.740,14.397,0,0,1,3.280,4.760,3.000,3.000,3.0,26.0,SAFE
2026-08-26T10:44:16.069Z,73.24,168.53,0.000,2.540,8.213,4.167,8.461,6.724,2.945,2.224,Worker_3,3.640,-7.120,11.160,0,0,1,3.280,4.760,3.000,3.000,3.0,26.0,SAFE
2026-08-26T10:44:16.202Z,73.38,166.53,0.000,2.540,8.149,4.452,8.443,6.724,3.212,2.225,Worker_1,0.459,10.868,11.062,0,0,0,3.280,4.760,3.000,3.000,3.0,26.0,SAFE
2026-08-26T10:44:16.202Z,73.38,166.53,0.000,2.540,8.149,4.452,8.443,6.724,3.212,2.225,Worker_2,-4.290,-3.740,14.507,0,0,1,3.280,4.760,3.000,3.000,3.0,26.0,SAFE
2026-08-26T10:44:16.202Z,73.38,166.53,0.000,2.540,8.149,4.452,8.443,6.724,3.212,2.225,Worker_3,3.640,-7.120,11.393,0,0,1,3.280,4.760,3.000,3.000,3.0,26.0,SAFE
2026-08-26T10:44:16.305Z,73.48,164.99,0.000,2.540,8.094,4.671,8.417,6.724,3.477,2.223,Worker_1,0.659,10.821,10.682,0,0,0,3.280,4.760,3.000,3.000,3.0,26.0,SAFE
2026-08-26T10:44:16.305Z,73.48,164.99,0.000,2.540,8.094,4.671,8.417,6.724,3.477,2.223,Worker_2,-4.290,-3.740,14.614,0,0,1,3.280,4.760,3.000,3.000,3.0,26.0,SAFE
2026-08-26T10:44:16.305Z,73.48,164.99,0.000,2.540,8.094,4.671,8.417,6.724,3.477,2.223,Worker_3,3.640,-7.120,11.624,0,0,1,3.280,4.760,3.000,3.000,3.0,26.0,SAFE
2026-08-26T10:44:16.419Z,73.59,163.29,0.000,2.540,8.026,4.910,8.389,6.724,3.698,2.222,Worker_1,0.880,10.769,10.315,0,0,0,3.280,4.760,3.000,3.000,3.0,26.0,SAFE
2026-08-26T10:44:16.419Z,73.59,163.29,0.000,2.540,8.026,4.910,8.389,6.724,3.698,2.222,Worker_2,-4.290,-3.740,14.700,0,0,1,3.280,4.760,3.000,3.000,3.0,26.0,SAFE
2026-08-26T10:44:16.419Z,73.59,163.29,0.000,2.540,8.026,4.910,8.389,6.724,3.698,2.222,Worker_3,3.640,-7.120,11.814,0,0,1,3.280,4.760,3.000,3.000,3.0,26.0,SAFE
2026-08-26T10:44:16.535Z,73.71,161.54,0.000,2.540,7.949,5.153,8.348,6.723,3.961,2.221,Worker_1,1.106,10.716,9.903,0,0,0,3.280,4.760,3.000,3.000,3.0,26.0,SAFE
2026-08-26T10:44:16.535Z,73.71,161.54,0.000,2.540,7.949,5.153,8.348,6.723,3.961,2.221,Worker_2,-4.290,-3.740,14.799,0,0,1,3.280,4.760,3.000,3.000,3.0,26.0,SAFE
2026-08-26T10:44:16.535Z,73.71,161.54,0.000,2.540,7.949,5.153,8.348,6.723,3.961,2.221,Worker_3,3.640,-7.120,12.040,0,0,1,3.280,4.760,3.000,3.000,3.0,26.0,SAFE
2026-08-26T10:44:16.651Z,73.83,159.81,0.000,2.540,7.865,5.393,8.298,6.723,4.223,2.224,Worker_1,1.332,10.663,9.487,0,0,0,3.280,4.760,3.000,3.000,3.0,26.0,SAFE
2026-08-26T10:44:16.651Z,73.83,159.81,0.000,2.540,7.865,5.393,8.298,6.723,4.223,2.224,Worker_2,-4.290,-3.740,14.895,0,0,1,3.280,4.760,3.000,3.000,3.0,26.0,SAFE
2026-08-26T10:44:16.651Z,73.83,159.81,0.000,2.540,7.865,5.393,8.298,6.723,4.223,2.224,Worker_3,3.640,-7.120,12.262,0,0,1,3.280,4.760,3.000,3.000,3.0,26.0,SAFE
2026-08-26T10:44:16.767Z,73.94,158.06,0.000,2.540,7.773,5.631,8.240,6.723,4.484,2.224,Worker_1,1.559,10.609,9.064,0,0,0,3.280,4.760,3.000,3.000,3.0,26.0,SAFE
2026-08-26T10:44:16.767Z,73.94,158.06,0.000,2.540,7.773,5.631,8.240,6.723,4.484,2.224,Worker_2,-4.290,-3.740,14.988,0,0,1,3.280,4.760,3.000,3.000,3.0,26.0,SAFE
2026-08-26T10:44:16.767Z,73.94,158.06,0.000,2.540,7.773,5.631,8.240,6.723,4.484,2.224,Worker_3,3.640,-7.120,12.482,0,0,1,3.280,4.760,3.000,3.000,3.0,26.0,SAFE
2026-08-26T10:44:16.868Z,74.04,156.54,0.000,2.540,7.687,5.836,8.186,6.723,4.699,2.224,Worker_1,1.756,10.563,8.702,0,0,0,3.280,4.760,3.000,3.000,3.0,26.0,SAFE
2026-08-26T10:44:16.868Z,74.04,156.54,0.000,2.540,7.687,5.836,8.186,6.723,4.699,2.224,Worker_2,-4.290,-3.740,15.062,0,0,1,3.280,4.760,3.000,3.000,3.0,26.0,SAFE
2026-08-26T10:44:16.868Z,74.04,156.54,0.000,2.540,7.687,5.836,8.186,6.723,4.699,2.224,Worker_3,3.640,-7.120,12.663,0,0,1,3.280,4.760,3.000,3.000,3.0,26.0,SAFE
2026-08-26T10:44:16.970Z,74.14,155.03,0.000,2.540,7.597,6.038,8.125,6.723,4.913,2.224,Worker_1,1.952,10.516,8.337,0,0,0,3.280,4.760,3.000,3.000,3.0,26.0,SAFE
2026-08-26T10:44:16.970Z,74.14,155.03,0.000,2.540,7.597,6.038,8.125,6.723,4.913,2.224,Worker_2,-4.290,-3.740,15.134,0,0,1,3.280,4.760,3.000,3.000,3.0,26.0,SAFE
2026-08-26T10:44:16.970Z,74.14,155.03,0.000,2.540,7.597,6.038,8.125,6.723,4.913,2.224,Worker_3,3.640,-7.120,12.842,0,0,1,3.280,4.760,3.000,3.000,3.0,26.0,SAFE
2026-08-26T10:44:17.084Z,74.26,153.32,0.000,2.540,7.488,6.263,8.060,6.723,5.126,2.224,Worker_1,2.173,10.464,7.946,0,0,0,3.280,4.760,3.000,3.000,3.0,26.0,SAFE
2026-08-26T10:44:17.084Z,74.26,153.32,0.000,2.540,7.488,6.263,8.060,6.723,5.126,2.224,Worker_2,-4.290,-3.740,15.202,0,0,1,3.280,4.760,3.000,3.000,3.0,26.0,SAFE
2026-08-26T10:44:17.084Z,74.26,153.32,0.000,2.540,7.488,6.263,8.060,6.723,5.126,2.224,Worker_3,3.640,-7.120,13.019,0,0,1,3.280,4.760,3.000,3.000,3.0,26.0,SAFE
2026-08-26T10:44:17.200Z,74.38,151.56,0.000,2.540,7.369,6.490,7.973,6.723,5.378,2.222,Worker_1,2.401,10.411,7.508,0,0,0,3.280,4.760,3.000,3.000,3.0,26.0,SAFE
2026-08-26T10:44:17.200Z,74.38,151.56,0.000,2.540,7.369,6.490,7.973,6.723,5.378,2.222,Worker_2,-4.290,-3.740,15.282,0,0,1,3.280,4.760,3.000,3.000,3.0,26.0,SAFE
2026-08-26T10:44:17.200Z,74.38,151.56,0.000,2.540,7.369,6.490,7.973,6.723,5.378,2.222,Worker_3,3.640,-7.120,13.228,0,0,1,3.280,4.760,3.000,3.000,3.0,26.0,SAFE
2026-08-26T10:44:17.334Z,74.51,149.95,0.000,2.540,7.253,6.697,7.863,6.722,5.669,2.217,Worker_1,2.661,10.350,6.998,0,0,1,3.280,4.760,3.000,3.000,3.0,26.0,SAFE
2026-08-26T10:44:17.334Z,74.51,149.95,0.000,2.540,7.253,6.697,7.863,6.722,5.669,2.217,Worker_2,-4.290,-3.740,15.369,0,0,1,3.280,4.760,3.000,3.000,3.0,26.0,SAFE
2026-08-26T10:44:17.334Z,74.51,149.95,0.000,2.540,7.253,6.697,7.863,6.722,5.669,2.217,Worker_3,3.640,-7.120,13.468,0,0,1,3.280,4.760,3.000,3.000,3.0,26.0,SAFE
2026-08-26T10:44:17.449Z,74.62,149.18,0.000,2.540,7.197,6.793,7.761,6.723,5.912,2.181,Worker_1,2.885,10.297,6.557,0,0,1,3.280,4.760,3.000,3.000,3.0,26.0,STRUCTURAL_HAZARD
2026-08-26T10:44:17.449Z,74.62,149.18,0.000,2.540,7.197,6.793,7.761,6.723,5.912,2.181,Worker_2,-4.290,-3.740,15.440,0,0,1,3.280,4.760,3.000,3.000,3.0,26.0,STRUCTURAL_HAZARD
2026-08-26T10:44:17.449Z,74.62,149.18,0.000,2.540,7.197,6.793,7.761,6.723,5.912,2.181,Worker_3,3.640,-7.120,13.668,0,0,1,3.280,4.760,3.000,3.000,3.0,26.0,STRUCTURAL_HAZARD
2026-08-26T10:44:17.568Z,74.74,149.01,0.000,2.540,7.183,6.815,7.655,6.723,6.146,2.091,Worker_1,3.116,10.242,6.115,0,1,1,3.280,4.760,3.000,3.000,3.0,26.0,STRUCTURAL_HAZARD
2026-08-26T10:44:17.568Z,74.74,149.01,0.000,2.540,7.183,6.815,7.655,6.723,6.146,2.091,Worker_2,-4.290,-3.740,15.505,0,0,1,3.280,4.760,3.000,3.000,3.0,26.0,STRUCTURAL_HAZARD
2026-08-26T10:44:17.568Z,74.74,149.01,0.000,2.540,7.183,6.815,7.655,6.723,6.146,2.091,Worker_3,3.640,-7.120,13.860,0,0,1,3.280,4.760,3.000,3.000,3.0,26.0,STRUCTURAL_HAZARD
2026-08-26T10:44:17.681Z,74.86,149.01,0.000,2.540,7.183,6.815,7.568,6.725,6.328,1.969,Worker_1,3.338,10.190,5.728,0,1,1,3.280,4.760,3.000,3.000,3.0,26.0,STRUCTURAL_HAZARD
2026-08-26T10:44:17.681Z,74.86,149.01,0.000,2.540,7.183,6.815,7.568,6.725,6.328,1.969,Worker_2,-4.290,-3.740,15.555,0,0,1,3.280,4.760,3.000,3.000,3.0,26.0,STRUCTURAL_HAZARD
2026-08-26T10:44:17.681Z,74.86,149.01,0.000,2.540,7.183,6.815,7.568,6.725,6.328,1.969,Worker_3,3.640,-7.120,14.010,0,0,1,3.280,4.760,3.000,3.000,3.0,26.0,STRUCTURAL_HAZARD
2026-08-26T10:44:17.797Z,74.97,149.01,0.000,2.540,7.183,6.815,7.467,6.729,6.527,1.778,Worker_1,3.564,10.137,5.317,0,1,1,3.280,4.760,3.000,3.000,3.0,26.0,STRUCTURAL_HAZARD
2026-08-26T10:44:17.797Z,74.97,149.01,0.000,2.540,7.183,6.815,7.467,6.729,6.527,1.778,Worker_2,-4.290,-3.740,15.609,0,0,1,3.280,4.760,3.000,3.000,3.0,26.0,STRUCTURAL_HAZARD
2026-08-26T10:44:17.797Z,74.97,149.01,0.000,2.540,7.183,6.815,7.467,6.729,6.527,1.778,Worker_3,3.640,-7.120,14.173,0,0,1,3.280,4.760,3.000,3.000,3.0,26.0,STRUCTURAL_HAZARD
2026-08-26T10:44:17.916Z,75.09,149.01,0.000,2.540,7.183,6.815,7.373,6.735,6.701,1.557,Worker_1,3.794,10.083,4.924,0,1,1,3.280,4.760,3.000,3.000,3.0,26.0,STRUCTURAL_HAZARD
2026-08-26T10:44:17.916Z,75.09,149.01,0.000,2.540,7.183,6.815,7.373,6.735,6.701,1.557,Worker_2,-4.290,-3.740,15.654,0,0,1,3.280,4.760,3.000,3.000,3.0,26.0,STRUCTURAL_HAZARD
2026-08-26T10:44:17.916Z,75.09,149.01,0.000,2.540,7.183,6.815,7.373,6.735,6.701,1.557,Worker_3,3.640,-7.120,14.317,0,0,1,3.280,4.760,3.000,3.000,3.0,26.0,STRUCTURAL_HAZARD
2026-08-26T10:44:18.016Z,75.19,149.01,0.000,2.540,7.183,6.815,7.303,6.742,6.827,1.360,Worker_1,3.989,10.037,4.613,0,1,1,3.280,4.760,3.000,3.000,3.0,26.0,STRUCTURAL_HAZARD
2026-08-26T10:44:18.016Z,75.19,149.01,0.000,2.540,7.183,6.815,7.303,6.742,6.827,1.360,Worker_2,-4.290,-3.740,15.686,0,0,1,3.280,4.760,3.000,3.000,3.0,26.0,STRUCTURAL_HAZARD
2026-08-26T10:44:18.016Z,75.19,149.01,0.000,2.540,7.183,6.815,7.303,6.742,6.827,1.360,Worker_3,3.640,-7.120,14.420,0,0,1,3.280,4.760,3.000,3.000,3.0,26.0,STRUCTURAL_HAZARD
2026-08-26T10:44:18.125Z,75.30,149.01,0.000,2.540,7.183,6.815,7.228,6.753,6.952,1.120,Worker_1,4.201,9.987,4.286,0,1,1,3.280,4.760,3.000,3.000,3.0,26.0,STRUCTURAL_HAZARD
2026-08-26T10:44:18.125Z,75.30,149.01,0.000,2.540,7.183,6.815,7.228,6.753,6.952,1.120,Worker_2,-4.290,-3.740,15.716,0,0,1,3.280,4.760,3.000,3.000,3.0,26.0,STRUCTURAL_HAZARD
2026-08-26T10:44:18.125Z,75.30,149.01,0.000,2.540,7.183,6.815,7.228,6.753,6.952,1.120,Worker_3,3.640,-7.120,14.522,0,0,1,3.280,4.760,3.000,3.000,3.0,26.0,STRUCTURAL_HAZARD
2026-08-26T10:44:18.232Z,75.41,149.01,0.000,2.540,7.183,6.815,7.175,6.763,7.037,0.923,Worker_1,4.409,9.938,4.008,0,1,1,3.280,4.760,3.000,3.000,3.0,26.0,STRUCTURAL_HAZARD
2026-08-26T10:44:18.232Z,75.41,149.01,0.000,2.540,7.183,6.815,7.175,6.763,7.037,0.923,Worker_2,-4.290,-3.740,15.735,0,0,1,3.280,4.760,3.000,3.000,3.0,26.0,STRUCTURAL_HAZARD
2026-08-26T10:44:18.232Z,75.41,149.01,0.000,2.540,7.183,6.815,7.175,6.763,7.037,0.923,Worker_3,3.640,-7.120,14.591,0,0,1,3.280,4.760,3.000,3.000,3.0,26.0,STRUCTURAL_HAZARD
2026-08-26T10:44:18.336Z,75.51,149.01,0.000,2.540,7.183,6.815,7.130,6.774,7.103,0.734,Worker_1,4.612,9.890,3.756,0,1,1,3.280,4.760,3.000,3.000,3.0,26.0,STRUCTURAL_HAZARD
2026-08-26T10:44:18.336Z,75.51,149.01,0.000,2.540,7.183,6.815,7.130,6.774,7.103,0.734,Worker_2,-4.290,-3.740,15.748,0,0,1,3.280,4.760,3.000,3.000,3.0,26.0,STRUCTURAL_HAZARD
2026-08-26T10:44:18.336Z,75.51,149.01,0.000,2.540,7.183,6.815,7.130,6.774,7.103,0.734,Worker_3,3.640,-7.120,14.645,0,0,1,3.280,4.760,3.000,3.000,3.0,26.0,STRUCTURAL_HAZARD
2026-08-26T10:44:18.440Z,75.62,149.01,0.000,2.540,7.183,6.815,7.094,6.785,7.153,0.555,Worker_1,4.815,9.842,3.525,0,1,1,3.280,4.760,3.000,3.000,3.0,26.0,STRUCTURAL_HAZARD
2026-08-26T10:44:18.440Z,75.62,149.01,0.000,2.540,7.183,6.815,7.094,6.785,7.153,0.555,Worker_2,-4.290,-3.740,15.756,0,0,1,3.280,4.760,3.000,3.000,3.0,26.0,STRUCTURAL_HAZARD
2026-08-26T10:44:18.440Z,75.62,149.01,0.000,2.540,7.183,6.815,7.094,6.785,7.153,0.555,Worker_3,3.640,-7.120,14.685,0,0,1,3.280,4.760,3.000,3.000,3.0,26.0,STRUCTURAL_HAZARD
2026-08-26T10:44:18.554Z,75.73,149.01,0.000,2.540,7.183,6.815,7.061,6.798,7.192,0.361,Worker_1,5.035,9.790,3.295,0,1,1,3.280,4.760,3.000,3.000,3.0,26.0,STRUCTURAL_HAZARD
2026-08-26T10:44:18.554Z,75.73,149.01,0.000,2.540,7.183,6.815,7.061,6.798,7.192,0.361,Worker_2,-4.290,-3.740,15.759,0,0,1,3.280,4.760,3.000,3.000,3.0,26.0,STRUCTURAL_HAZARD
2026-08-26T10:44:18.554Z,75.73,149.01,0.000,2.540,7.183,6.815,7.061,6.798,7.192,0.361,Worker_3,3.640,-7.120,14.715,0,0,1,3.280,4.760,3.000,3.000,3.0,26.0,STRUCTURAL_HAZARD
2026-08-26T10:44:18.655Z,75.83,149.01,0.000,2.540,7.183,6.815,7.042,6.808,7.209,0.223,Worker_1,5.233,9.744,3.114,0,1,1,3.280,4.760,3.000,3.000,3.0,26.0,STRUCTURAL_HAZARD
2026-08-26T10:44:18.655Z,75.83,149.01,0.000,2.540,7.183,6.815,7.042,6.808,7.209,0.223,Worker_2,-4.290,-3.740,15.757,0,0,1,3.280,4.760,3.000,3.000,3.0,26.0,STRUCTURAL_HAZARD
2026-08-26T10:44:18.655Z,75.83,149.01,0.000,2.540,7.183,6.815,7.042,6.808,7.209,0.223,Worker_3,3.640,-7.120,14.727,0,0,1,3.280,4.760,3.000,3.000,3.0,26.0,STRUCTURAL_HAZARD
2026-08-26T10:44:18.778Z,75.95,149.01,0.000,2.540,7.183,6.815,7.028,6.818,7.213,0.118,Worker_1,5.473,9.687,2.922,1,1,1,3.280,4.760,3.000,3.000,3.0,26.0,CRITICAL_BLINDSPOT
2026-08-26T10:44:18.778Z,75.95,149.01,0.000,2.540,7.183,6.815,7.028,6.818,7.213,0.118,Worker_2,-4.290,-3.740,15.750,0,0,1,3.280,4.760,3.000,3.000,3.0,26.0,STRUCTURAL_HAZARD
2026-08-26T10:44:18.778Z,75.95,149.01,0.000,2.540,7.183,6.815,7.028,6.818,7.213,0.118,Worker_3,3.640,-7.120,14.728,0,0,1,3.280,4.760,3.000,3.000,3.0,26.0,STRUCTURAL_HAZARD
2026-08-26T10:44:18.888Z,76.06,149.01,0.000,2.540,7.183,6.815,7.023,6.826,7.203,0.150,Worker_1,5.684,9.637,2.778,1,1,1,3.280,4.760,3.000,3.000,3.0,26.0,CRITICAL_BLINDSPOT
2026-08-26T10:44:18.888Z,76.06,149.01,0.000,2.540,7.183,6.815,7.023,6.826,7.203,0.150,Worker_2,-4.290,-3.740,15.739,0,0,1,3.280,4.760,3.000,3.000,3.0,26.0,STRUCTURAL_HAZARD
2026-08-26T10:44:18.888Z,76.06,149.01,0.000,2.540,7.183,6.815,7.023,6.826,7.203,0.150,Worker_3,3.640,-7.120,14.717,0,0,1,3.280,4.760,3.000,3.000,3.0,26.0,STRUCTURAL_HAZARD
2026-08-26T10:44:19.031Z,76.20,149.01,0.000,2.540,7.183,6.815,7.025,6.833,7.175,0.247,Worker_1,5.961,9.572,2.623,1,1,1,3.280,4.760,3.000,3.000,3.0,26.0,CRITICAL_BLINDSPOT
2026-08-26T10:44:19.031Z,76.20,149.01,0.000,2.540,7.183,6.815,7.025,6.833,7.175,0.247,Worker_2,-4.290,-3.740,15.722,0,0,1,3.280,4.760,3.000,3.000,3.0,26.0,STRUCTURAL_HAZARD
2026-08-26T10:44:19.031Z,76.20,149.01,0.000,2.540,7.183,6.815,7.025,6.833,7.175,0.247,Worker_3,3.640,-7.120,14.690,0,0,1,3.280,4.760,3.000,3.000,3.0,26.0,STRUCTURAL_HAZARD
2026-08-26T10:44:19.133Z,76.31,149.01,0.000,2.540,7.183,6.815,7.032,6.836,7.148,0.305,Worker_1,6.164,9.525,2.530,1,1,1,3.280,4.760,3.000,3.000,3.0,26.0,CRITICAL_BLINDSPOT
2026-08-26T10:44:19.133Z,76.31,149.01,0.000,2.540,7.183,6.815,7.032,6.836,7.148,0.305,Worker_2,-4.290,-3.740,15.708,0,0,1,3.280,4.760,3.000,3.000,3.0,26.0,STRUCTURAL_HAZARD
2026-08-26T10:44:19.133Z,76.31,149.01,0.000,2.540,7.183,6.815,7.032,6.836,7.148,0.305,Worker_3,3.640,-7.120,14.665,0,0,1,3.280,4.760,3.000,3.000,3.0,26.0,STRUCTURAL_HAZARD
2026-08-26T10:44:19.250Z,76.42,149.01,0.000,2.540,7.183,6.815,7.044,6.838,7.109,0.357,Worker_1,6.390,9.471,2.451,1,1,1,3.280,4.760,3.000,3.000,3.0,26.0,CRITICAL_BLINDSPOT
2026-08-26T10:44:19.250Z,76.42,149.01,0.000,2.540,7.183,6.815,7.044,6.838,7.109,0.357,Worker_2,-4.290,-3.740,15.690,0,0,1,3.280,4.760,3.000,3.000,3.0,26.0,STRUCTURAL_HAZARD
2026-08-26T10:44:19.250Z,76.42,149.01,0.000,2.540,7.183,6.815,7.044,6.838,7.109,0.357,Worker_3,3.640,-7.120,14.631,0,0,1,3.280,4.760,3.000,3.000,3.0,26.0,STRUCTURAL_HAZARD
2026-08-26T10:44:19.369Z,76.54,149.01,0.000,2.540,7.183,6.815,7.059,6.838,7.067,0.387,Worker_1,6.622,9.417,2.390,1,1,1,3.280,4.760,3.000,3.000,3.0,26.0,CRITICAL_BLINDSPOT
2026-08-26T10:44:19.369Z,76.54,149.01,0.000,2.540,7.183,6.815,7.059,6.838,7.067,0.387,Worker_2,-4.290,-3.740,15.671,0,0,1,3.280,4.760,3.000,3.000,3.0,26.0,STRUCTURAL_HAZARD
2026-08-26T10:44:19.369Z,76.54,149.01,0.000,2.540,7.183,6.815,7.059,6.838,7.067,0.387,Worker_3,3.640,-7.120,14.593,0,0,1,3.280,4.760,3.000,3.000,3.0,26.0,STRUCTURAL_HAZARD
2026-08-26T10:44:19.483Z,76.66,149.01,0.000,2.540,7.183,6.815,7.074,6.838,7.030,0.398,Worker_1,6.845,9.364,2.346,1,1,1,3.280,4.760,3.000,3.000,3.0,26.0,CRITICAL_BLINDSPOT
2026-08-26T10:44:19.483Z,76.66,149.01,0.000,2.540,7.183,6.815,7.074,6.838,7.030,0.398,Worker_2,-4.290,-3.740,15.656,0,0,1,3.280,4.760,3.000,3.000,3.0,26.0,STRUCTURAL_HAZARD
2026-08-26T10:44:19.483Z,76.66,149.01,0.000,2.540,7.183,6.815,7.074,6.838,7.030,0.398,Worker_3,3.640,-7.120,14.560,0,0,1,3.280,4.760,3.000,3.000,3.0,26.0,STRUCTURAL_HAZARD
2026-08-26T10:44:19.598Z,76.77,149.01,0.000,2.540,7.183,6.815,7.092,6.836,6.986,0.396,Worker_1,7.069,9.311,2.326,1,1,1,3.280,4.760,3.000,3.000,3.0,26.0,CRITICAL_BLINDSPOT
2026-08-26T10:44:19.598Z,76.77,149.01,0.000,2.540,7.183,6.815,7.092,6.836,6.986,0.396,Worker_2,-4.290,-3.740,15.639,0,0,1,3.280,4.760,3.000,3.000,3.0,26.0,STRUCTURAL_HAZARD
2026-08-26T10:44:19.598Z,76.77,149.01,0.000,2.540,7.183,6.815,7.092,6.836,6.986,0.396,Worker_3,3.640,-7.120,14.522,0,0,1,3.280,4.760,3.000,3.000,3.0,26.0,STRUCTURAL_HAZARD
2026-08-26T10:44:19.716Z,76.89,149.01,0.000,2.540,7.183,6.815,7.110,6.834,6.943,0.380,Worker_1,7.299,9.257,2.322,1,1,1,3.280,4.760,3.000,3.000,3.0,26.0,CRITICAL_BLINDSPOT
2026-08-26T10:44:19.716Z,76.89,149.01,0.000,2.540,7.183,6.815,7.110,6.834,6.943,0.380,Worker_2,-4.290,-3.740,15.623,0,0,1,3.280,4.760,3.000,3.000,3.0,26.0,STRUCTURAL_HAZARD
2026-08-26T10:44:19.716Z,76.89,149.01,0.000,2.540,7.183,6.815,7.110,6.834,6.943,0.380,Worker_3,3.640,-7.120,14.485,0,0,1,3.280,4.760,3.000,3.000,3.0,26.0,STRUCTURAL_HAZARD
2026-08-26T10:44:19.819Z,77.00,149.01,0.000,2.540,7.183,6.815,7.125,6.832,6.909,0.358,Worker_1,7.501,9.210,2.331,1,1,1,3.280,4.760,3.000,3.000,3.0,26.0,CRITICAL_BLINDSPOT
2026-08-26T10:44:19.819Z,77.00,149.01,0.000,2.540,7.183,6.815,7.125,6.832,6.909,0.358,Worker_2,-4.290,-3.740,15.611,0,0,1,3.280,4.760,3.000,3.000,3.0,26.0,STRUCTURAL_HAZARD
2026-08-26T10:44:19.819Z,77.00,149.01,0.000,2.540,7.183,6.815,7.125,6.832,6.909,0.358,Worker_3,3.640,-7.120,14.456,0,0,1,3.280,4.760,3.000,3.000,3.0,26.0,STRUCTURAL_HAZARD
2026-08-26T10:44:19.926Z,77.10,149.01,0.000,2.540,7.183,6.815,7.141,6.829,6.872,0.325,Worker_1,7.709,9.161,2.358,1,1,1,3.280,4.760,3.000,3.000,3.0,26.0,CRITICAL_BLINDSPOT
2026-08-26T10:44:19.926Z,77.10,149.01,0.000,2.540,7.183,6.815,7.141,6.829,6.872,0.325,Worker_2,-4.290,-3.740,15.598,0,0,1,3.280,4.760,3.000,3.000,3.0,26.0,STRUCTURAL_HAZARD
2026-08-26T10:44:19.926Z,77.10,149.01,0.000,2.540,7.183,6.815,7.141,6.829,6.872,0.325,Worker_3,3.640,-7.120,14.424,0,0,1,3.280,4.760,3.000,3.000,3.0,26.0,STRUCTURAL_HAZARD
2026-08-26T10:44:20.037Z,77.21,149.01,0.000,2.540,7.183,6.815,7.154,6.827,6.845,0.292,Worker_1,7.924,9.110,2.393,1,1,1,3.280,4.760,3.000,3.000,3.0,26.0,CRITICAL_BLINDSPOT
2026-08-26T10:44:20.037Z,77.21,149.01,0.000,2.540,7.183,6.815,7.154,6.827,6.845,0.292,Worker_2,-4.290,-3.740,15.589,0,0,1,3.280,4.760,3.000,3.000,3.0,26.0,STRUCTURAL_HAZARD
2026-08-26T10:44:20.037Z,77.21,149.01,0.000,2.540,7.183,6.815,7.154,6.827,6.845,0.292,Worker_3,3.640,-7.120,14.400,0,0,1,3.280,4.760,3.000,3.000,3.0,26.0,STRUCTURAL_HAZARD
2026-08-26T10:44:20.140Z,77.31,149.01,0.000,2.540,7.183,6.815,7.166,6.826,6.820,0.256,Worker_1,8.124,9.063,2.439,1,1,1,3.280,4.760,3.000,3.000,3.0,26.0,CRITICAL_BLINDSPOT
2026-08-26T10:44:20.140Z,77.31,149.01,0.000,2.540,7.183,6.815,7.166,6.826,6.820,0.256,Worker_2,-4.290,-3.740,15.581,0,0,1,3.280,4.760,3.000,3.000,3.0,26.0,STRUCTURAL_HAZARD
2026-08-26T10:44:20.140Z,77.31,149.01,0.000,2.540,7.183,6.815,7.166,6.826,6.820,0.256,Worker_3,3.640,-7.120,14.379,0,0,1,3.280,4.760,3.000,3.000,3.0,26.0,STRUCTURAL_HAZARD
2026-08-26T10:44:20.241Z,77.42,149.01,0.000,2.540,7.183,6.815,7.176,6.824,6.799,0.219,Worker_1,8.323,9.016,2.496,1,1,1,3.280,4.760,3.000,3.000,3.0,26.0,CRITICAL_BLINDSPOT
2026-08-26T10:44:20.241Z,77.42,149.01,0.000,2.540,7.183,6.815,7.176,6.824,6.799,0.219,Worker_2,-4.290,-3.740,15.574,0,0,1,3.280,4.760,3.000,3.000,3.0,26.0,STRUCTURAL_HAZARD
2026-08-26T10:44:20.241Z,77.42,149.01,0.000,2.540,7.183,6.815,7.176,6.824,6.799,0.219,Worker_3,3.640,-7.120,14.362,0,0,1,3.280,4.760,3.000,3.000,3.0,26.0,STRUCTURAL_HAZARD
2026-08-26T10:44:20.346Z,77.52,149.01,0.000,2.540,7.183,6.815,7.187,6.823,6.779,0.175,Worker_1,8.524,8.969,2.566,1,1,1,3.280,4.760,3.000,3.000,3.0,26.0,CRITICAL_BLINDSPOT
2026-08-26T10:44:20.346Z,77.52,149.01,0.000,2.540,7.183,6.815,7.187,6.823,6.779,0.175,Worker_2,-4.290,-3.740,15.568,0,0,1,3.280,4.760,3.000,3.000,3.0,26.0,STRUCTURAL_HAZARD
2026-08-26T10:44:20.346Z,77.52,149.01,0.000,2.540,7.183,6.815,7.187,6.823,6.779,0.175,Worker_3,3.640,-7.120,14.344,0,0,1,3.280,4.760,3.000,3.000,3.0,26.0,STRUCTURAL_HAZARD
2026-08-26T10:44:20.452Z,77.63,149.01,0.000,2.540,7.183,6.815,7.194,6.822,6.765,0.139,Worker_1,8.733,8.919,2.647,1,1,1,3.280,4.760,3.000,3.000,3.0,26.0,CRITICAL_BLINDSPOT
2026-08-26T10:44:20.452Z,77.63,149.01,0.000,2.540,7.183,6.815,7.194,6.822,6.765,0.139,Worker_2,-4.290,-3.740,15.564,0,0,1,3.280,4.760,3.000,3.000,3.0,26.0,STRUCTURAL_HAZARD
2026-08-26T10:44:20.452Z,77.63,149.01,0.000,2.540,7.183,6.815,7.194,6.822,6.765,0.139,Worker_3,3.640,-7.120,14.333,0,0,1,3.280,4.760,3.000,3.000,3.0,26.0,STRUCTURAL_HAZARD
2026-08-26T10:44:20.558Z,77.73,149.01,0.000,2.540,7.183,6.815,7.200,6.821,6.755,0.104,Worker_1,8.939,8.871,2.739,1,1,1,3.280,4.760,3.000,3.000,3.0,26.0,CRITICAL_BLINDSPOT
2026-08-26T10:44:20.558Z,77.73,149.01,0.000,2.540,7.183,6.815,7.200,6.821,6.755,0.104,Worker_2,-4.290,-3.740,15.562,0,0,1,3.280,4.760,3.000,3.000,3.0,26.0,STRUCTURAL_HAZARD
2026-08-26T10:44:20.558Z,77.73,149.01,0.000,2.540,7.183,6.815,7.200,6.821,6.755,0.104,Worker_3,3.640,-7.120,14.325,0,0,1,3.280,4.760,3.000,3.000,3.0,26.0,STRUCTURAL_HAZARD
2026-08-26T10:44:20.663Z,77.84,149.01,0.000,2.540,7.183,6.815,7.204,6.821,6.748,0.072,Worker_1,9.143,8.823,2.840,1,1,1,3.280,4.760,3.000,3.000,3.0,26.0,CRITICAL_BLINDSPOT
2026-08-26T10:44:20.663Z,77.84,149.01,0.000,2.540,7.183,6.815,7.204,6.821,6.748,0.072,Worker_2,-4.290,-3.740,15.560,0,0,1,3.280,4.760,3.000,3.000,3.0,26.0,STRUCTURAL_HAZARD
2026-08-26T10:44:20.663Z,77.84,149.01,0.000,2.540,7.183,6.815,7.204,6.821,6.748,0.072,Worker_3,3.640,-7.120,14.319,0,0,1,3.280,4.760,3.000,3.000,3.0,26.0,STRUCTURAL_HAZARD
2026-08-26T10:44:20.770Z,77.95,149.01,0.000,2.540,7.183,6.815,7.208,6.821,6.743,0.038,Worker_1,9.352,8.774,2.953,1,1,1,3.280,4.760,3.000,3.000,3.0,26.0,CRITICAL_BLINDSPOT
2026-08-26T10:44:20.770Z,77.95,149.01,0.000,2.540,7.183,6.815,7.208,6.821,6.743,0.038,Worker_2,-4.290,-3.740,15.559,0,0,1,3.280,4.760,3.000,3.000,3.0,26.0,STRUCTURAL_HAZARD
2026-08-26T10:44:20.770Z,77.95,149.01,0.000,2.540,7.183,6.815,7.208,6.821,6.743,0.038,Worker_3,3.640,-7.120,14.315,0,0,1,3.280,4.760,3.000,3.000,3.0,26.0,STRUCTURAL_HAZARD
2026-08-26T10:44:20.881Z,78.06,149.01,0.000,2.540,7.183,6.815,7.210,6.820,6.741,0.015,Worker_1,9.568,8.723,3.080,0,1,1,3.280,4.760,3.000,3.000,3.0,26.0,STRUCTURAL_HAZARD
2026-08-26T10:44:20.881Z,78.06,149.01,0.000,2.540,7.183,6.815,7.210,6.820,6.741,0.015,Worker_2,-4.290,-3.740,15.560,0,0,1,3.280,4.760,3.000,3.000,3.0,26.0,STRUCTURAL_HAZARD
2026-08-26T10:44:20.881Z,78.06,149.01,0.000,2.540,7.183,6.815,7.210,6.820,6.741,0.015,Worker_3,3.640,-7.120,14.314,0,0,1,3.280,4.760,3.000,3.000,3.0,26.0,STRUCTURAL_HAZARD
2026-08-26T10:44:20.987Z,78.16,149.01,0.000,2.540,7.183,6.815,7.211,6.821,6.742,0.018,Worker_1,9.548,8.727,3.067,0,1,1,3.280,4.760,3.000,3.000,3.0,26.0,STRUCTURAL_HAZARD
2026-08-26T10:44:20.987Z,78.16,149.01,0.000,2.540,7.183,6.815,7.211,6.821,6.742,0.018,Worker_2,-4.290,-3.740,15.561,0,0,1,3.280,4.760,3.000,3.000,3.0,26.0,STRUCTURAL_HAZARD
2026-08-26T10:44:20.987Z,78.16,149.01,0.000,2.540,7.183,6.815,7.211,6.821,6.742,0.018,Worker_3,3.640,-7.120,14.315,0,0,1,3.280,4.760,3.000,3.000,3.0,26.0,STRUCTURAL_HAZARD
2026-08-26T10:44:21.096Z,78.27,149.01,0.000,2.540,7.183,6.815,7.211,6.821,6.745,0.034,Worker_1,9.339,8.777,2.942,1,1,1,3.280,4.760,3.000,3.000,3.0,26.0,CRITICAL_BLINDSPOT
2026-08-26T10:44:21.096Z,78.27,149.01,0.000,2.540,7.183,6.815,7.211,6.821,6.745,0.034,Worker_2,-4.290,-3.740,15.563,0,0,1,3.280,4.760,3.000,3.000,3.0,26.0,STRUCTURAL_HAZARD
2026-08-26T10:44:21.096Z,78.27,149.01,0.000,2.540,7.183,6.815,7.211,6.821,6.745,0.034,Worker_3,3.640,-7.120,14.317,0,0,1,3.280,4.760,3.000,3.000,3.0,26.0,STRUCTURAL_HAZARD
2026-08-26T10:44:21.203Z,78.38,149.01,0.000,2.540,7.183,6.815,7.210,6.821,6.749,0.047,Worker_1,9.130,8.826,2.829,1,1,1,3.280,4.760,3.000,3.000,3.0,26.0,CRITICAL_BLINDSPOT
2026-08-26T10:44:21.203Z,78.38,149.01,0.000,2.540,7.183,6.815,7.210,6.821,6.749,0.047,Worker_2,-4.290,-3.740,15.565,0,0,1,3.280,4.760,3.000,3.000,3.0,26.0,STRUCTURAL_HAZARD
2026-08-26T10:44:21.203Z,78.38,149.01,0.000,2.540,7.183,6.815,7.210,6.821,6.749,0.047,Worker_3,3.640,-7.120,14.321,0,0,1,3.280,4.760,3.000,3.000,3.0,26.0,STRUCTURAL_HAZARD
2026-08-26T10:44:21.308Z,78.48,149.01,0.000,2.540,7.183,6.815,7.208,6.821,6.755,0.060,Worker_1,8.926,8.874,2.728,1,1,1,3.280,4.760,3.000,3.000,3.0,26.0,CRITICAL_BLINDSPOT
2026-08-26T10:44:21.308Z,78.48,149.01,0.000,2.540,7.183,6.815,7.208,6.821,6.755,0.060,Worker_2,-4.290,-3.740,15.568,0,0,1,3.280,4.760,3.000,3.000,3.0,26.0,STRUCTURAL_HAZARD
2026-08-26T10:44:21.308Z,78.48,149.01,0.000,2.540,7.183,6.815,7.208,6.821,6.755,0.060,Worker_3,3.640,-7.120,14.327,0,0,1,3.280,4.760,3.000,3.000,3.0,26.0,STRUCTURAL_HAZARD
2026-08-26T10:44:21.413Z,78.59,149.01,0.000,2.540,7.183,6.815,7.206,6.821,6.762,0.067,Worker_1,8.720,8.923,2.638,1,1,1,3.280,4.760,3.000,3.000,3.0,26.0,CRITICAL_BLINDSPOT
2026-08-26T10:44:21.413Z,78.59,149.01,0.000,2.540,7.183,6.815,7.206,6.821,6.762,0.067,Worker_2,-4.290,-3.740,15.571,0,0,1,3.280,4.760,3.000,3.000,3.0,26.0,STRUCTURAL_HAZARD
2026-08-26T10:44:21.413Z,78.59,149.01,0.000,2.540,7.183,6.815,7.206,6.821,6.762,0.067,Worker_3,3.640,-7.120,14.332,0,0,1,3.280,4.760,3.000,3.000,3.0,26.0,STRUCTURAL_HAZARD
2026-08-26T10:44:21.515Z,78.69,149.01,0.000,2.540,7.183,6.815,7.204,6.821,6.768,0.072,Worker_1,8.520,8.970,2.565,1,1,1,3.280,4.760,3.000,3.000,3.0,26.0,CRITICAL_BLINDSPOT
2026-08-26T10:44:21.515Z,78.69,149.01,0.000,2.540,7.183,6.815,7.204,6.821,6.768,0.072,Worker_2,-4.290,-3.740,15.573,0,0,1,3.280,4.760,3.000,3.000,3.0,26.0,STRUCTURAL_HAZARD
2026-08-26T10:44:21.515Z,78.69,149.01,0.000,2.540,7.183,6.815,7.204,6.821,6.768,0.072,Worker_3,3.640,-7.120,14.338,0,0,1,3.280,4.760,3.000,3.000,3.0,26.0,STRUCTURAL_HAZARD
2026-08-26T10:44:21.617Z,78.79,149.01,0.000,2.540,7.183,6.815,7.201,6.821,6.775,0.074,Worker_1,8.322,9.016,2.506,1,1,1,3.280,4.760,3.000,3.000,3.0,26.0,CRITICAL_BLINDSPOT
2026-08-26T10:44:21.617Z,78.79,149.01,0.000,2.540,7.183,6.815,7.201,6.821,6.775,0.074,Worker_2,-4.290,-3.740,15.576,0,0,1,3.280,4.760,3.000,3.000,3.0,26.0,STRUCTURAL_HAZARD
2026-08-26T10:44:21.617Z,78.79,149.01,0.000,2.540,7.183,6.815,7.201,6.821,6.775,0.074,Worker_3,3.640,-7.120,14.344,0,0,1,3.280,4.760,3.000,3.000,3.0,26.0,STRUCTURAL_HAZARD
2026-08-26T10:44:21.721Z,78.90,149.01,0.000,2.540,7.183,6.815,7.199,6.822,6.782,0.073,Worker_1,8.120,9.064,2.461,1,1,1,3.280,4.760,3.000,3.000,3.0,26.0,CRITICAL_BLINDSPOT
2026-08-26T10:44:21.721Z,78.90,149.01,0.000,2.540,7.183,6.815,7.199,6.822,6.782,0.073,Worker_2,-4.290,-3.740,15.579,0,0,1,3.280,4.760,3.000,3.000,3.0,26.0,STRUCTURAL_HAZARD
2026-08-26T10:44:21.721Z,78.90,149.01,0.000,2.540,7.183,6.815,7.199,6.822,6.782,0.073,Worker_3,3.640,-7.120,14.350,0,0,1,3.280,4.760,3.000,3.000,3.0,26.0,STRUCTURAL_HAZARD
2026-08-26T10:44:21.828Z,79.00,149.01,0.000,2.540,7.183,6.815,7.196,6.822,6.790,0.071,Worker_1,7.914,9.112,2.431,1,1,1,3.280,4.760,3.000,3.000,3.0,26.0,CRITICAL_BLINDSPOT
2026-08-26T10:44:21.828Z,79.00,149.01,0.000,2.540,7.183,6.815,7.196,6.822,6.790,0.071,Worker_2,-4.290,-3.740,15.582,0,0,1,3.280,4.760,3.000,3.000,3.0,26.0,STRUCTURAL_HAZARD
2026-08-26T10:44:21.828Z,79.00,149.01,0.000,2.540,7.183,6.815,7.196,6.822,6.790,0.071,Worker_3,3.640,-7.120,14.357,0,0,1,3.280,4.760,3.000,3.000,3.0,26.0,STRUCTURAL_HAZARD
2026-08-26T10:44:21.938Z,79.11,149.01,0.000,2.540,7.183,6.815,7.193,6.822,6.796,0.067,Worker_1,7.697,9.164,2.420,1,1,1,3.280,4.760,3.000,3.000,3.0,26.0,CRITICAL_BLINDSPOT
2026-08-26T10:44:21.938Z,79.11,149.01,0.000,2.540,7.183,6.815,7.193,6.822,6.796,0.067,Worker_2,-4.290,-3.740,15.585,0,0,1,3.280,4.760,3.000,3.000,3.0,26.0,STRUCTURAL_HAZARD
2026-08-26T10:44:21.938Z,79.11,149.01,0.000,2.540,7.183,6.815,7.193,6.822,6.796,0.067,Worker_3,3.640,-7.120,14.363,0,0,1,3.280,4.760,3.000,3.000,3.0,26.0,STRUCTURAL_HAZARD
2026-08-26T10:44:22.046Z,79.22,149.01,0.000,2.540,7.183,6.815,7.190,6.822,6.803,0.061,Worker_1,7.489,9.212,2.427,1,1,1,3.280,4.760,3.000,3.000,3.0,26.0,CRITICAL_BLINDSPOT
2026-08-26T10:44:22.046Z,79.22,149.01,0.000,2.540,7.183,6.815,7.190,6.822,6.803,0.061,Worker_2,-4.290,-3.740,15.587,0,0,1,3.280,4.760,3.000,3.000,3.0,26.0,STRUCTURAL_HAZARD
2026-08-26T10:44:22.046Z,79.22,149.01,0.000,2.540,7.183,6.815,7.190,6.822,6.803,0.061,Worker_3,3.640,-7.120,14.369,0,0,1,3.280,4.760,3.000,3.000,3.0,26.0,STRUCTURAL_HAZARD
2026-08-26T10:44:22.154Z,79.33,149.01,0.000,2.540,7.183,6.815,7.188,6.822,6.809,0.055,Worker_1,7.277,9.262,2.455,1,1,1,3.280,4.760,3.000,3.000,3.0,26.0,CRITICAL_BLINDSPOT
2026-08-26T10:44:22.154Z,79.33,149.01,0.000,2.540,7.183,6.815,7.188,6.822,6.809,0.055,Worker_2,-4.290,-3.740,15.589,0,0,1,3.280,4.760,3.000,3.000,3.0,26.0,STRUCTURAL_HAZARD
2026-08-26T10:44:22.154Z,79.33,149.01,0.000,2.540,7.183,6.815,7.188,6.822,6.809,0.055,Worker_3,3.640,-7.120,14.374,0,0,1,3.280,4.760,3.000,3.000,3.0,26.0,STRUCTURAL_HAZARD
2026-08-26T10:44:22.260Z,79.44,149.01,0.000,2.540,7.183,6.815,7.186,6.822,6.813,0.048,Worker_1,7.071,9.311,2.500,1,1,1,3.280,4.760,3.000,3.000,3.0,26.0,CRITICAL_BLINDSPOT
2026-08-26T10:44:22.260Z,79.44,149.01,0.000,2.540,7.183,6.815,7.186,6.822,6.813,0.048,Worker_2,-4.290,-3.740,15.591,0,0,1,3.280,4.760,3.000,3.000,3.0,26.0,STRUCTURAL_HAZARD
2026-08-26T10:44:22.260Z,79.44,149.01,0.000,2.540,7.183,6.815,7.186,6.822,6.813,0.048,Worker_3,3.640,-7.120,14.378,0,0,1,3.280,4.760,3.000,3.000,3.0,26.0,STRUCTURAL_HAZARD
2026-08-26T10:44:22.368Z,79.54,149.01,0.000,2.540,7.183,6.815,7.184,6.822,6.818,0.040,Worker_1,6.862,9.360,2.562,1,1,1,3.280,4.760,3.000,3.000,3.0,26.0,CRITICAL_BLINDSPOT
2026-08-26T10:44:22.368Z,79.54,149.01,0.000,2.540,7.183,6.815,7.184,6.822,6.818,0.040,Worker_2,-4.290,-3.740,15.593,0,0,1,3.280,4.760,3.000,3.000,3.0,26.0,STRUCTURAL_HAZARD
2026-08-26T10:44:22.368Z,79.54,149.01,0.000,2.540,7.183,6.815,7.184,6.822,6.818,0.040,Worker_3,3.640,-7.120,14.382,0,0,1,3.280,4.760,3.000,3.000,3.0,26.0,STRUCTURAL_HAZARD
2026-08-26T10:44:22.469Z,79.65,149.01,0.000,2.540,7.183,6.815,7.183,6.822,6.822,0.033,Worker_1,6.663,9.407,2.637,1,1,1,3.280,4.760,3.000,3.000,3.0,26.0,CRITICAL_BLINDSPOT
2026-08-26T10:44:22.469Z,79.65,149.01,0.000,2.540,7.183,6.815,7.183,6.822,6.822,0.033,Worker_2,-4.290,-3.740,15.594,0,0,1,3.280,4.760,3.000,3.000,3.0,26.0,STRUCTURAL_HAZARD
2026-08-26T10:44:22.469Z,79.65,149.01,0.000,2.540,7.183,6.815,7.183,6.822,6.822,0.033,Worker_3,3.640,-7.120,14.385,0,0,1,3.280,4.760,3.000,3.000,3.0,26.0,STRUCTURAL_HAZARD
2026-08-26T10:44:22.572Z,79.75,149.01,0.000,2.540,7.183,6.815,7.181,6.822,6.824,0.026,Worker_1,6.464,9.454,2.726,1,1,1,3.280,4.760,3.000,3.000,3.0,26.0,CRITICAL_BLINDSPOT
2026-08-26T10:44:22.572Z,79.75,149.01,0.000,2.540,7.183,6.815,7.181,6.822,6.824,0.026,Worker_2,-4.290,-3.740,15.595,0,0,1,3.280,4.760,3.000,3.000,3.0,26.0,STRUCTURAL_HAZARD
2026-08-26T10:44:22.572Z,79.75,149.01,0.000,2.540,7.183,6.815,7.181,6.822,6.824,0.026,Worker_3,3.640,-7.120,14.387,0,0,1,3.280,4.760,3.000,3.000,3.0,26.0,STRUCTURAL_HAZARD
2026-08-26T10:44:22.681Z,79.86,149.01,0.000,2.540,7.183,6.815,7.180,6.822,6.826,0.020,Worker_1,6.252,9.504,2.834,1,1,1,3.280,4.760,3.000,3.000,3.0,26.0,CRITICAL_BLINDSPOT
2026-08-26T10:44:22.681Z,79.86,149.01,0.000,2.540,7.183,6.815,7.180,6.822,6.826,0.020,Worker_2,-4.290,-3.740,15.595,0,0,1,3.280,4.760,3.000,3.000,3.0,26.0,STRUCTURAL_HAZARD
2026-08-26T10:44:22.681Z,79.86,149.01,0.000,2.540,7.183,6.815,7.180,6.822,6.826,0.020,Worker_3,3.640,-7.120,14.389,0,0,1,3.280,4.760,3.000,3.000,3.0,26.0,STRUCTURAL_HAZARD
2026-08-26T10:44:22.787Z,79.96,149.01,0.000,2.540,7.183,6.815,7.180,6.822,6.828,0.013,Worker_1,6.045,9.552,2.951,1,1,1,3.280,4.760,3.000,3.000,3.0,26.0,CRITICAL_BLINDSPOT
2026-08-26T10:44:22.787Z,79.96,149.01,0.000,2.540,7.183,6.815,7.180,6.822,6.828,0.013,Worker_2,-4.290,-3.740,15.596,0,0,1,3.280,4.760,3.000,3.000,3.0,26.0,STRUCTURAL_HAZARD
2026-08-26T10:44:22.787Z,79.96,149.01,0.000,2.540,7.183,6.815,7.180,6.822,6.828,0.013,Worker_3,3.640,-7.120,14.390,0,0,1,3.280,4.760,3.000,3.000,3.0,26.0,STRUCTURAL_HAZARD
2026-08-26T10:44:22.889Z,80.06,149.01,0.000,2.540,7.183,6.815,7.179,6.822,6.829,0.008,Worker_1,5.846,9.599,3.075,0,1,1,3.280,4.760,3.000,3.000,3.0,26.0,STRUCTURAL_HAZARD
2026-08-26T10:44:22.889Z,80.06,149.01,0.000,2.540,7.183,6.815,7.179,6.822,6.829,0.008,Worker_2,-4.290,-3.740,15.596,0,0,1,3.280,4.760,3.000,3.000,3.0,26.0,STRUCTURAL_HAZARD
2026-08-26T10:44:22.889Z,80.06,149.01,0.000,2.540,7.183,6.815,7.179,6.822,6.829,0.008,Worker_3,3.640,-7.120,14.391,0,0,1,3.280,4.760,3.000,3.000,3.0,26.0,STRUCTURAL_HAZARD
2026-08-26T10:44:22.995Z,80.17,149.01,0.000,2.540,7.183,6.815,7.179,6.822,6.829,0.000,Worker_1,5.639,9.648,3.212,0,1,1,3.280,4.760,3.000,3.000,3.0,26.0,STRUCTURAL_HAZARD
2026-08-26T10:44:22.995Z,80.17,149.01,0.000,2.540,7.183,6.815,7.179,6.822,6.829,0.000,Worker_2,-4.290,-3.740,15.596,0,0,1,3.280,4.760,3.000,3.000,3.0,26.0,STRUCTURAL_HAZARD
2026-08-26T10:44:22.995Z,80.17,149.01,0.000,2.540,7.183,6.815,7.179,6.822,6.829,0.000,Worker_3,3.640,-7.120,14.391,0,0,1,3.280,4.760,3.000,3.000,3.0,26.0,STRUCTURAL_HAZARD
2026-08-26T10:44:23.100Z,80.28,149.01,0.000,2.540,7.183,6.815,7.179,6.822,6.829,0.000,Worker_1,5.436,9.696,3.356,0,1,1,3.280,4.760,3.000,3.000,3.0,26.0,STRUCTURAL_HAZARD
2026-08-26T10:44:23.100Z,80.28,149.01,0.000,2.540,7.183,6.815,7.179,6.822,6.829,0.000,Worker_2,-4.290,-3.740,15.596,0,0,1,3.280,4.760,3.000,3.000,3.0,26.0,STRUCTURAL_HAZARD
2026-08-26T10:44:23.100Z,80.28,149.01,0.000,2.540,7.183,6.815,7.179,6.822,6.829,0.000,Worker_3,3.640,-7.120,14.391,0,0,1,3.280,4.760,3.000,3.000,3.0,26.0,STRUCTURAL_HAZARD
2026-08-26T10:44:23.204Z,80.38,149.01,0.000,2.540,7.183,6.815,7.179,6.822,6.829,0.000,Worker_1,5.233,9.744,3.505,0,1,1,3.280,4.760,3.000,3.000,3.0,26.0,STRUCTURAL_HAZARD
2026-08-26T10:44:23.204Z,80.38,149.01,0.000,2.540,7.183,6.815,7.179,6.822,6.829,0.000,Worker_2,-4.290,-3.740,15.596,0,0,1,3.280,4.760,3.000,3.000,3.0,26.0,STRUCTURAL_HAZARD
2026-08-26T10:44:23.204Z,80.38,149.01,0.000,2.540,7.183,6.815,7.179,6.822,6.829,0.000,Worker_3,3.640,-7.120,14.391,0,0,1,3.280,4.760,3.000,3.000,3.0,26.0,STRUCTURAL_HAZARD
2026-08-26T10:44:23.307Z,80.48,149.01,0.000,2.540,7.183,6.815,7.179,6.822,6.829,0.000,Worker_1,5.031,9.791,3.659,0,1,1,3.280,4.760,3.000,3.000,3.0,26.0,STRUCTURAL_HAZARD
2026-08-26T10:44:23.307Z,80.48,149.01,0.000,2.540,7.183,6.815,7.179,6.822,6.829,0.000,Worker_2,-4.290,-3.740,15.596,0,0,1,3.280,4.760,3.000,3.000,3.0,26.0,STRUCTURAL_HAZARD
2026-08-26T10:44:23.307Z,80.48,149.01,0.000,2.540,7.183,6.815,7.179,6.822,6.829,0.000,Worker_3,3.640,-7.120,14.391,0,0,1,3.280,4.760,3.000,3.000,3.0,26.0,STRUCTURAL_HAZARD
2026-08-26T10:44:23.408Z,80.58,149.01,0.000,2.540,7.183,6.815,7.179,6.822,6.829,0.000,Worker_1,4.836,9.837,3.813,0,1,1,3.280,4.760,3.000,3.000,3.0,26.0,STRUCTURAL_HAZARD
2026-08-26T10:44:23.408Z,80.58,149.01,0.000,2.540,7.183,6.815,7.179,6.822,6.829,0.000,Worker_2,-4.290,-3.740,15.596,0,0,1,3.280,4.760,3.000,3.000,3.0,26.0,STRUCTURAL_HAZARD
2026-08-26T10:44:23.408Z,80.58,149.01,0.000,2.540,7.183,6.815,7.179,6.822,6.829,0.000,Worker_3,3.640,-7.120,14.391,0,0,1,3.280,4.760,3.000,3.000,3.0,26.0,STRUCTURAL_HAZARD
2026-08-26T10:44:23.508Z,80.68,149.01,0.000,2.540,7.183,6.815,7.179,6.822,6.829,0.000,Worker_1,4.641,9.883,3.971,0,1,1,3.280,4.760,3.000,3.000,3.0,26.0,STRUCTURAL_HAZARD
2026-08-26T10:44:23.508Z,80.68,149.01,0.000,2.540,7.183,6.815,7.179,6.822,6.829,0.000,Worker_2,-4.290,-3.740,15.596,0,0,1,3.280,4.760,3.000,3.000,3.0,26.0,STRUCTURAL_HAZARD
2026-08-26T10:44:23.508Z,80.68,149.01,0.000,2.540,7.183,6.815,7.179,6.822,6.829,0.000,Worker_3,3.640,-7.120,14.391,0,0,1,3.280,4.760,3.000,3.000,3.0,26.0,STRUCTURAL_HAZARD
2026-08-26T10:44:23.620Z,80.80,149.01,0.000,2.540,7.183,6.815,7.179,6.822,6.829,0.000,Worker_1,4.424,9.934,4.151,0,1,1,3.280,4.760,3.000,3.000,3.0,26.0,STRUCTURAL_HAZARD
2026-08-26T10:44:23.620Z,80.80,149.01,0.000,2.540,7.183,6.815,7.179,6.822,6.829,0.000,Worker_2,-4.290,-3.740,15.596,0,0,1,3.280,4.760,3.000,3.000,3.0,26.0,STRUCTURAL_HAZARD
2026-08-26T10:44:23.620Z,80.80,149.01,0.000,2.540,7.183,6.815,7.179,6.822,6.829,0.000,Worker_3,3.640,-7.120,14.391,0,0,1,3.280,4.760,3.000,3.000,3.0,26.0,STRUCTURAL_HAZARD
2026-08-26T10:44:23.734Z,80.91,149.01,0.000,2.540,7.183,6.815,7.179,6.822,6.829,0.000,Worker_1,4.200,9.987,4.342,0,1,1,3.280,4.760,3.000,3.000,3.0,26.0,STRUCTURAL_HAZARD
2026-08-26T10:44:23.734Z,80.91,149.01,0.000,2.540,7.183,6.815,7.179,6.822,6.829,0.000,Worker_2,-4.290,-3.740,15.596,0,0,1,3.280,4.760,3.000,3.000,3.0,26.0,STRUCTURAL_HAZARD
2026-08-26T10:44:23.734Z,80.91,149.01,0.000,2.540,7.183,6.815,7.179,6.822,6.829,0.000,Worker_3,3.640,-7.120,14.391,0,0,1,3.280,4.760,3.000,3.000,3.0,26.0,STRUCTURAL_HAZARD
2026-08-26T10:44:23.855Z,81.03,149.01,0.000,2.540,7.183,6.815,7.179,6.822,6.829,0.000,Worker_1,3.965,10.042,4.545,0,1,1,3.280,4.760,3.000,3.000,3.0,26.0,STRUCTURAL_HAZARD
2026-08-26T10:44:23.855Z,81.03,149.01,0.000,2.540,7.183,6.815,7.179,6.822,6.829,0.000,Worker_2,-4.290,-3.740,15.596,0,0,1,3.280,4.760,3.000,3.000,3.0,26.0,STRUCTURAL_HAZARD
2026-08-26T10:44:23.855Z,81.03,149.01,0.000,2.540,7.183,6.815,7.179,6.822,6.829,0.000,Worker_3,3.640,-7.120,14.391,0,0,1,3.280,4.760,3.000,3.000,3.0,26.0,STRUCTURAL_HAZARD
2026-08-26T10:44:23.967Z,81.14,149.01,0.000,2.540,7.183,6.815,7.179,6.822,6.829,0.000,Worker_1,3.749,10.093,4.735,0,1,1,3.280,4.760,3.000,3.000,3.0,26.0,STRUCTURAL_HAZARD
2026-08-26T10:44:23.967Z,81.14,149.01,0.000,2.540,7.183,6.815,7.179,6.822,6.829,0.000,Worker_2,-4.290,-3.740,15.596,0,0,1,3.280,4.760,3.000,3.000,3.0,26.0,STRUCTURAL_HAZARD
2026-08-26T10:44:23.967Z,81.14,149.01,0.000,2.540,7.183,6.815,7.179,6.822,6.829,0.000,Worker_3,3.640,-7.120,14.391,0,0,1,3.280,4.760,3.000,3.000,3.0,26.0,STRUCTURAL_HAZARD
2026-08-26T10:44:24.076Z,81.25,149.01,0.000,2.540,7.183,6.815,7.179,6.822,6.829,0.000,Worker_1,3.535,10.144,4.926,0,1,1,3.280,4.760,3.000,3.000,3.0,26.0,STRUCTURAL_HAZARD
2026-08-26T10:44:24.076Z,81.25,149.01,0.000,2.540,7.183,6.815,7.179,6.822,6.829,0.000,Worker_2,-4.290,-3.740,15.596,0,0,1,3.280,4.760,3.000,3.000,3.0,26.0,STRUCTURAL_HAZARD
2026-08-26T10:44:24.076Z,81.25,149.01,0.000,2.540,7.183,6.815,7.179,6.822,6.829,0.000,Worker_3,3.640,-7.120,14.391,0,0,1,3.280,4.760,3.000,3.000,3.0,26.0,STRUCTURAL_HAZARD
2026-08-26T10:44:24.180Z,81.36,149.01,0.000,2.540,7.183,6.815,7.179,6.822,6.829,0.000,Worker_1,3.332,10.191,5.109,0,1,1,3.280,4.760,3.000,3.000,3.0,26.0,STRUCTURAL_HAZARD
2026-08-26T10:44:24.180Z,81.36,149.01,0.000,2.540,7.183,6.815,7.179,6.822,6.829,0.000,Worker_2,-4.290,-3.740,15.596,0,0,1,3.280,4.760,3.000,3.000,3.0,26.0,STRUCTURAL_HAZARD
2026-08-26T10:44:24.180Z,81.36,149.01,0.000,2.540,7.183,6.815,7.179,6.822,6.829,0.000,Worker_3,3.640,-7.120,14.391,0,0,1,3.280,4.760,3.000,3.000,3.0,26.0,STRUCTURAL_HAZARD
2026-08-26T10:44:24.282Z,81.46,149.01,0.000,2.540,7.183,6.815,7.179,6.822,6.829,0.000,Worker_1,3.133,10.238,5.291,0,1,1,3.280,4.760,3.000,3.000,3.0,26.0,STRUCTURAL_HAZARD
2026-08-26T10:44:24.282Z,81.46,149.01,0.000,2.540,7.183,6.815,7.179,6.822,6.829,0.000,Worker_2,-4.290,-3.740,15.596,0,0,1,3.280,4.760,3.000,3.000,3.0,26.0,STRUCTURAL_HAZARD
2026-08-26T10:44:24.282Z,81.46,149.01,0.000,2.540,7.183,6.815,7.179,6.822,6.829,0.000,Worker_3,3.640,-7.120,14.391,0,0,1,3.280,4.760,3.000,3.000,3.0,26.0,STRUCTURAL_HAZARD
2026-08-26T10:44:24.394Z,81.57,149.01,0.000,2.540,7.183,6.815,7.179,6.822,6.829,0.000,Worker_1,2.917,10.289,5.490,0,0,1,3.280,4.760,3.000,3.000,3.0,26.0,STRUCTURAL_HAZARD
2026-08-26T10:44:24.394Z,81.57,149.01,0.000,2.540,7.183,6.815,7.179,6.822,6.829,0.000,Worker_2,-4.290,-3.740,15.596,0,0,1,3.280,4.760,3.000,3.000,3.0,26.0,STRUCTURAL_HAZARD
2026-08-26T10:44:24.394Z,81.57,149.01,0.000,2.540,7.183,6.815,7.179,6.822,6.829,0.000,Worker_3,3.640,-7.120,14.391,0,0,1,3.280,4.760,3.000,3.000,3.0,26.0,STRUCTURAL_HAZARD
2026-08-26T10:44:24.506Z,81.68,149.01,0.000,2.540,7.183,6.815,7.179,6.822,6.829,0.000,Worker_1,2.699,10.341,5.692,0,0,1,3.280,4.760,3.000,3.000,3.0,26.0,STRUCTURAL_HAZARD
2026-08-26T10:44:24.506Z,81.68,149.01,0.000,2.540,7.183,6.815,7.179,6.822,6.829,0.000,Worker_2,-4.290,-3.740,15.596,0,0,1,3.280,4.760,3.000,3.000,3.0,26.0,STRUCTURAL_HAZARD
2026-08-26T10:44:24.506Z,81.68,149.01,0.000,2.540,7.183,6.815,7.179,6.822,6.829,0.000,Worker_3,3.640,-7.120,14.391,0,0,1,3.280,4.760,3.000,3.000,3.0,26.0,STRUCTURAL_HAZARD
2026-08-26T10:44:24.609Z,81.78,149.01,0.000,2.540,7.183,6.815,7.179,6.822,6.829,0.000,Worker_1,2.499,10.388,5.879,0,0,0,3.280,4.760,3.000,3.000,3.0,26.0,STRUCTURAL_HAZARD
2026-08-26T10:44:24.609Z,81.78,149.01,0.000,2.540,7.183,6.815,7.179,6.822,6.829,0.000,Worker_2,-4.290,-3.740,15.596,0,0,1,3.280,4.760,3.000,3.000,3.0,26.0,STRUCTURAL_HAZARD
2026-08-26T10:44:24.609Z,81.78,149.01,0.000,2.540,7.183,6.815,7.179,6.822,6.829,0.000,Worker_3,3.640,-7.120,14.391,0,0,1,3.280,4.760,3.000,3.000,3.0,26.0,STRUCTURAL_HAZARD
2026-08-26T10:44:24.732Z,81.91,149.01,0.000,2.540,7.183,6.815,7.179,6.822,6.829,0.000,Worker_1,2.259,10.444,6.106,0,0,0,3.280,4.760,3.000,3.000,3.0,26.0,STRUCTURAL_HAZARD
2026-08-26T10:44:24.732Z,81.91,149.01,0.000,2.540,7.183,6.815,7.179,6.822,6.829,0.000,Worker_2,-4.290,-3.740,15.596,0,0,1,3.280,4.760,3.000,3.000,3.0,26.0,STRUCTURAL_HAZARD
2026-08-26T10:44:24.732Z,81.91,149.01,0.000,2.540,7.183,6.815,7.179,6.822,6.829,0.000,Worker_3,3.640,-7.120,14.391,0,0,1,3.280,4.760,3.000,3.000,3.0,26.0,STRUCTURAL_HAZARD
2026-08-26T10:44:24.837Z,82.01,149.01,0.000,2.540,7.183,6.815,7.179,6.822,6.829,0.000,Worker_1,2.053,10.493,6.301,0,0,0,3.280,4.760,3.000,3.000,3.0,26.0,STRUCTURAL_HAZARD
2026-08-26T10:44:24.837Z,82.01,149.01,0.000,2.540,7.183,6.815,7.179,6.822,6.829,0.000,Worker_2,-4.290,-3.740,15.596,0,0,1,3.280,4.760,3.000,3.000,3.0,26.0,STRUCTURAL_HAZARD
2026-08-26T10:44:24.837Z,82.01,149.01,0.000,2.540,7.183,6.815,7.179,6.822,6.829,0.000,Worker_3,3.640,-7.120,14.391,0,0,1,3.280,4.760,3.000,3.000,3.0,26.0,STRUCTURAL_HAZARD
2026-08-26T10:44:24.955Z,82.13,149.01,0.000,2.540,7.183,6.815,7.179,6.822,6.829,0.000,Worker_1,1.824,10.547,6.519,0,0,0,3.280,4.760,3.000,3.000,3.0,26.0,STRUCTURAL_HAZARD
2026-08-26T10:44:24.955Z,82.13,149.01,0.000,2.540,7.183,6.815,7.179,6.822,6.829,0.000,Worker_2,-4.290,-3.740,15.596,0,0,1,3.280,4.760,3.000,3.000,3.0,26.0,STRUCTURAL_HAZARD
2026-08-26T10:44:24.955Z,82.13,149.01,0.000,2.540,7.183,6.815,7.179,6.822,6.829,0.000,Worker_3,3.640,-7.120,14.391,0,0,1,3.280,4.760,3.000,3.000,3.0,26.0,STRUCTURAL_HAZARD
2026-08-26T10:44:25.075Z,82.25,149.01,0.000,2.540,7.183,6.815,7.179,6.822,6.829,0.000,Worker_1,1.590,10.602,6.743,0,0,0,3.280,4.760,3.000,3.000,3.0,26.0,STRUCTURAL_HAZARD
2026-08-26T10:44:25.075Z,82.25,149.01,0.000,2.540,7.183,6.815,7.179,6.822,6.829,0.000,Worker_2,-4.290,-3.740,15.596,0,0,1,3.280,4.760,3.000,3.000,3.0,26.0,STRUCTURAL_HAZARD
2026-08-26T10:44:25.075Z,82.25,149.01,0.000,2.540,7.183,6.815,7.179,6.822,6.829,0.000,Worker_3,3.640,-7.120,14.391,0,0,1,3.280,4.760,3.000,3.000,3.0,26.0,STRUCTURAL_HAZARD
2026-08-26T10:44:25.181Z,82.36,149.01,0.000,2.540,7.183,6.815,7.179,6.822,6.829,0.000,Worker_1,1.385,10.650,6.941,0,0,0,3.280,4.760,3.000,3.000,3.0,26.0,STRUCTURAL_HAZARD
2026-08-26T10:44:25.181Z,82.36,149.01,0.000,2.540,7.183,6.815,7.179,6.822,6.829,0.000,Worker_2,-4.290,-3.740,15.596,0,0,1,3.280,4.760,3.000,3.000,3.0,26.0,STRUCTURAL_HAZARD
2026-08-26T10:44:25.181Z,82.36,149.01,0.000,2.540,7.183,6.815,7.179,6.822,6.829,0.000,Worker_3,3.640,-7.120,14.391,0,0,1,3.280,4.760,3.000,3.000,3.0,26.0,STRUCTURAL_HAZARD
2026-08-26T10:44:25.287Z,82.46,149.01,0.000,2.540,7.183,6.815,7.179,6.822,6.829,0.000,Worker_1,1.178,10.699,7.141,0,0,0,3.280,4.760,3.000,3.000,3.0,26.0,STRUCTURAL_HAZARD
2026-08-26T10:44:25.287Z,82.46,149.01,0.000,2.540,7.183,6.815,7.179,6.822,6.829,0.000,Worker_2,-4.290,-3.740,15.596,0,0,1,3.280,4.760,3.000,3.000,3.0,26.0,STRUCTURAL_HAZARD
2026-08-26T10:44:25.287Z,82.46,149.01,0.000,2.540,7.183,6.815,7.179,6.822,6.829,0.000,Worker_3,3.640,-7.120,14.391,0,0,1,3.280,4.760,3.000,3.000,3.0,26.0,STRUCTURAL_HAZARD
2026-08-26T10:44:25.392Z,82.57,149.01,0.000,2.540,7.183,6.815,7.179,6.822,6.829,0.000,Worker_1,0.973,10.747,7.339,0,0,0,3.280,4.760,3.000,3.000,3.0,26.0,STRUCTURAL_HAZARD
2026-08-26T10:44:25.392Z,82.57,149.01,0.000,2.540,7.183,6.815,7.179,6.822,6.829,0.000,Worker_2,-4.290,-3.740,15.596,0,0,1,3.280,4.760,3.000,3.000,3.0,26.0,STRUCTURAL_HAZARD
2026-08-26T10:44:25.392Z,82.57,149.01,0.000,2.540,7.183,6.815,7.179,6.822,6.829,0.000,Worker_3,3.640,-7.120,14.391,0,0,1,3.280,4.760,3.000,3.000,3.0,26.0,STRUCTURAL_HAZARD
2026-08-26T10:44:25.492Z,82.67,149.01,0.000,2.540,7.183,6.815,7.179,6.822,6.829,0.000,Worker_1,0.778,10.793,7.529,0,0,0,3.280,4.760,3.000,3.000,3.0,26.0,STRUCTURAL_HAZARD
2026-08-26T10:44:25.492Z,82.67,149.01,0.000,2.540,7.183,6.815,7.179,6.822,6.829,0.000,Worker_2,-4.290,-3.740,15.596,0,0,1,3.280,4.760,3.000,3.000,3.0,26.0,STRUCTURAL_HAZARD
2026-08-26T10:44:25.492Z,82.67,149.01,0.000,2.540,7.183,6.815,7.179,6.822,6.829,0.000,Worker_3,3.640,-7.120,14.391,0,0,1,3.280,4.760,3.000,3.000,3.0,26.0,STRUCTURAL_HAZARD
2026-08-26T10:44:25.614Z,82.79,149.01,0.000,2.540,7.183,6.815,7.179,6.822,6.829,0.000,Worker_1,0.541,10.849,7.760,0,0,0,3.280,4.760,3.000,3.000,3.0,26.0,STRUCTURAL_HAZARD
2026-08-26T10:44:25.614Z,82.79,149.01,0.000,2.540,7.183,6.815,7.179,6.822,6.829,0.000,Worker_2,-4.290,-3.740,15.596,0,0,1,3.280,4.760,3.000,3.000,3.0,26.0,STRUCTURAL_HAZARD
2026-08-26T10:44:25.614Z,82.79,149.01,0.000,2.540,7.183,6.815,7.179,6.822,6.829,0.000,Worker_3,3.640,-7.120,14.391,0,0,1,3.280,4.760,3.000,3.000,3.0,26.0,STRUCTURAL_HAZARD
2026-08-26T10:44:25.719Z,82.90,149.01,0.000,2.540,7.183,6.815,7.179,6.822,6.829,0.000,Worker_1,0.336,10.897,7.961,0,0,0,3.280,4.760,3.000,3.000,3.0,26.0,STRUCTURAL_HAZARD
2026-08-26T10:44:25.719Z,82.90,149.01,0.000,2.540,7.183,6.815,7.179,6.822,6.829,0.000,Worker_2,-4.290,-3.740,15.596,0,0,1,3.280,4.760,3.000,3.000,3.0,26.0,STRUCTURAL_HAZARD
2026-08-26T10:44:25.719Z,82.90,149.01,0.000,2.540,7.183,6.815,7.179,6.822,6.829,0.000,Worker_3,3.640,-7.120,14.391,0,0,1,3.280,4.760,3.000,3.000,3.0,26.0,STRUCTURAL_HAZARD
2026-08-26T10:44:25.823Z,83.00,149.01,0.000,2.540,7.183,6.815,7.179,6.822,6.829,0.000,Worker_1,0.135,10.944,8.158,0,0,0,3.280,4.760,3.000,3.000,3.0,26.0,STRUCTURAL_HAZARD
2026-08-26T10:44:25.823Z,83.00,149.01,0.000,2.540,7.183,6.815,7.179,6.822,6.829,0.000,Worker_2,-4.290,-3.740,15.596,0,0,1,3.280,4.760,3.000,3.000,3.0,26.0,STRUCTURAL_HAZARD
2026-08-26T10:44:25.823Z,83.00,149.01,0.000,2.540,7.183,6.815,7.179,6.822,6.829,0.000,Worker_3,3.640,-7.120,14.391,0,0,1,3.280,4.760,3.000,3.000,3.0,26.0,STRUCTURAL_HAZARD
2026-08-26T10:44:25.943Z,83.12,149.01,0.000,2.540,7.183,6.815,7.179,6.822,6.829,0.000,Worker_1,-0.098,10.999,8.387,0,0,0,3.280,4.760,3.000,3.000,3.0,26.0,STRUCTURAL_HAZARD
2026-08-26T10:44:25.943Z,83.12,149.01,0.000,2.540,7.183,6.815,7.179,6.822,6.829,0.000,Worker_2,-4.290,-3.740,15.596,0,0,1,3.280,4.760,3.000,3.000,3.0,26.0,STRUCTURAL_HAZARD
2026-08-26T10:44:25.943Z,83.12,149.01,0.000,2.540,7.183,6.815,7.179,6.822,6.829,0.000,Worker_3,3.640,-7.120,14.391,0,0,1,3.280,4.760,3.000,3.000,3.0,26.0,STRUCTURAL_HAZARD
2026-08-26T10:44:26.044Z,83.22,149.01,0.000,2.540,7.183,6.815,7.179,6.822,6.829,0.000,Worker_1,-0.296,11.046,8.582,0,0,0,3.280,4.760,3.000,3.000,3.0,26.0,STRUCTURAL_HAZARD
2026-08-26T10:44:26.044Z,83.22,149.01,0.000,2.540,7.183,6.815,7.179,6.822,6.829,0.000,Worker_2,-4.290,-3.740,15.596,0,0,1,3.280,4.760,3.000,3.000,3.0,26.0,STRUCTURAL_HAZARD
2026-08-26T10:44:26.044Z,83.22,149.01,0.000,2.540,7.183,6.815,7.179,6.822,6.829,0.000,Worker_3,3.640,-7.120,14.391,0,0,1,3.280,4.760,3.000,3.000,3.0,26.0,STRUCTURAL_HAZARD
2026-08-26T10:44:26.148Z,83.32,149.01,0.000,2.540,7.183,6.815,7.179,6.822,6.829,0.000,Worker_1,-0.498,11.093,8.782,0,0,0,3.280,4.760,3.000,3.000,3.0,26.0,STRUCTURAL_HAZARD
2026-08-26T10:44:26.148Z,83.32,149.01,0.000,2.540,7.183,6.815,7.179,6.822,6.829,0.000,Worker_2,-4.290,-3.740,15.596,0,0,1,3.280,4.760,3.000,3.000,3.0,26.0,STRUCTURAL_HAZARD
2026-08-26T10:44:26.148Z,83.32,149.01,0.000,2.540,7.183,6.815,7.179,6.822,6.829,0.000,Worker_3,3.640,-7.120,14.391,0,0,1,3.280,4.760,3.000,3.000,3.0,26.0,STRUCTURAL_HAZARD
2026-08-26T10:44:26.252Z,83.43,149.01,0.000,2.540,7.183,6.815,7.179,6.822,6.829,0.000,Worker_1,-0.701,11.141,8.983,0,0,0,3.280,4.760,3.000,3.000,3.0,26.0,STRUCTURAL_HAZARD
2026-08-26T10:44:26.252Z,83.43,149.01,0.000,2.540,7.183,6.815,7.179,6.822,6.829,0.000,Worker_2,-4.290,-3.740,15.596,0,0,1,3.280,4.760,3.000,3.000,3.0,26.0,STRUCTURAL_HAZARD
2026-08-26T10:44:26.252Z,83.43,149.01,0.000,2.540,7.183,6.815,7.179,6.822,6.829,0.000,Worker_3,3.640,-7.120,14.391,0,0,1,3.280,4.760,3.000,3.000,3.0,26.0,STRUCTURAL_HAZARD
2026-08-26T10:44:26.353Z,83.53,149.01,0.000,2.540,7.183,6.815,7.179,6.822,6.829,0.000,Worker_1,-0.899,11.188,9.179,0,0,0,3.280,4.760,3.000,3.000,3.0,26.0,STRUCTURAL_HAZARD
2026-08-26T10:44:26.353Z,83.53,149.01,0.000,2.540,7.183,6.815,7.179,6.822,6.829,0.000,Worker_2,-4.290,-3.740,15.596,0,0,1,3.280,4.760,3.000,3.000,3.0,26.0,STRUCTURAL_HAZARD
2026-08-26T10:44:26.353Z,83.53,149.01,0.000,2.540,7.183,6.815,7.179,6.822,6.829,0.000,Worker_3,3.640,-7.120,14.391,0,0,1,3.280,4.760,3.000,3.000,3.0,26.0,STRUCTURAL_HAZARD
2026-08-26T10:44:26.456Z,83.63,149.01,0.000,2.540,7.183,6.815,7.179,6.822,6.829,0.000,Worker_1,-1.098,11.235,9.376,0,0,0,3.280,4.760,3.000,3.000,3.0,26.0,STRUCTURAL_HAZARD
2026-08-26T10:44:26.456Z,83.63,149.01,0.000,2.540,7.183,6.815,7.179,6.822,6.829,0.000,Worker_2,-4.290,-3.740,15.596,0,0,1,3.280,4.760,3.000,3.000,3.0,26.0,STRUCTURAL_HAZARD
2026-08-26T10:44:26.456Z,83.63,149.01,0.000,2.540,7.183,6.815,7.179,6.822,6.829,0.000,Worker_3,3.640,-7.120,14.391,0,0,1,3.280,4.760,3.000,3.000,3.0,26.0,STRUCTURAL_HAZARD
2026-08-26T10:44:26.558Z,83.73,149.01,0.000,2.540,7.183,6.815,7.179,6.822,6.829,0.000,Worker_1,-1.297,11.282,9.575,0,0,0,3.280,4.760,3.000,3.000,3.0,26.0,STRUCTURAL_HAZARD
2026-08-26T10:44:26.558Z,83.73,149.01,0.000,2.540,7.183,6.815,7.179,6.822,6.829,0.000,Worker_2,-4.290,-3.740,15.596,0,0,1,3.280,4.760,3.000,3.000,3.0,26.0,STRUCTURAL_HAZARD
2026-08-26T10:44:26.558Z,83.73,149.01,0.000,2.540,7.183,6.815,7.179,6.822,6.829,0.000,Worker_3,3.640,-7.120,14.391,0,0,1,3.280,4.760,3.000,3.000,3.0,26.0,STRUCTURAL_HAZARD
2026-08-26T10:44:26.679Z,83.85,149.01,0.000,2.540,7.183,6.815,7.179,6.822,6.829,0.000,Worker_1,-1.222,11.264,9.499,0,0,0,3.280,4.760,3.000,3.000,3.0,26.0,STRUCTURAL_HAZARD
2026-08-26T10:44:26.679Z,83.85,149.01,0.000,2.540,7.183,6.815,7.179,6.822,6.829,0.000,Worker_2,-4.290,-3.740,15.596,0,0,1,3.280,4.760,3.000,3.000,3.0,26.0,STRUCTURAL_HAZARD
2026-08-26T10:44:26.679Z,83.85,149.01,0.000,2.540,7.183,6.815,7.179,6.822,6.829,0.000,Worker_3,3.640,-7.120,14.391,0,0,1,3.280,4.760,3.000,3.000,3.0,26.0,STRUCTURAL_HAZARD
2026-08-26T10:44:26.780Z,83.96,149.01,0.000,2.540,7.183,6.815,7.179,6.822,6.829,0.000,Worker_1,-1.025,11.217,9.304,0,0,0,3.280,4.760,3.000,3.000,3.0,26.0,STRUCTURAL_HAZARD
2026-08-26T10:44:26.780Z,83.96,149.01,0.000,2.540,7.183,6.815,7.179,6.822,6.829,0.000,Worker_2,-4.290,-3.740,15.596,0,0,1,3.280,4.760,3.000,3.000,3.0,26.0,STRUCTURAL_HAZARD
2026-08-26T10:44:26.780Z,83.96,149.01,0.000,2.540,7.183,6.815,7.179,6.822,6.829,0.000,Worker_3,3.640,-7.120,14.391,0,0,1,3.280,4.760,3.000,3.000,3.0,26.0,STRUCTURAL_HAZARD
2026-08-26T10:44:26.886Z,84.06,149.01,0.000,2.540,7.183,6.815,7.179,6.822,6.829,0.000,Worker_1,-0.821,11.169,9.101,0,0,0,3.280,4.760,3.000,3.000,3.0,26.0,STRUCTURAL_HAZARD
2026-08-26T10:44:26.886Z,84.06,149.01,0.000,2.540,7.183,6.815,7.179,6.822,6.829,0.000,Worker_2,-4.290,-3.740,15.596,0,0,1,3.280,4.760,3.000,3.000,3.0,26.0,STRUCTURAL_HAZARD
2026-08-26T10:44:26.886Z,84.06,149.01,0.000,2.540,7.183,6.815,7.179,6.822,6.829,0.000,Worker_3,3.640,-7.120,14.391,0,0,1,3.280,4.760,3.000,3.000,3.0,26.0,STRUCTURAL_HAZARD
2026-08-26T10:44:26.985Z,84.16,149.01,0.000,2.540,7.183,6.815,7.179,6.822,6.829,0.000,Worker_1,-0.626,11.124,8.908,0,0,0,3.280,4.760,3.000,3.000,3.0,26.0,STRUCTURAL_HAZARD
2026-08-26T10:44:26.985Z,84.16,149.01,0.000,2.540,7.183,6.815,7.179,6.822,6.829,0.000,Worker_2,-4.290,-3.740,15.596,0,0,1,3.280,4.760,3.000,3.000,3.0,26.0,STRUCTURAL_HAZARD
2026-08-26T10:44:26.985Z,84.16,149.01,0.000,2.540,7.183,6.815,7.179,6.822,6.829,0.000,Worker_3,3.640,-7.120,14.391,0,0,1,3.280,4.760,3.000,3.000,3.0,26.0,STRUCTURAL_HAZARD
2026-08-26T10:44:27.089Z,84.26,149.01,0.000,2.540,7.183,6.815,7.179,6.822,6.829,0.000,Worker_1,-0.425,11.076,8.710,0,0,0,3.280,4.760,3.000,3.000,3.0,26.0,STRUCTURAL_HAZARD
2026-08-26T10:44:27.089Z,84.26,149.01,0.000,2.540,7.183,6.815,7.179,6.822,6.829,0.000,Worker_2,-4.290,-3.740,15.596,0,0,1,3.280,4.760,3.000,3.000,3.0,26.0,STRUCTURAL_HAZARD
2026-08-26T10:44:27.089Z,84.26,149.01,0.000,2.540,7.183,6.815,7.179,6.822,6.829,0.000,Worker_3,3.640,-7.120,14.391,0,0,1,3.280,4.760,3.000,3.000,3.0,26.0,STRUCTURAL_HAZARD
2026-08-26T10:44:27.190Z,84.37,149.01,0.000,2.540,7.183,6.815,7.179,6.822,6.829,0.000,Worker_1,-0.226,11.029,8.514,0,0,0,3.280,4.760,3.000,3.000,3.0,26.0,STRUCTURAL_HAZARD
2026-08-26T10:44:27.190Z,84.37,149.01,0.000,2.540,7.183,6.815,7.179,6.822,6.829,0.000,Worker_2,-4.290,-3.740,15.596,0,0,1,3.280,4.760,3.000,3.000,3.0,26.0,STRUCTURAL_HAZARD
2026-08-26T10:44:27.190Z,84.37,149.01,0.000,2.540,7.183,6.815,7.179,6.822,6.829,0.000,Worker_3,3.640,-7.120,14.391,0,0,1,3.280,4.760,3.000,3.000,3.0,26.0,STRUCTURAL_HAZARD
2026-08-26T10:44:27.291Z,84.47,149.01,0.000,2.540,7.183,6.815,7.179,6.822,6.829,0.000,Worker_1,-0.031,10.983,8.321,0,0,0,3.280,4.760,3.000,3.000,3.0,26.0,STRUCTURAL_HAZARD
2026-08-26T10:44:27.291Z,84.47,149.01,0.000,2.540,7.183,6.815,7.179,6.822,6.829,0.000,Worker_2,-4.290,-3.740,15.596,0,0,1,3.280,4.760,3.000,3.000,3.0,26.0,STRUCTURAL_HAZARD
2026-08-26T10:44:27.291Z,84.47,149.01,0.000,2.540,7.183,6.815,7.179,6.822,6.829,0.000,Worker_3,3.640,-7.120,14.391,0,0,1,3.280,4.760,3.000,3.000,3.0,26.0,STRUCTURAL_HAZARD
2026-08-26T10:44:27.396Z,84.57,149.01,0.000,2.540,7.183,6.815,7.179,6.822,6.829,0.000,Worker_1,0.174,10.935,8.120,0,0,0,3.280,4.760,3.000,3.000,3.0,26.0,STRUCTURAL_HAZARD
2026-08-26T10:44:27.396Z,84.57,149.01,0.000,2.540,7.183,6.815,7.179,6.822,6.829,0.000,Worker_2,-4.290,-3.740,15.596,0,0,1,3.280,4.760,3.000,3.000,3.0,26.0,STRUCTURAL_HAZARD
2026-08-26T10:44:27.396Z,84.57,149.01,0.000,2.540,7.183,6.815,7.179,6.822,6.829,0.000,Worker_3,3.640,-7.120,14.391,0,0,1,3.280,4.760,3.000,3.000,3.0,26.0,STRUCTURAL_HAZARD
2026-08-26T10:44:27.515Z,84.69,149.01,0.000,2.540,7.183,6.815,7.179,6.822,6.829,0.000,Worker_1,0.407,10.880,7.892,0,0,0,3.280,4.760,3.000,3.000,3.0,26.0,STRUCTURAL_HAZARD
2026-08-26T10:44:27.515Z,84.69,149.01,0.000,2.540,7.183,6.815,7.179,6.822,6.829,0.000,Worker_2,-4.290,-3.740,15.596,0,0,1,3.280,4.760,3.000,3.000,3.0,26.0,STRUCTURAL_HAZARD
2026-08-26T10:44:27.515Z,84.69,149.01,0.000,2.540,7.183,6.815,7.179,6.822,6.829,0.000,Worker_3,3.640,-7.120,14.391,0,0,1,3.280,4.760,3.000,3.000,3.0,26.0,STRUCTURAL_HAZARD
2026-08-26T10:44:27.618Z,84.79,149.01,0.000,2.540,7.183,6.815,7.179,6.822,6.829,0.000,Worker_1,0.607,10.833,7.696,0,0,0,3.280,4.760,3.000,3.000,3.0,26.0,STRUCTURAL_HAZARD
2026-08-26T10:44:27.618Z,84.79,149.01,0.000,2.540,7.183,6.815,7.179,6.822,6.829,0.000,Worker_2,-4.290,-3.740,15.596,0,0,1,3.280,4.760,3.000,3.000,3.0,26.0,STRUCTURAL_HAZARD
2026-08-26T10:44:27.618Z,84.79,149.01,0.000,2.540,7.183,6.815,7.179,6.822,6.829,0.000,Worker_3,3.640,-7.120,14.391,0,0,1,3.280,4.760,3.000,3.000,3.0,26.0,STRUCTURAL_HAZARD
2026-08-26T10:44:27.721Z,84.90,149.01,0.000,2.540,7.183,6.815,7.179,6.822,6.829,0.000,Worker_1,0.807,10.786,7.501,0,0,0,3.280,4.760,3.000,3.000,3.0,26.0,STRUCTURAL_HAZARD
2026-08-26T10:44:27.721Z,84.90,149.01,0.000,2.540,7.183,6.815,7.179,6.822,6.829,0.000,Worker_2,-4.290,-3.740,15.596,0,0,1,3.280,4.760,3.000,3.000,3.0,26.0,STRUCTURAL_HAZARD
2026-08-26T10:44:27.721Z,84.90,149.01,0.000,2.540,7.183,6.815,7.179,6.822,6.829,0.000,Worker_3,3.640,-7.120,14.391,0,0,1,3.280,4.760,3.000,3.000,3.0,26.0,STRUCTURAL_HAZARD
2026-08-26T10:44:27.823Z,85.00,149.01,0.000,2.540,7.183,6.815,7.179,6.822,6.829,0.000,Worker_1,1.005,10.739,7.308,0,0,0,3.280,4.760,3.000,3.000,3.0,26.0,STRUCTURAL_HAZARD
2026-08-26T10:44:27.823Z,85.00,149.01,0.000,2.540,7.183,6.815,7.179,6.822,6.829,0.000,Worker_2,-4.290,-3.740,15.596,0,0,1,3.280,4.760,3.000,3.000,3.0,26.0,STRUCTURAL_HAZARD
2026-08-26T10:44:27.823Z,85.00,149.01,0.000,2.540,7.183,6.815,7.179,6.822,6.829,0.000,Worker_3,3.640,-7.120,14.391,0,0,1,3.280,4.760,3.000,3.000,3.0,26.0,STRUCTURAL_HAZARD
2026-08-26T10:44:27.925Z,85.10,149.01,0.000,2.540,7.183,6.815,7.179,6.822,6.829,0.000,Worker_1,1.206,10.692,7.114,0,0,0,3.280,4.760,3.000,3.000,3.0,26.0,STRUCTURAL_HAZARD
2026-08-26T10:44:27.925Z,85.10,149.01,0.000,2.540,7.183,6.815,7.179,6.822,6.829,0.000,Worker_2,-4.290,-3.740,15.596,0,0,1,3.280,4.760,3.000,3.000,3.0,26.0,STRUCTURAL_HAZARD
2026-08-26T10:44:27.925Z,85.10,149.01,0.000,2.540,7.183,6.815,7.179,6.822,6.829,0.000,Worker_3,3.640,-7.120,14.391,0,0,1,3.280,4.760,3.000,3.000,3.0,26.0,STRUCTURAL_HAZARD
2026-08-26T10:44:28.026Z,85.20,149.01,0.000,2.540,7.183,6.815,7.179,6.822,6.829,0.000,Worker_1,1.401,10.646,6.925,0,0,0,3.280,4.760,3.000,3.000,3.0,26.0,STRUCTURAL_HAZARD
2026-08-26T10:44:28.026Z,85.20,149.01,0.000,2.540,7.183,6.815,7.179,6.822,6.829,0.000,Worker_2,-4.290,-3.740,15.596,0,0,1,3.280,4.760,3.000,3.000,3.0,26.0,STRUCTURAL_HAZARD
2026-08-26T10:44:28.026Z,85.20,149.01,0.000,2.540,7.183,6.815,7.179,6.822,6.829,0.000,Worker_3,3.640,-7.120,14.391,0,0,1,3.280,4.760,3.000,3.000,3.0,26.0,STRUCTURAL_HAZARD
2026-08-26T10:44:28.126Z,85.30,149.01,0.000,2.540,7.183,6.815,7.179,6.822,6.829,0.000,Worker_1,1.596,10.600,6.737,0,0,0,3.280,4.760,3.000,3.000,3.0,26.0,STRUCTURAL_HAZARD
2026-08-26T10:44:28.126Z,85.30,149.01,0.000,2.540,7.183,6.815,7.179,6.822,6.829,0.000,Worker_2,-4.290,-3.740,15.596,0,0,1,3.280,4.760,3.000,3.000,3.0,26.0,STRUCTURAL_HAZARD
2026-08-26T10:44:28.126Z,85.30,149.01,0.000,2.540,7.183,6.815,7.179,6.822,6.829,0.000,Worker_3,3.640,-7.120,14.391,0,0,1,3.280,4.760,3.000,3.000,3.0,26.0,STRUCTURAL_HAZARD
2026-08-26T10:44:28.228Z,85.40,149.01,0.000,2.540,7.183,6.815,7.179,6.822,6.829,0.000,Worker_1,1.794,10.554,6.548,0,0,0,3.280,4.760,3.000,3.000,3.0,26.0,STRUCTURAL_HAZARD
2026-08-26T10:44:28.228Z,85.40,149.01,0.000,2.540,7.183,6.815,7.179,6.822,6.829,0.000,Worker_2,-4.290,-3.740,15.596,0,0,1,3.280,4.760,3.000,3.000,3.0,26.0,STRUCTURAL_HAZARD
2026-08-26T10:44:28.228Z,85.40,149.01,0.000,2.540,7.183,6.815,7.179,6.822,6.829,0.000,Worker_3,3.640,-7.120,14.391,0,0,1,3.280,4.760,3.000,3.000,3.0,26.0,STRUCTURAL_HAZARD
2026-08-26T10:44:28.334Z,85.51,149.01,0.000,2.540,7.183,6.815,7.179,6.822,6.829,0.000,Worker_1,2.001,10.505,6.351,0,0,0,3.280,4.760,3.000,3.000,3.0,26.0,STRUCTURAL_HAZARD
2026-08-26T10:44:28.334Z,85.51,149.01,0.000,2.540,7.183,6.815,7.179,6.822,6.829,0.000,Worker_2,-4.290,-3.740,15.596,0,0,1,3.280,4.760,3.000,3.000,3.0,26.0,STRUCTURAL_HAZARD
2026-08-26T10:44:28.334Z,85.51,149.01,0.000,2.540,7.183,6.815,7.179,6.822,6.829,0.000,Worker_3,3.640,-7.120,14.391,0,0,1,3.280,4.760,3.000,3.000,3.0,26.0,STRUCTURAL_HAZARD
2026-08-26T10:44:28.436Z,85.61,149.01,0.000,2.540,7.183,6.815,7.179,6.822,6.829,0.000,Worker_1,2.198,10.459,6.163,0,0,0,3.280,4.760,3.000,3.000,3.0,26.0,STRUCTURAL_HAZARD
2026-08-26T10:44:28.436Z,85.61,149.01,0.000,2.540,7.183,6.815,7.179,6.822,6.829,0.000,Worker_2,-4.290,-3.740,15.596,0,0,1,3.280,4.760,3.000,3.000,3.0,26.0,STRUCTURAL_HAZARD
2026-08-26T10:44:28.436Z,85.61,149.01,0.000,2.540,7.183,6.815,7.179,6.822,6.829,0.000,Worker_3,3.640,-7.120,14.391,0,0,1,3.280,4.760,3.000,3.000,3.0,26.0,STRUCTURAL_HAZARD
2026-08-26T10:44:28.537Z,85.71,149.01,0.000,2.540,7.183,6.815,7.179,6.822,6.829,0.000,Worker_1,2.394,10.412,5.978,0,0,0,3.280,4.760,3.000,3.000,3.0,26.0,STRUCTURAL_HAZARD
2026-08-26T10:44:28.537Z,85.71,149.01,0.000,2.540,7.183,6.815,7.179,6.822,6.829,0.000,Worker_2,-4.290,-3.740,15.596,0,0,1,3.280,4.760,3.000,3.000,3.0,26.0,STRUCTURAL_HAZARD
2026-08-26T10:44:28.537Z,85.71,149.01,0.000,2.540,7.183,6.815,7.179,6.822,6.829,0.000,Worker_3,3.640,-7.120,14.391,0,0,1,3.280,4.760,3.000,3.000,3.0,26.0,STRUCTURAL_HAZARD
2026-08-26T10:44:28.639Z,85.81,149.01,0.000,2.540,7.183,6.815,7.179,6.822,6.829,0.000,Worker_1,2.594,10.365,5.790,0,0,0,3.280,4.760,3.000,3.000,3.0,26.0,STRUCTURAL_HAZARD
2026-08-26T10:44:28.639Z,85.81,149.01,0.000,2.540,7.183,6.815,7.179,6.822,6.829,0.000,Worker_2,-4.290,-3.740,15.596,0,0,1,3.280,4.760,3.000,3.000,3.0,26.0,STRUCTURAL_HAZARD
2026-08-26T10:44:28.639Z,85.81,149.01,0.000,2.540,7.183,6.815,7.179,6.822,6.829,0.000,Worker_3,3.640,-7.120,14.391,0,0,1,3.280,4.760,3.000,3.000,3.0,26.0,STRUCTURAL_HAZARD
2026-08-26T10:44:28.739Z,85.92,149.01,0.000,2.540,7.183,6.815,7.179,6.822,6.829,0.000,Worker_1,2.790,10.319,5.608,0,0,1,3.280,4.760,3.000,3.000,3.0,26.0,STRUCTURAL_HAZARD
2026-08-26T10:44:28.739Z,85.92,149.01,0.000,2.540,7.183,6.815,7.179,6.822,6.829,0.000,Worker_2,-4.290,-3.740,15.596,0,0,1,3.280,4.760,3.000,3.000,3.0,26.0,STRUCTURAL_HAZARD
2026-08-26T10:44:28.739Z,85.92,149.01,0.000,2.540,7.183,6.815,7.179,6.822,6.829,0.000,Worker_3,3.640,-7.120,14.391,0,0,1,3.280,4.760,3.000,3.000,3.0,26.0,STRUCTURAL_HAZARD
2026-08-26T10:44:28.861Z,86.04,149.01,0.000,2.540,7.183,6.815,7.179,6.822,6.829,0.000,Worker_1,3.026,10.264,5.390,0,1,1,3.280,4.760,3.000,3.000,3.0,26.0,STRUCTURAL_HAZARD
2026-08-26T10:44:28.861Z,86.04,149.01,0.000,2.540,7.183,6.815,7.179,6.822,6.829,0.000,Worker_2,-4.290,-3.740,15.596,0,0,1,3.280,4.760,3.000,3.000,3.0,26.0,STRUCTURAL_HAZARD
2026-08-26T10:44:28.861Z,86.04,149.01,0.000,2.540,7.183,6.815,7.179,6.822,6.829,0.000,Worker_3,3.640,-7.120,14.391,0,0,1,3.280,4.760,3.000,3.000,3.0,26.0,STRUCTURAL_HAZARD
2026-08-26T10:44:28.961Z,86.14,149.01,0.000,2.540,7.183,6.815,7.179,6.822,6.829,0.000,Worker_1,3.221,10.218,5.210,0,1,1,3.280,4.760,3.000,3.000,3.0,26.0,STRUCTURAL_HAZARD
2026-08-26T10:44:28.961Z,86.14,149.01,0.000,2.540,7.183,6.815,7.179,6.822,6.829,0.000,Worker_2,-4.290,-3.740,15.596,0,0,1,3.280,4.760,3.000,3.000,3.0,26.0,STRUCTURAL_HAZARD
2026-08-26T10:44:28.961Z,86.14,149.01,0.000,2.540,7.183,6.815,7.179,6.822,6.829,0.000,Worker_3,3.640,-7.120,14.391,0,0,1,3.280,4.760,3.000,3.000,3.0,26.0,STRUCTURAL_HAZARD
2026-08-26T10:44:29.080Z,86.26,149.01,0.000,2.540,7.183,6.815,7.179,6.822,6.829,0.000,Worker_1,3.453,10.163,5.000,0,1,1,3.280,4.760,3.000,3.000,3.0,26.0,STRUCTURAL_HAZARD
2026-08-26T10:44:29.080Z,86.26,149.01,0.000,2.540,7.183,6.815,7.179,6.822,6.829,0.000,Worker_2,-4.290,-3.740,15.596,0,0,1,3.280,4.760,3.000,3.000,3.0,26.0,STRUCTURAL_HAZARD
2026-08-26T10:44:29.080Z,86.26,149.01,0.000,2.540,7.183,6.815,7.179,6.822,6.829,0.000,Worker_3,3.640,-7.120,14.391,0,0,1,3.280,4.760,3.000,3.000,3.0,26.0,STRUCTURAL_HAZARD
2026-08-26T10:44:29.181Z,86.36,149.01,0.000,2.540,7.183,6.815,7.179,6.822,6.829,0.000,Worker_1,3.649,10.117,4.824,0,1,1,3.280,4.760,3.000,3.000,3.0,26.0,STRUCTURAL_HAZARD
2026-08-26T10:44:29.181Z,86.36,149.01,0.000,2.540,7.183,6.815,7.179,6.822,6.829,0.000,Worker_2,-4.290,-3.740,15.596,0,0,1,3.280,4.760,3.000,3.000,3.0,26.0,STRUCTURAL_HAZARD
2026-08-26T10:44:29.181Z,86.36,149.01,0.000,2.540,7.183,6.815,7.179,6.822,6.829,0.000,Worker_3,3.640,-7.120,14.391,0,0,1,3.280,4.760,3.000,3.000,3.0,26.0,STRUCTURAL_HAZARD
2026-08-26T10:44:29.282Z,86.46,149.01,0.000,2.540,7.183,6.815,7.179,6.822,6.829,0.000,Worker_1,3.846,10.070,4.650,0,1,1,3.280,4.760,3.000,3.000,3.0,26.0,STRUCTURAL_HAZARD
2026-08-26T10:44:29.282Z,86.46,149.01,0.000,2.540,7.183,6.815,7.179,6.822,6.829,0.000,Worker_2,-4.290,-3.740,15.596,0,0,1,3.280,4.760,3.000,3.000,3.0,26.0,STRUCTURAL_HAZARD
2026-08-26T10:44:29.282Z,86.46,149.01,0.000,2.540,7.183,6.815,7.179,6.822,6.829,0.000,Worker_3,3.640,-7.120,14.391,0,0,1,3.280,4.760,3.000,3.000,3.0,26.0,STRUCTURAL_HAZARD
2026-08-26T10:44:29.383Z,86.56,149.01,0.000,2.540,7.183,6.815,7.179,6.822,6.829,0.000,Worker_1,4.043,10.024,4.477,0,1,1,3.280,4.760,3.000,3.000,3.0,26.0,STRUCTURAL_HAZARD
2026-08-26T10:44:29.383Z,86.56,149.01,0.000,2.540,7.183,6.815,7.179,6.822,6.829,0.000,Worker_2,-4.290,-3.740,15.596,0,0,1,3.280,4.760,3.000,3.000,3.0,26.0,STRUCTURAL_HAZARD
2026-08-26T10:44:29.383Z,86.56,149.01,0.000,2.540,7.183,6.815,7.179,6.822,6.829,0.000,Worker_3,3.640,-7.120,14.391,0,0,1,3.280,4.760,3.000,3.000,3.0,26.0,STRUCTURAL_HAZARD
2026-08-26T10:44:29.483Z,86.66,149.01,0.000,2.540,7.183,6.815,7.179,6.822,6.829,0.000,Worker_1,4.238,9.978,4.309,0,1,1,3.280,4.760,3.000,3.000,3.0,26.0,STRUCTURAL_HAZARD
2026-08-26T10:44:29.483Z,86.66,149.01,0.000,2.540,7.183,6.815,7.179,6.822,6.829,0.000,Worker_2,-4.290,-3.740,15.596,0,0,1,3.280,4.760,3.000,3.000,3.0,26.0,STRUCTURAL_HAZARD
2026-08-26T10:44:29.483Z,86.66,149.01,0.000,2.540,7.183,6.815,7.179,6.822,6.829,0.000,Worker_3,3.640,-7.120,14.391,0,0,1,3.280,4.760,3.000,3.000,3.0,26.0,STRUCTURAL_HAZARD
2026-08-26T10:44:29.603Z,86.78,149.01,0.000,2.540,7.183,6.815,7.179,6.822,6.829,0.000,Worker_1,4.470,9.923,4.113,0,1,1,3.280,4.760,3.000,3.000,3.0,26.0,STRUCTURAL_HAZARD
2026-08-26T10:44:29.603Z,86.78,149.01,0.000,2.540,7.183,6.815,7.179,6.822,6.829,0.000,Worker_2,-4.290,-3.740,15.596,0,0,1,3.280,4.760,3.000,3.000,3.0,26.0,STRUCTURAL_HAZARD
2026-08-26T10:44:29.603Z,86.78,149.01,0.000,2.540,7.183,6.815,7.179,6.822,6.829,0.000,Worker_3,3.640,-7.120,14.391,0,0,1,3.280,4.760,3.000,3.000,3.0,26.0,STRUCTURAL_HAZARD
2026-08-26T10:44:29.703Z,86.88,149.01,0.000,2.540,7.183,6.815,7.179,6.822,6.829,0.000,Worker_1,4.666,9.877,3.951,0,1,1,3.280,4.760,3.000,3.000,3.0,26.0,STRUCTURAL_HAZARD
2026-08-26T10:44:29.703Z,86.88,149.01,0.000,2.540,7.183,6.815,7.179,6.822,6.829,0.000,Worker_2,-4.290,-3.740,15.596,0,0,1,3.280,4.760,3.000,3.000,3.0,26.0,STRUCTURAL_HAZARD
2026-08-26T10:44:29.703Z,86.88,149.01,0.000,2.540,7.183,6.815,7.179,6.822,6.829,0.000,Worker_3,3.640,-7.120,14.391,0,0,1,3.280,4.760,3.000,3.000,3.0,26.0,STRUCTURAL_HAZARD
2026-08-26T10:44:29.821Z,87.00,149.01,0.000,2.540,7.183,6.815,7.179,6.822,6.829,0.000,Worker_1,4.896,9.823,3.765,0,1,1,3.280,4.760,3.000,3.000,3.0,26.0,STRUCTURAL_HAZARD
2026-08-26T10:44:29.821Z,87.00,149.01,0.000,2.540,7.183,6.815,7.179,6.822,6.829,0.000,Worker_2,-4.290,-3.740,15.596,0,0,1,3.280,4.760,3.000,3.000,3.0,26.0,STRUCTURAL_HAZARD
2026-08-26T10:44:29.821Z,87.00,149.01,0.000,2.540,7.183,6.815,7.179,6.822,6.829,0.000,Worker_3,3.640,-7.120,14.391,0,0,1,3.280,4.760,3.000,3.000,3.0,26.0,STRUCTURAL_HAZARD
2026-08-26T10:44:29.922Z,87.10,149.01,0.000,2.540,7.183,6.815,7.179,6.822,6.829,0.000,Worker_1,5.092,9.777,3.612,0,1,1,3.280,4.760,3.000,3.000,3.0,26.0,STRUCTURAL_HAZARD
2026-08-26T10:44:29.922Z,87.10,149.01,0.000,2.540,7.183,6.815,7.179,6.822,6.829,0.000,Worker_2,-4.290,-3.740,15.596,0,0,1,3.280,4.760,3.000,3.000,3.0,26.0,STRUCTURAL_HAZARD
2026-08-26T10:44:29.922Z,87.10,149.01,0.000,2.540,7.183,6.815,7.179,6.822,6.829,0.000,Worker_3,3.640,-7.120,14.391,0,0,1,3.280,4.760,3.000,3.000,3.0,26.0,STRUCTURAL_HAZARD
2026-08-26T10:44:30.026Z,87.20,149.01,0.000,2.540,7.183,6.815,7.179,6.822,6.829,0.000,Worker_1,5.292,9.730,3.461,0,1,1,3.280,4.760,3.000,3.000,3.0,26.0,STRUCTURAL_HAZARD
2026-08-26T10:44:30.026Z,87.20,149.01,0.000,2.540,7.183,6.815,7.179,6.822,6.829,0.000,Worker_2,-4.290,-3.740,15.596,0,0,1,3.280,4.760,3.000,3.000,3.0,26.0,STRUCTURAL_HAZARD
2026-08-26T10:44:30.026Z,87.20,149.01,0.000,2.540,7.183,6.815,7.179,6.822,6.829,0.000,Worker_3,3.640,-7.120,14.391,0,0,1,3.280,4.760,3.000,3.000,3.0,26.0,STRUCTURAL_HAZARD
2026-08-26T10:44:30.132Z,87.31,149.01,0.000,2.540,7.183,6.815,7.179,6.822,6.829,0.000,Worker_1,5.498,9.681,3.311,0,1,1,3.280,4.760,3.000,3.000,3.0,26.0,STRUCTURAL_HAZARD
2026-08-26T10:44:30.132Z,87.31,149.01,0.000,2.540,7.183,6.815,7.179,6.822,6.829,0.000,Worker_2,-4.290,-3.740,15.596,0,0,1,3.280,4.760,3.000,3.000,3.0,26.0,STRUCTURAL_HAZARD
2026-08-26T10:44:30.132Z,87.31,149.01,0.000,2.540,7.183,6.815,7.179,6.822,6.829,0.000,Worker_3,3.640,-7.120,14.391,0,0,1,3.280,4.760,3.000,3.000,3.0,26.0,STRUCTURAL_HAZARD
2026-08-26T10:44:30.239Z,87.41,149.01,0.000,2.540,7.183,6.815,7.179,6.822,6.829,0.000,Worker_1,5.707,9.632,3.166,0,1,1,3.280,4.760,3.000,3.000,3.0,26.0,STRUCTURAL_HAZARD
2026-08-26T10:44:30.239Z,87.41,149.01,0.000,2.540,7.183,6.815,7.179,6.822,6.829,0.000,Worker_2,-4.290,-3.740,15.596,0,0,1,3.280,4.760,3.000,3.000,3.0,26.0,STRUCTURAL_HAZARD
2026-08-26T10:44:30.239Z,87.41,149.01,0.000,2.540,7.183,6.815,7.179,6.822,6.829,0.000,Worker_3,3.640,-7.120,14.391,0,0,1,3.280,4.760,3.000,3.000,3.0,26.0,STRUCTURAL_HAZARD
2026-08-26T10:44:30.352Z,87.53,149.01,0.000,2.540,7.183,6.815,7.179,6.822,6.829,0.000,Worker_1,5.927,9.580,3.023,0,1,1,3.280,4.760,3.000,3.000,3.0,26.0,STRUCTURAL_HAZARD
2026-08-26T10:44:30.352Z,87.53,149.01,0.000,2.540,7.183,6.815,7.179,6.822,6.829,0.000,Worker_2,-4.290,-3.740,15.596,0,0,1,3.280,4.760,3.000,3.000,3.0,26.0,STRUCTURAL_HAZARD
2026-08-26T10:44:30.352Z,87.53,149.01,0.000,2.540,7.183,6.815,7.179,6.822,6.829,0.000,Worker_3,3.640,-7.120,14.391,0,0,1,3.280,4.760,3.000,3.000,3.0,26.0,STRUCTURAL_HAZARD
2026-08-26T10:44:30.461Z,87.64,149.01,0.000,2.540,7.183,6.815,7.179,6.822,6.829,0.000,Worker_1,6.141,9.530,2.894,1,1,1,3.280,4.760,3.000,3.000,3.0,26.0,CRITICAL_BLINDSPOT
2026-08-26T10:44:30.461Z,87.64,149.01,0.000,2.540,7.183,6.815,7.179,6.822,6.829,0.000,Worker_2,-4.290,-3.740,15.596,0,0,1,3.280,4.760,3.000,3.000,3.0,26.0,STRUCTURAL_HAZARD
2026-08-26T10:44:30.461Z,87.64,149.01,0.000,2.540,7.183,6.815,7.179,6.822,6.829,0.000,Worker_3,3.640,-7.120,14.391,0,0,1,3.280,4.760,3.000,3.000,3.0,26.0,STRUCTURAL_HAZARD
2026-08-26T10:44:30.570Z,87.75,149.01,0.000,2.540,7.183,6.815,7.179,6.822,6.829,0.000,Worker_1,6.352,9.480,2.777,1,1,1,3.280,4.760,3.000,3.000,3.0,26.0,CRITICAL_BLINDSPOT
2026-08-26T10:44:30.570Z,87.75,149.01,0.000,2.540,7.183,6.815,7.179,6.822,6.829,0.000,Worker_2,-4.290,-3.740,15.596,0,0,1,3.280,4.760,3.000,3.000,3.0,26.0,STRUCTURAL_HAZARD
2026-08-26T10:44:30.570Z,87.75,149.01,0.000,2.540,7.183,6.815,7.179,6.822,6.829,0.000,Worker_3,3.640,-7.120,14.391,0,0,1,3.280,4.760,3.000,3.000,3.0,26.0,STRUCTURAL_HAZARD
2026-08-26T10:44:30.677Z,87.85,149.01,0.000,2.540,7.183,6.815,7.179,6.822,6.829,0.000,Worker_1,6.560,9.431,2.675,1,1,1,3.280,4.760,3.000,3.000,3.0,26.0,CRITICAL_BLINDSPOT
2026-08-26T10:44:30.677Z,87.85,149.01,0.000,2.540,7.183,6.815,7.179,6.822,6.829,0.000,Worker_2,-4.290,-3.740,15.596,0,0,1,3.280,4.760,3.000,3.000,3.0,26.0,STRUCTURAL_HAZARD
2026-08-26T10:44:30.677Z,87.85,149.01,0.000,2.540,7.183,6.815,7.179,6.822,6.829,0.000,Worker_3,3.640,-7.120,14.391,0,0,1,3.280,4.760,3.000,3.000,3.0,26.0,STRUCTURAL_HAZARD
2026-08-26T10:44:30.787Z,87.96,149.01,0.000,2.540,7.183,6.815,7.179,6.822,6.829,0.000,Worker_1,6.775,9.381,2.584,1,1,1,3.280,4.760,3.000,3.000,3.0,26.0,CRITICAL_BLINDSPOT
2026-08-26T10:44:30.787Z,87.96,149.01,0.000,2.540,7.183,6.815,7.179,6.822,6.829,0.000,Worker_2,-4.290,-3.740,15.596,0,0,1,3.280,4.760,3.000,3.000,3.0,26.0,STRUCTURAL_HAZARD
2026-08-26T10:44:30.787Z,87.96,149.01,0.000,2.540,7.183,6.815,7.179,6.822,6.829,0.000,Worker_3,3.640,-7.120,14.391,0,0,1,3.280,4.760,3.000,3.000,3.0,26.0,STRUCTURAL_HAZARD
2026-08-26T10:44:30.893Z,88.07,149.01,0.000,2.540,7.183,6.815,7.179,6.822,6.829,0.000,Worker_1,6.980,9.332,2.511,1,1,1,3.280,4.760,3.000,3.000,3.0,26.0,CRITICAL_BLINDSPOT
2026-08-26T10:44:30.893Z,88.07,149.01,0.000,2.540,7.183,6.815,7.179,6.822,6.829,0.000,Worker_2,-4.290,-3.740,15.596,0,0,1,3.280,4.760,3.000,3.000,3.0,26.0,STRUCTURAL_HAZARD
2026-08-26T10:44:30.893Z,88.07,149.01,0.000,2.540,7.183,6.815,7.179,6.822,6.829,0.000,Worker_3,3.640,-7.120,14.391,0,0,1,3.280,4.760,3.000,3.000,3.0,26.0,STRUCTURAL_HAZARD
2026-08-26T10:44:30.998Z,88.17,149.01,0.000,2.540,7.183,6.815,7.179,6.822,6.829,0.000,Worker_1,7.185,9.284,2.455,1,1,1,3.280,4.760,3.000,3.000,3.0,26.0,CRITICAL_BLINDSPOT
2026-08-26T10:44:30.998Z,88.17,149.01,0.000,2.540,7.183,6.815,7.179,6.822,6.829,0.000,Worker_2,-4.290,-3.740,15.596,0,0,1,3.280,4.760,3.000,3.000,3.0,26.0,STRUCTURAL_HAZARD
2026-08-26T10:44:30.998Z,88.17,149.01,0.000,2.540,7.183,6.815,7.179,6.822,6.829,0.000,Worker_3,3.640,-7.120,14.391,0,0,1,3.280,4.760,3.000,3.000,3.0,26.0,STRUCTURAL_HAZARD
2026-08-26T10:44:31.101Z,88.28,149.01,0.000,2.540,7.183,6.815,7.179,6.822,6.829,0.000,Worker_1,7.387,9.237,2.417,1,1,1,3.280,4.760,3.000,3.000,3.0,26.0,CRITICAL_BLINDSPOT
2026-08-26T10:44:31.101Z,88.28,149.01,0.000,2.540,7.183,6.815,7.179,6.822,6.829,0.000,Worker_2,-4.290,-3.740,15.596,0,0,1,3.280,4.760,3.000,3.000,3.0,26.0,STRUCTURAL_HAZARD
2026-08-26T10:44:31.101Z,88.28,149.01,0.000,2.540,7.183,6.815,7.179,6.822,6.829,0.000,Worker_3,3.640,-7.120,14.391,0,0,1,3.280,4.760,3.000,3.000,3.0,26.0,STRUCTURAL_HAZARD
2026-08-26T10:44:31.209Z,88.38,149.01,0.000,2.540,7.183,6.815,7.179,6.822,6.829,0.000,Worker_1,7.597,9.187,2.395,1,1,1,3.280,4.760,3.000,3.000,3.0,26.0,CRITICAL_BLINDSPOT
2026-08-26T10:44:31.209Z,88.38,149.01,0.000,2.540,7.183,6.815,7.179,6.822,6.829,0.000,Worker_2,-4.290,-3.740,15.596,0,0,1,3.280,4.760,3.000,3.000,3.0,26.0,STRUCTURAL_HAZARD
2026-08-26T10:44:31.209Z,88.38,149.01,0.000,2.540,7.183,6.815,7.179,6.822,6.829,0.000,Worker_3,3.640,-7.120,14.391,0,0,1,3.280,4.760,3.000,3.000,3.0,26.0,STRUCTURAL_HAZARD
2026-08-26T10:44:31.320Z,88.49,149.01,0.000,2.540,7.183,6.815,7.179,6.822,6.829,0.000,Worker_1,7.811,9.137,2.393,1,1,1,3.280,4.760,3.000,3.000,3.0,26.0,CRITICAL_BLINDSPOT
2026-08-26T10:44:31.320Z,88.49,149.01,0.000,2.540,7.183,6.815,7.179,6.822,6.829,0.000,Worker_2,-4.290,-3.740,15.596,0,0,1,3.280,4.760,3.000,3.000,3.0,26.0,STRUCTURAL_HAZARD
2026-08-26T10:44:31.320Z,88.49,149.01,0.000,2.540,7.183,6.815,7.179,6.822,6.829,0.000,Worker_3,3.640,-7.120,14.391,0,0,1,3.280,4.760,3.000,3.000,3.0,26.0,STRUCTURAL_HAZARD
2026-08-26T10:44:31.430Z,88.61,149.01,0.000,2.540,7.183,6.815,7.179,6.822,6.829,0.000,Worker_1,8.028,9.086,2.411,1,1,1,3.280,4.760,3.000,3.000,3.0,26.0,CRITICAL_BLINDSPOT
2026-08-26T10:44:31.430Z,88.61,149.01,0.000,2.540,7.183,6.815,7.179,6.822,6.829,0.000,Worker_2,-4.290,-3.740,15.596,0,0,1,3.280,4.760,3.000,3.000,3.0,26.0,STRUCTURAL_HAZARD
2026-08-26T10:44:31.430Z,88.61,149.01,0.000,2.540,7.183,6.815,7.179,6.822,6.829,0.000,Worker_3,3.640,-7.120,14.391,0,0,1,3.280,4.760,3.000,3.000,3.0,26.0,STRUCTURAL_HAZARD
2026-08-26T10:44:31.541Z,88.71,149.01,0.000,2.540,7.183,6.815,7.179,6.822,6.829,0.000,Worker_1,8.239,9.036,2.448,1,1,1,3.280,4.760,3.000,3.000,3.0,26.0,CRITICAL_BLINDSPOT
2026-08-26T10:44:31.541Z,88.71,149.01,0.000,2.540,7.183,6.815,7.179,6.822,6.829,0.000,Worker_2,-4.290,-3.740,15.596,0,0,1,3.280,4.760,3.000,3.000,3.0,26.0,STRUCTURAL_HAZARD
2026-08-26T10:44:31.541Z,88.71,149.01,0.000,2.540,7.183,6.815,7.179,6.822,6.829,0.000,Worker_3,3.640,-7.120,14.391,0,0,1,3.280,4.760,3.000,3.000,3.0,26.0,STRUCTURAL_HAZARD
2026-08-26T10:44:31.655Z,88.83,149.01,0.000,2.540,7.183,6.815,7.179,6.822,6.829,0.000,Worker_1,8.465,8.983,2.508,1,1,1,3.280,4.760,3.000,3.000,3.0,26.0,CRITICAL_BLINDSPOT
2026-08-26T10:44:31.655Z,88.83,149.01,0.000,2.540,7.183,6.815,7.179,6.822,6.829,0.000,Worker_2,-4.290,-3.740,15.596,0,0,1,3.280,4.760,3.000,3.000,3.0,26.0,STRUCTURAL_HAZARD
2026-08-26T10:44:31.655Z,88.83,149.01,0.000,2.540,7.183,6.815,7.179,6.822,6.829,0.000,Worker_3,3.640,-7.120,14.391,0,0,1,3.280,4.760,3.000,3.000,3.0,26.0,STRUCTURAL_HAZARD
2026-08-26T10:44:31.818Z,88.99,149.01,0.000,2.540,7.183,6.815,7.179,6.822,6.829,0.000,Worker_1,8.776,8.909,2.623,1,1,1,3.280,4.760,3.000,3.000,3.0,26.0,CRITICAL_BLINDSPOT
2026-08-26T10:44:31.818Z,88.99,149.01,0.000,2.540,7.183,6.815,7.179,6.822,6.829,0.000,Worker_2,-4.290,-3.740,15.596,0,0,1,3.280,4.760,3.000,3.000,3.0,26.0,STRUCTURAL_HAZARD
2026-08-26T10:44:31.818Z,88.99,149.01,0.000,2.540,7.183,6.815,7.179,6.822,6.829,0.000,Worker_3,3.640,-7.120,14.391,0,0,1,3.280,4.760,3.000,3.000,3.0,26.0,STRUCTURAL_HAZARD
2026-08-26T10:44:31.951Z,89.12,149.01,0.000,2.540,7.183,6.815,7.179,6.822,6.829,0.000,Worker_1,9.020,8.852,2.736,1,1,1,3.280,4.760,3.000,3.000,3.0,26.0,CRITICAL_BLINDSPOT
2026-08-26T10:44:31.951Z,89.12,149.01,0.000,2.540,7.183,6.815,7.179,6.822,6.829,0.000,Worker_2,-4.290,-3.740,15.596,0,0,1,3.280,4.760,3.000,3.000,3.0,26.0,STRUCTURAL_HAZARD
2026-08-26T10:44:31.951Z,89.12,149.01,0.000,2.540,7.183,6.815,7.179,6.822,6.829,0.000,Worker_3,3.640,-7.120,14.391,0,0,1,3.280,4.760,3.000,3.000,3.0,26.0,STRUCTURAL_HAZARD
2026-08-26T10:44:32.056Z,89.23,149.01,0.000,2.540,7.183,6.815,7.179,6.822,6.829,0.000,Worker_1,9.244,8.799,2.854,1,1,1,3.280,4.760,3.000,3.000,3.0,26.0,CRITICAL_BLINDSPOT
2026-08-26T10:44:32.056Z,89.23,149.01,0.000,2.540,7.183,6.815,7.179,6.822,6.829,0.000,Worker_2,-4.290,-3.740,15.596,0,0,1,3.280,4.760,3.000,3.000,3.0,26.0,STRUCTURAL_HAZARD
2026-08-26T10:44:32.056Z,89.23,149.01,0.000,2.540,7.183,6.815,7.179,6.822,6.829,0.000,Worker_3,3.640,-7.120,14.391,0,0,1,3.280,4.760,3.000,3.000,3.0,26.0,STRUCTURAL_HAZARD
2026-08-26T10:44:32.173Z,89.34,149.01,0.000,2.540,7.183,6.815,7.179,6.822,6.829,0.000,Worker_1,9.466,8.747,2.985,1,1,1,3.280,4.760,3.000,3.000,3.0,26.0,CRITICAL_BLINDSPOT
2026-08-26T10:44:32.173Z,89.34,149.01,0.000,2.540,7.183,6.815,7.179,6.822,6.829,0.000,Worker_2,-4.290,-3.740,15.596,0,0,1,3.280,4.760,3.000,3.000,3.0,26.0,STRUCTURAL_HAZARD
2026-08-26T10:44:32.173Z,89.34,149.01,0.000,2.540,7.183,6.815,7.179,6.822,6.829,0.000,Worker_3,3.640,-7.120,14.391,0,0,1,3.280,4.760,3.000,3.000,3.0,26.0,STRUCTURAL_HAZARD
2026-08-26T10:44:32.290Z,89.46,149.01,0.000,2.540,7.183,6.815,7.179,6.822,6.829,0.000,Worker_1,9.569,8.723,3.049,0,1,1,3.280,4.760,3.000,3.000,3.0,26.0,STRUCTURAL_HAZARD
2026-08-26T10:44:32.290Z,89.46,149.01,0.000,2.540,7.183,6.815,7.179,6.822,6.829,0.000,Worker_2,-4.290,-3.740,15.596,0,0,1,3.280,4.760,3.000,3.000,3.0,26.0,STRUCTURAL_HAZARD
2026-08-26T10:44:32.290Z,89.46,149.01,0.000,2.540,7.183,6.815,7.179,6.822,6.829,0.000,Worker_3,3.640,-7.120,14.391,0,0,1,3.280,4.760,3.000,3.000,3.0,26.0,STRUCTURAL_HAZARD
2026-08-26T10:44:32.402Z,89.58,149.01,0.000,2.540,7.183,6.815,7.179,6.822,6.829,0.000,Worker_1,9.346,8.775,2.913,1,1,1,3.280,4.760,3.000,3.000,3.0,26.0,CRITICAL_BLINDSPOT
2026-08-26T10:44:32.402Z,89.58,149.01,0.000,2.540,7.183,6.815,7.179,6.822,6.829,0.000,Worker_2,-4.290,-3.740,15.596,0,0,1,3.280,4.760,3.000,3.000,3.0,26.0,STRUCTURAL_HAZARD
2026-08-26T10:44:32.402Z,89.58,149.01,0.000,2.540,7.183,6.815,7.179,6.822,6.829,0.000,Worker_3,3.640,-7.120,14.391,0,0,1,3.280,4.760,3.000,3.000,3.0,26.0,STRUCTURAL_HAZARD
2026-08-26T10:44:32.503Z,89.68,149.01,0.000,2.540,7.183,6.815,7.179,6.822,6.829,0.000,Worker_1,9.151,8.821,2.803,1,1,1,3.280,4.760,3.000,3.000,3.0,26.0,CRITICAL_BLINDSPOT
2026-08-26T10:44:32.503Z,89.68,149.01,0.000,2.540,7.183,6.815,7.179,6.822,6.829,0.000,Worker_2,-4.290,-3.740,15.596,0,0,1,3.280,4.760,3.000,3.000,3.0,26.0,STRUCTURAL_HAZARD
2026-08-26T10:44:32.503Z,89.68,149.01,0.000,2.540,7.183,6.815,7.179,6.822,6.829,0.000,Worker_3,3.640,-7.120,14.391,0,0,1,3.280,4.760,3.000,3.000,3.0,26.0,STRUCTURAL_HAZARD
2026-08-26T10:44:32.603Z,89.78,149.01,0.000,2.540,7.183,6.815,7.179,6.822,6.829,0.000,Worker_1,8.955,8.867,2.704,1,1,1,3.280,4.760,3.000,3.000,3.0,26.0,CRITICAL_BLINDSPOT
2026-08-26T10:44:32.603Z,89.78,149.01,0.000,2.540,7.183,6.815,7.179,6.822,6.829,0.000,Worker_2,-4.290,-3.740,15.596,0,0,1,3.280,4.760,3.000,3.000,3.0,26.0,STRUCTURAL_HAZARD
2026-08-26T10:44:32.603Z,89.78,149.01,0.000,2.540,7.183,6.815,7.179,6.822,6.829,0.000,Worker_3,3.640,-7.120,14.391,0,0,1,3.280,4.760,3.000,3.000,3.0,26.0,STRUCTURAL_HAZARD
2026-08-26T10:44:32.736Z,89.91,149.01,0.000,2.540,7.183,6.815,7.179,6.822,6.829,0.000,Worker_1,8.698,8.928,2.591,1,1,1,3.280,4.760,3.000,3.000,3.0,26.0,CRITICAL_BLINDSPOT
2026-08-26T10:44:32.736Z,89.91,149.01,0.000,2.540,7.183,6.815,7.179,6.822,6.829,0.000,Worker_2,-4.290,-3.740,15.596,0,0,1,3.280,4.760,3.000,3.000,3.0,26.0,STRUCTURAL_HAZARD
2026-08-26T10:44:32.736Z,89.91,149.01,0.000,2.540,7.183,6.815,7.179,6.822,6.829,0.000,Worker_3,3.640,-7.120,14.391,0,0,1,3.280,4.760,3.000,3.000,3.0,26.0,STRUCTURAL_HAZARD
2026-08-26T10:44:32.852Z,90.03,149.01,0.000,2.540,7.183,6.815,7.179,6.822,6.829,0.000,Worker_1,8.472,8.981,2.511,1,1,1,3.280,4.760,3.000,3.000,3.0,26.0,CRITICAL_BLINDSPOT
2026-08-26T10:44:32.852Z,90.03,149.01,0.000,2.540,7.183,6.815,7.179,6.822,6.829,0.000,Worker_2,-4.290,-3.740,15.596,0,0,1,3.280,4.760,3.000,3.000,3.0,26.0,STRUCTURAL_HAZARD
2026-08-26T10:44:32.852Z,90.03,149.01,0.000,2.540,7.183,6.815,7.179,6.822,6.829,0.000,Worker_3,3.640,-7.120,14.391,0,0,1,3.280,4.760,3.000,3.000,3.0,26.0,STRUCTURAL_HAZARD
2026-08-26T10:44:32.987Z,90.16,149.01,0.000,2.540,7.183,6.815,7.179,6.822,6.829,0.000,Worker_1,8.210,9.043,2.442,1,1,1,3.280,4.760,3.000,3.000,3.0,26.0,CRITICAL_BLINDSPOT
2026-08-26T10:44:32.987Z,90.16,149.01,0.000,2.540,7.183,6.815,7.179,6.822,6.829,0.000,Worker_2,-4.290,-3.740,15.596,0,0,1,3.280,4.760,3.000,3.000,3.0,26.0,STRUCTURAL_HAZARD
2026-08-26T10:44:32.987Z,90.16,149.01,0.000,2.540,7.183,6.815,7.179,6.822,6.829,0.000,Worker_3,3.640,-7.120,14.391,0,0,1,3.280,4.760,3.000,3.000,3.0,26.0,STRUCTURAL_HAZARD
2026-08-26T10:44:33.087Z,90.26,149.01,0.000,2.540,7.183,6.815,7.179,6.822,6.829,0.000,Worker_1,8.015,9.089,2.409,1,1,1,3.280,4.760,3.000,3.000,3.0,26.0,CRITICAL_BLINDSPOT
2026-08-26T10:44:33.087Z,90.26,149.01,0.000,2.540,7.183,6.815,7.179,6.822,6.829,0.000,Worker_2,-4.290,-3.740,15.596,0,0,1,3.280,4.760,3.000,3.000,3.0,26.0,STRUCTURAL_HAZARD
2026-08-26T10:44:33.087Z,90.26,149.01,0.000,2.540,7.183,6.815,7.179,6.822,6.829,0.000,Worker_3,3.640,-7.120,14.391,0,0,1,3.280,4.760,3.000,3.000,3.0,26.0,STRUCTURAL_HAZARD
2026-08-26T10:44:33.202Z,90.38,149.01,0.000,2.540,7.183,6.815,7.179,6.822,6.829,0.000,Worker_1,7.790,9.142,2.392,1,1,1,3.280,4.760,3.000,3.000,3.0,26.0,CRITICAL_BLINDSPOT
2026-08-26T10:44:33.202Z,90.38,149.01,0.000,2.540,7.183,6.815,7.179,6.822,6.829,0.000,Worker_2,-4.290,-3.740,15.596,0,0,1,3.280,4.760,3.000,3.000,3.0,26.0,STRUCTURAL_HAZARD
2026-08-26T10:44:33.202Z,90.38,149.01,0.000,2.540,7.183,6.815,7.179,6.822,6.829,0.000,Worker_3,3.640,-7.120,14.391,0,0,1,3.280,4.760,3.000,3.000,3.0,26.0,STRUCTURAL_HAZARD
2026-08-26T10:44:33.318Z,90.49,149.01,0.000,2.540,7.183,6.815,7.179,6.822,6.829,0.000,Worker_1,7.565,9.195,2.397,1,1,1,3.280,4.760,3.000,3.000,3.0,26.0,CRITICAL_BLINDSPOT
2026-08-26T10:44:33.318Z,90.49,149.01,0.000,2.540,7.183,6.815,7.179,6.822,6.829,0.000,Worker_2,-4.290,-3.740,15.596,0,0,1,3.280,4.760,3.000,3.000,3.0,26.0,STRUCTURAL_HAZARD
2026-08-26T10:44:33.318Z,90.49,149.01,0.000,2.540,7.183,6.815,7.179,6.822,6.829,0.000,Worker_3,3.640,-7.120,14.391,0,0,1,3.280,4.760,3.000,3.000,3.0,26.0,STRUCTURAL_HAZARD
2026-08-26T10:44:33.419Z,90.59,149.01,0.000,2.540,7.183,6.815,7.179,6.822,6.829,0.000,Worker_1,7.369,9.241,2.419,1,1,1,3.280,4.760,3.000,3.000,3.0,26.0,CRITICAL_BLINDSPOT
2026-08-26T10:44:33.419Z,90.59,149.01,0.000,2.540,7.183,6.815,7.179,6.822,6.829,0.000,Worker_2,-4.290,-3.740,15.596,0,0,1,3.280,4.760,3.000,3.000,3.0,26.0,STRUCTURAL_HAZARD
2026-08-26T10:44:33.419Z,90.59,149.01,0.000,2.540,7.183,6.815,7.179,6.822,6.829,0.000,Worker_3,3.640,-7.120,14.391,0,0,1,3.280,4.760,3.000,3.000,3.0,26.0,STRUCTURAL_HAZARD
2026-08-26T10:44:33.535Z,90.71,149.01,0.000,2.540,7.183,6.815,7.179,6.822,6.829,0.000,Worker_1,7.142,9.294,2.466,1,1,1,3.280,4.760,3.000,3.000,3.0,26.0,CRITICAL_BLINDSPOT
2026-08-26T10:44:33.535Z,90.71,149.01,0.000,2.540,7.183,6.815,7.179,6.822,6.829,0.000,Worker_2,-4.290,-3.740,15.596,0,0,1,3.280,4.760,3.000,3.000,3.0,26.0,STRUCTURAL_HAZARD
2026-08-26T10:44:33.535Z,90.71,149.01,0.000,2.540,7.183,6.815,7.179,6.822,6.829,0.000,Worker_3,3.640,-7.120,14.391,0,0,1,3.280,4.760,3.000,3.000,3.0,26.0,STRUCTURAL_HAZARD
2026-08-26T10:44:33.650Z,90.83,149.01,0.000,2.540,7.183,6.815,7.179,6.822,6.829,0.000,Worker_1,6.918,9.347,2.532,1,1,1,3.280,4.760,3.000,3.000,3.0,26.0,CRITICAL_BLINDSPOT
2026-08-26T10:44:33.650Z,90.83,149.01,0.000,2.540,7.183,6.815,7.179,6.822,6.829,0.000,Worker_2,-4.290,-3.740,15.596,0,0,1,3.280,4.760,3.000,3.000,3.0,26.0,STRUCTURAL_HAZARD
2026-08-26T10:44:33.650Z,90.83,149.01,0.000,2.540,7.183,6.815,7.179,6.822,6.829,0.000,Worker_3,3.640,-7.120,14.391,0,0,1,3.280,4.760,3.000,3.000,3.0,26.0,STRUCTURAL_HAZARD
2026-08-26T10:44:33.751Z,90.93,149.01,0.000,2.540,7.183,6.815,7.179,6.822,6.829,0.000,Worker_1,6.722,9.393,2.605,1,1,1,3.280,4.760,3.000,3.000,3.0,26.0,CRITICAL_BLINDSPOT
2026-08-26T10:44:33.751Z,90.93,149.01,0.000,2.540,7.183,6.815,7.179,6.822,6.829,0.000,Worker_2,-4.290,-3.740,15.596,0,0,1,3.280,4.760,3.000,3.000,3.0,26.0,STRUCTURAL_HAZARD
2026-08-26T10:44:33.751Z,90.93,149.01,0.000,2.540,7.183,6.815,7.179,6.822,6.829,0.000,Worker_3,3.640,-7.120,14.391,0,0,1,3.280,4.760,3.000,3.000,3.0,26.0,STRUCTURAL_HAZARD
2026-08-26T10:44:33.852Z,91.03,149.01,0.000,2.540,7.183,6.815,7.179,6.822,6.829,0.000,Worker_1,6.527,9.439,2.690,1,1,1,3.280,4.760,3.000,3.000,3.0,26.0,CRITICAL_BLINDSPOT
2026-08-26T10:44:33.852Z,91.03,149.01,0.000,2.540,7.183,6.815,7.179,6.822,6.829,0.000,Worker_2,-4.290,-3.740,15.596,0,0,1,3.280,4.760,3.000,3.000,3.0,26.0,STRUCTURAL_HAZARD
2026-08-26T10:44:33.852Z,91.03,149.01,0.000,2.540,7.183,6.815,7.179,6.822,6.829,0.000,Worker_3,3.640,-7.120,14.391,0,0,1,3.280,4.760,3.000,3.000,3.0,26.0,STRUCTURAL_HAZARD
2026-08-26T10:44:33.969Z,91.14,149.01,0.000,2.540,7.183,6.815,7.179,6.822,6.829,0.000,Worker_1,6.298,9.493,2.806,1,1,1,3.280,4.760,3.000,3.000,3.0,26.0,CRITICAL_BLINDSPOT
2026-08-26T10:44:33.969Z,91.14,149.01,0.000,2.540,7.183,6.815,7.179,6.822,6.829,0.000,Worker_2,-4.290,-3.740,15.596,0,0,1,3.280,4.760,3.000,3.000,3.0,26.0,STRUCTURAL_HAZARD
2026-08-26T10:44:33.969Z,91.14,149.01,0.000,2.540,7.183,6.815,7.179,6.822,6.829,0.000,Worker_3,3.640,-7.120,14.391,0,0,1,3.280,4.760,3.000,3.000,3.0,26.0,STRUCTURAL_HAZARD
2026-08-26T10:44:34.086Z,91.26,149.01,0.000,2.540,7.183,6.815,7.179,6.822,6.829,0.000,Worker_1,6.068,9.547,2.936,1,1,1,3.280,4.760,3.000,3.000,3.0,26.0,CRITICAL_BLINDSPOT
2026-08-26T10:44:34.086Z,91.26,149.01,0.000,2.540,7.183,6.815,7.179,6.822,6.829,0.000,Worker_2,-4.290,-3.740,15.596,0,0,1,3.280,4.760,3.000,3.000,3.0,26.0,STRUCTURAL_HAZARD
2026-08-26T10:44:34.086Z,91.26,149.01,0.000,2.540,7.183,6.815,7.179,6.822,6.829,0.000,Worker_3,3.640,-7.120,14.391,0,0,1,3.280,4.760,3.000,3.000,3.0,26.0,STRUCTURAL_HAZARD
2026-08-26T10:44:34.218Z,91.39,149.01,0.000,2.540,7.183,6.815,7.179,6.822,6.829,0.000,Worker_1,5.812,9.607,3.096,0,1,1,3.280,4.760,3.000,3.000,3.0,26.0,STRUCTURAL_HAZARD
2026-08-26T10:44:34.218Z,91.39,149.01,0.000,2.540,7.183,6.815,7.179,6.822,6.829,0.000,Worker_2,-4.290,-3.740,15.596,0,0,1,3.280,4.760,3.000,3.000,3.0,26.0,STRUCTURAL_HAZARD
2026-08-26T10:44:34.218Z,91.39,149.01,0.000,2.540,7.183,6.815,7.179,6.822,6.829,0.000,Worker_3,3.640,-7.120,14.391,0,0,1,3.280,4.760,3.000,3.000,3.0,26.0,STRUCTURAL_HAZARD
2026-08-26T10:44:34.318Z,91.49,149.01,0.000,2.540,7.183,6.815,7.179,6.822,6.829,0.000,Worker_1,5.617,9.653,3.228,0,1,1,3.280,4.760,3.000,3.000,3.0,26.0,STRUCTURAL_HAZARD
2026-08-26T10:44:34.318Z,91.49,149.01,0.000,2.540,7.183,6.815,7.179,6.822,6.829,0.000,Worker_2,-4.290,-3.740,15.596,0,0,1,3.280,4.760,3.000,3.000,3.0,26.0,STRUCTURAL_HAZARD
2026-08-26T10:44:34.318Z,91.49,149.01,0.000,2.540,7.183,6.815,7.179,6.822,6.829,0.000,Worker_3,3.640,-7.120,14.391,0,0,1,3.280,4.760,3.000,3.000,3.0,26.0,STRUCTURAL_HAZARD
2026-08-26T10:44:34.435Z,91.61,149.01,0.000,2.540,7.183,6.815,7.179,6.822,6.829,0.000,Worker_1,5.391,9.707,3.388,0,1,1,3.280,4.760,3.000,3.000,3.0,26.0,STRUCTURAL_HAZARD
2026-08-26T10:44:34.435Z,91.61,149.01,0.000,2.540,7.183,6.815,7.179,6.822,6.829,0.000,Worker_2,-4.290,-3.740,15.596,0,0,1,3.280,4.760,3.000,3.000,3.0,26.0,STRUCTURAL_HAZARD
2026-08-26T10:44:34.435Z,91.61,149.01,0.000,2.540,7.183,6.815,7.179,6.822,6.829,0.000,Worker_3,3.640,-7.120,14.391,0,0,1,3.280,4.760,3.000,3.000,3.0,26.0,STRUCTURAL_HAZARD
2026-08-26T10:44:34.569Z,91.74,149.01,0.000,2.540,7.183,6.815,7.179,6.822,6.829,0.000,Worker_1,5.129,9.768,3.583,0,1,1,3.280,4.760,3.000,3.000,3.0,26.0,STRUCTURAL_HAZARD
2026-08-26T10:44:34.569Z,91.74,149.01,0.000,2.540,7.183,6.815,7.179,6.822,6.829,0.000,Worker_2,-4.290,-3.740,15.596,0,0,1,3.280,4.760,3.000,3.000,3.0,26.0,STRUCTURAL_HAZARD
2026-08-26T10:44:34.569Z,91.74,149.01,0.000,2.540,7.183,6.815,7.179,6.822,6.829,0.000,Worker_3,3.640,-7.120,14.391,0,0,1,3.280,4.760,3.000,3.000,3.0,26.0,STRUCTURAL_HAZARD
2026-08-26T10:44:34.685Z,91.86,149.01,0.000,2.540,7.183,6.815,7.179,6.822,6.829,0.000,Worker_1,4.904,9.821,3.759,0,1,1,3.280,4.760,3.000,3.000,3.0,26.0,STRUCTURAL_HAZARD
2026-08-26T10:44:34.685Z,91.86,149.01,0.000,2.540,7.183,6.815,7.179,6.822,6.829,0.000,Worker_2,-4.290,-3.740,15.596,0,0,1,3.280,4.760,3.000,3.000,3.0,26.0,STRUCTURAL_HAZARD
2026-08-26T10:44:34.685Z,91.86,149.01,0.000,2.540,7.183,6.815,7.179,6.822,6.829,0.000,Worker_3,3.640,-7.120,14.391,0,0,1,3.280,4.760,3.000,3.000,3.0,26.0,STRUCTURAL_HAZARD
2026-08-26T10:44:34.787Z,91.96,149.01,0.000,2.540,7.183,6.815,7.179,6.822,6.829,0.000,Worker_1,4.706,9.868,3.918,0,1,1,3.280,4.760,3.000,3.000,3.0,26.0,STRUCTURAL_HAZARD
2026-08-26T10:44:34.787Z,91.96,149.01,0.000,2.540,7.183,6.815,7.179,6.822,6.829,0.000,Worker_2,-4.290,-3.740,15.596,0,0,1,3.280,4.760,3.000,3.000,3.0,26.0,STRUCTURAL_HAZARD
2026-08-26T10:44:34.787Z,91.96,149.01,0.000,2.540,7.183,6.815,7.179,6.822,6.829,0.000,Worker_3,3.640,-7.120,14.391,0,0,1,3.280,4.760,3.000,3.000,3.0,26.0,STRUCTURAL_HAZARD
2026-08-26T10:44:34.901Z,92.08,149.01,0.000,2.540,7.183,6.815,7.179,6.822,6.829,0.000,Worker_1,4.484,9.920,4.101,0,1,1,3.280,4.760,3.000,3.000,3.0,26.0,STRUCTURAL_HAZARD
2026-08-26T10:44:34.901Z,92.08,149.01,0.000,2.540,7.183,6.815,7.179,6.822,6.829,0.000,Worker_2,-4.290,-3.740,15.596,0,0,1,3.280,4.760,3.000,3.000,3.0,26.0,STRUCTURAL_HAZARD
2026-08-26T10:44:34.901Z,92.08,149.01,0.000,2.540,7.183,6.815,7.179,6.822,6.829,0.000,Worker_3,3.640,-7.120,14.391,0,0,1,3.280,4.760,3.000,3.000,3.0,26.0,STRUCTURAL_HAZARD
2026-08-26T10:44:35.018Z,92.19,149.01,0.000,2.540,7.183,6.815,7.179,6.822,6.829,0.000,Worker_1,4.255,9.974,4.294,0,1,1,3.280,4.760,3.000,3.000,3.0,26.0,STRUCTURAL_HAZARD
2026-08-26T10:44:35.018Z,92.19,149.01,0.000,2.540,7.183,6.815,7.179,6.822,6.829,0.000,Worker_2,-4.290,-3.740,15.596,0,0,1,3.280,4.760,3.000,3.000,3.0,26.0,STRUCTURAL_HAZARD
2026-08-26T10:44:35.018Z,92.19,149.01,0.000,2.540,7.183,6.815,7.179,6.822,6.829,0.000,Worker_3,3.640,-7.120,14.391,0,0,1,3.280,4.760,3.000,3.000,3.0,26.0,STRUCTURAL_HAZARD
2026-08-26T10:44:35.152Z,92.33,149.01,0.000,2.540,7.183,6.815,7.179,6.822,6.829,0.000,Worker_1,3.996,10.035,4.518,0,1,1,3.280,4.760,3.000,3.000,3.0,26.0,STRUCTURAL_HAZARD
2026-08-26T10:44:35.152Z,92.33,149.01,0.000,2.540,7.183,6.815,7.179,6.822,6.829,0.000,Worker_2,-4.290,-3.740,15.596,0,0,1,3.280,4.760,3.000,3.000,3.0,26.0,STRUCTURAL_HAZARD
2026-08-26T10:44:35.152Z,92.33,149.01,0.000,2.540,7.183,6.815,7.179,6.822,6.829,0.000,Worker_3,3.640,-7.120,14.391,0,0,1,3.280,4.760,3.000,3.000,3.0,26.0,STRUCTURAL_HAZARD
2026-08-26T10:44:35.268Z,92.44,149.01,0.000,2.540,7.183,6.815,7.179,6.822,6.829,0.000,Worker_1,3.769,10.089,4.717,0,1,1,3.280,4.760,3.000,3.000,3.0,26.0,STRUCTURAL_HAZARD
2026-08-26T10:44:35.268Z,92.44,149.01,0.000,2.540,7.183,6.815,7.179,6.822,6.829,0.000,Worker_2,-4.290,-3.740,15.596,0,0,1,3.280,4.760,3.000,3.000,3.0,26.0,STRUCTURAL_HAZARD
2026-08-26T10:44:35.268Z,92.44,149.01,0.000,2.540,7.183,6.815,7.179,6.822,6.829,0.000,Worker_3,3.640,-7.120,14.391,0,0,1,3.280,4.760,3.000,3.000,3.0,26.0,STRUCTURAL_HAZARD
2026-08-26T10:44:35.387Z,92.56,149.01,0.000,2.540,7.183,6.815,7.179,6.822,6.829,0.000,Worker_1,3.537,10.143,4.924,0,1,1,3.280,4.760,3.000,3.000,3.0,26.0,STRUCTURAL_HAZARD
2026-08-26T10:44:35.387Z,92.56,149.01,0.000,2.540,7.183,6.815,7.179,6.822,6.829,0.000,Worker_2,-4.290,-3.740,15.596,0,0,1,3.280,4.760,3.000,3.000,3.0,26.0,STRUCTURAL_HAZARD
2026-08-26T10:44:35.387Z,92.56,149.01,0.000,2.540,7.183,6.815,7.179,6.822,6.829,0.000,Worker_3,3.640,-7.120,14.391,0,0,1,3.280,4.760,3.000,3.000,3.0,26.0,STRUCTURAL_HAZARD
2026-08-26T10:44:35.487Z,92.66,149.01,0.000,2.540,7.183,6.815,7.179,6.822,6.829,0.000,Worker_1,3.342,10.189,5.101,0,1,1,3.280,4.760,3.000,3.000,3.0,26.0,STRUCTURAL_HAZARD
2026-08-26T10:44:35.487Z,92.66,149.01,0.000,2.540,7.183,6.815,7.179,6.822,6.829,0.000,Worker_2,-4.290,-3.740,15.596,0,0,1,3.280,4.760,3.000,3.000,3.0,26.0,STRUCTURAL_HAZARD
2026-08-26T10:44:35.487Z,92.66,149.01,0.000,2.540,7.183,6.815,7.179,6.822,6.829,0.000,Worker_3,3.640,-7.120,14.391,0,0,1,3.280,4.760,3.000,3.000,3.0,26.0,STRUCTURAL_HAZARD
2026-08-26T10:44:35.617Z,92.79,149.01,0.000,2.540,7.183,6.815,7.179,6.822,6.829,0.000,Worker_1,3.089,10.249,5.331,0,1,1,3.280,4.760,3.000,3.000,3.0,26.0,STRUCTURAL_HAZARD
2026-08-26T10:44:35.617Z,92.79,149.01,0.000,2.540,7.183,6.815,7.179,6.822,6.829,0.000,Worker_2,-4.290,-3.740,15.596,0,0,1,3.280,4.760,3.000,3.000,3.0,26.0,STRUCTURAL_HAZARD
2026-08-26T10:44:35.617Z,92.79,149.01,0.000,2.540,7.183,6.815,7.179,6.822,6.829,0.000,Worker_3,3.640,-7.120,14.391,0,0,1,3.280,4.760,3.000,3.000,3.0,26.0,STRUCTURAL_HAZARD
2026-08-26T10:44:35.718Z,92.89,149.01,0.000,2.540,7.183,6.815,7.179,6.822,6.829,0.000,Worker_1,2.893,10.295,5.513,0,0,1,3.280,4.760,3.000,3.000,3.0,26.0,STRUCTURAL_HAZARD
2026-08-26T10:44:35.718Z,92.89,149.01,0.000,2.540,7.183,6.815,7.179,6.822,6.829,0.000,Worker_2,-4.290,-3.740,15.596,0,0,1,3.280,4.760,3.000,3.000,3.0,26.0,STRUCTURAL_HAZARD
2026-08-26T10:44:35.718Z,92.89,149.01,0.000,2.540,7.183,6.815,7.179,6.822,6.829,0.000,Worker_3,3.640,-7.120,14.391,0,0,1,3.280,4.760,3.000,3.000,3.0,26.0,STRUCTURAL_HAZARD
2026-08-26T10:44:35.851Z,93.03,149.01,0.000,2.540,7.183,6.815,7.179,6.822,6.829,0.000,Worker_1,2.634,10.356,5.753,0,0,0,3.280,4.760,3.000,3.000,3.0,26.0,STRUCTURAL_HAZARD
2026-08-26T10:44:35.851Z,93.03,149.01,0.000,2.540,7.183,6.815,7.179,6.822,6.829,0.000,Worker_2,-4.290,-3.740,15.596,0,0,1,3.280,4.760,3.000,3.000,3.0,26.0,STRUCTURAL_HAZARD
2026-08-26T10:44:35.851Z,93.03,149.01,0.000,2.540,7.183,6.815,7.179,6.822,6.829,0.000,Worker_3,3.640,-7.120,14.391,0,0,1,3.280,4.760,3.000,3.000,3.0,26.0,STRUCTURAL_HAZARD
2026-08-26T10:44:35.967Z,93.14,149.01,0.000,2.540,7.183,6.815,7.179,6.822,6.829,0.000,Worker_1,2.410,10.409,5.963,0,0,0,3.280,4.760,3.000,3.000,3.0,26.0,STRUCTURAL_HAZARD
2026-08-26T10:44:35.967Z,93.14,149.01,0.000,2.540,7.183,6.815,7.179,6.822,6.829,0.000,Worker_2,-4.290,-3.740,15.596,0,0,1,3.280,4.760,3.000,3.000,3.0,26.0,STRUCTURAL_HAZARD
2026-08-26T10:44:35.967Z,93.14,149.01,0.000,2.540,7.183,6.815,7.179,6.822,6.829,0.000,Worker_3,3.640,-7.120,14.391,0,0,1,3.280,4.760,3.000,3.000,3.0,26.0,STRUCTURAL_HAZARD
2026-08-26T10:44:36.100Z,93.27,149.01,0.000,2.540,7.183,6.815,7.179,6.822,6.829,0.000,Worker_1,2.150,10.470,6.208,0,0,0,3.280,4.760,3.000,3.000,3.0,26.0,STRUCTURAL_HAZARD
2026-08-26T10:44:36.100Z,93.27,149.01,0.000,2.540,7.183,6.815,7.179,6.822,6.829,0.000,Worker_2,-4.290,-3.740,15.596,0,0,1,3.280,4.760,3.000,3.000,3.0,26.0,STRUCTURAL_HAZARD
2026-08-26T10:44:36.100Z,93.27,149.01,0.000,2.540,7.183,6.815,7.179,6.822,6.829,0.000,Worker_3,3.640,-7.120,14.391,0,0,1,3.280,4.760,3.000,3.000,3.0,26.0,STRUCTURAL_HAZARD
2026-08-26T10:44:36.233Z,93.41,149.01,0.000,2.540,7.183,6.815,7.179,6.822,6.829,0.000,Worker_1,1.890,10.531,6.456,0,0,0,3.280,4.760,3.000,3.000,3.0,26.0,STRUCTURAL_HAZARD
2026-08-26T10:44:36.233Z,93.41,149.01,0.000,2.540,7.183,6.815,7.179,6.822,6.829,0.000,Worker_2,-4.290,-3.740,15.596,0,0,1,3.280,4.760,3.000,3.000,3.0,26.0,STRUCTURAL_HAZARD
2026-08-26T10:44:36.233Z,93.41,149.01,0.000,2.540,7.183,6.815,7.179,6.822,6.829,0.000,Worker_3,3.640,-7.120,14.391,0,0,1,3.280,4.760,3.000,3.000,3.0,26.0,STRUCTURAL_HAZARD
2026-08-26T10:44:36.366Z,93.54,149.01,0.000,2.540,7.183,6.815,7.179,6.822,6.829,0.000,Worker_1,1.632,10.592,6.703,0,0,0,3.280,4.760,3.000,3.000,3.0,26.0,STRUCTURAL_HAZARD
2026-08-26T10:44:36.366Z,93.54,149.01,0.000,2.540,7.183,6.815,7.179,6.822,6.829,0.000,Worker_2,-4.290,-3.740,15.596,0,0,1,3.280,4.760,3.000,3.000,3.0,26.0,STRUCTURAL_HAZARD
2026-08-26T10:44:36.366Z,93.54,149.01,0.000,2.540,7.183,6.815,7.179,6.822,6.829,0.000,Worker_3,3.640,-7.120,14.391,0,0,1,3.280,4.760,3.000,3.000,3.0,26.0,STRUCTURAL_HAZARD
2026-08-26T10:44:36.499Z,93.67,149.01,0.000,2.540,7.183,6.815,7.179,6.822,6.829,0.000,Worker_1,1.372,10.653,6.953,0,0,0,3.280,4.760,3.000,3.000,3.0,26.0,STRUCTURAL_HAZARD
2026-08-26T10:44:36.499Z,93.67,149.01,0.000,2.540,7.183,6.815,7.179,6.822,6.829,0.000,Worker_2,-4.290,-3.740,15.596,0,0,1,3.280,4.760,3.000,3.000,3.0,26.0,STRUCTURAL_HAZARD
2026-08-26T10:44:36.499Z,93.67,149.01,0.000,2.540,7.183,6.815,7.179,6.822,6.829,0.000,Worker_3,3.640,-7.120,14.391,0,0,1,3.280,4.760,3.000,3.000,3.0,26.0,STRUCTURAL_HAZARD
2026-08-26T10:44:36.633Z,93.81,149.01,0.000,2.540,7.183,6.815,7.179,6.822,6.829,0.000,Worker_1,1.112,10.714,7.204,0,0,0,3.280,4.760,3.000,3.000,3.0,26.0,STRUCTURAL_HAZARD
2026-08-26T10:44:36.633Z,93.81,149.01,0.000,2.540,7.183,6.815,7.179,6.822,6.829,0.000,Worker_2,-4.290,-3.740,15.596,0,0,1,3.280,4.760,3.000,3.000,3.0,26.0,STRUCTURAL_HAZARD
2026-08-26T10:44:36.633Z,93.81,149.01,0.000,2.540,7.183,6.815,7.179,6.822,6.829,0.000,Worker_3,3.640,-7.120,14.391,0,0,1,3.280,4.760,3.000,3.000,3.0,26.0,STRUCTURAL_HAZARD
2026-08-26T10:44:36.766Z,93.94,149.01,0.000,2.540,7.183,6.815,7.179,6.822,6.829,0.000,Worker_1,0.854,10.775,7.455,0,0,0,3.280,4.760,3.000,3.000,3.0,26.0,STRUCTURAL_HAZARD
2026-08-26T10:44:36.766Z,93.94,149.01,0.000,2.540,7.183,6.815,7.179,6.822,6.829,0.000,Worker_2,-4.290,-3.740,15.596,0,0,1,3.280,4.760,3.000,3.000,3.0,26.0,STRUCTURAL_HAZARD
2026-08-26T10:44:36.766Z,93.94,149.01,0.000,2.540,7.183,6.815,7.179,6.822,6.829,0.000,Worker_3,3.640,-7.120,14.391,0,0,1,3.280,4.760,3.000,3.000,3.0,26.0,STRUCTURAL_HAZARD
2026-08-26T10:44:36.899Z,94.08,149.01,0.000,2.540,7.183,6.815,7.179,6.822,6.829,0.000,Worker_1,0.593,10.837,7.710,0,0,0,3.280,4.760,3.000,3.000,3.0,26.0,STRUCTURAL_HAZARD
2026-08-26T10:44:36.899Z,94.08,149.01,0.000,2.540,7.183,6.815,7.179,6.822,6.829,0.000,Worker_2,-4.290,-3.740,15.596,0,0,1,3.280,4.760,3.000,3.000,3.0,26.0,STRUCTURAL_HAZARD
2026-08-26T10:44:36.899Z,94.08,149.01,0.000,2.540,7.183,6.815,7.179,6.822,6.829,0.000,Worker_3,3.640,-7.120,14.391,0,0,1,3.280,4.760,3.000,3.000,3.0,26.0,STRUCTURAL_HAZARD
2026-08-26T10:44:37.033Z,94.21,149.01,0.000,2.540,7.183,6.815,7.179,6.822,6.829,0.000,Worker_1,0.333,10.898,7.963,0,0,0,3.280,4.760,3.000,3.000,3.0,26.0,STRUCTURAL_HAZARD
2026-08-26T10:44:37.033Z,94.21,149.01,0.000,2.540,7.183,6.815,7.179,6.822,6.829,0.000,Worker_2,-4.290,-3.740,15.596,0,0,1,3.280,4.760,3.000,3.000,3.0,26.0,STRUCTURAL_HAZARD
2026-08-26T10:44:37.033Z,94.21,149.01,0.000,2.540,7.183,6.815,7.179,6.822,6.829,0.000,Worker_3,3.640,-7.120,14.391,0,0,1,3.280,4.760,3.000,3.000,3.0,26.0,STRUCTURAL_HAZARD
2026-08-26T10:44:37.164Z,94.34,149.01,0.000,2.540,7.183,6.815,7.179,6.822,6.829,0.000,Worker_1,0.077,10.958,8.215,0,0,0,3.280,4.760,3.000,3.000,3.0,26.0,STRUCTURAL_HAZARD
2026-08-26T10:44:37.164Z,94.34,149.01,0.000,2.540,7.183,6.815,7.179,6.822,6.829,0.000,Worker_2,-4.290,-3.740,15.596,0,0,1,3.280,4.760,3.000,3.000,3.0,26.0,STRUCTURAL_HAZARD
2026-08-26T10:44:37.164Z,94.34,149.01,0.000,2.540,7.183,6.815,7.179,6.822,6.829,0.000,Worker_3,3.640,-7.120,14.391,0,0,1,3.280,4.760,3.000,3.000,3.0,26.0,STRUCTURAL_HAZARD
2026-08-26T10:44:37.265Z,94.44,149.01,0.000,2.540,7.183,6.815,7.179,6.822,6.829,0.000,Worker_1,-0.119,11.004,8.408,0,0,0,3.280,4.760,3.000,3.000,3.0,26.0,STRUCTURAL_HAZARD
2026-08-26T10:44:37.265Z,94.44,149.01,0.000,2.540,7.183,6.815,7.179,6.822,6.829,0.000,Worker_2,-4.290,-3.740,15.596,0,0,1,3.280,4.760,3.000,3.000,3.0,26.0,STRUCTURAL_HAZARD
2026-08-26T10:44:37.265Z,94.44,149.01,0.000,2.540,7.183,6.815,7.179,6.822,6.829,0.000,Worker_3,3.640,-7.120,14.391,0,0,1,3.280,4.760,3.000,3.000,3.0,26.0,STRUCTURAL_HAZARD
2026-08-26T10:44:37.366Z,94.54,149.01,0.000,2.540,7.183,6.815,7.179,6.822,6.829,0.000,Worker_1,-0.314,11.050,8.600,0,0,0,3.280,4.760,3.000,3.000,3.0,26.0,STRUCTURAL_HAZARD
2026-08-26T10:44:37.366Z,94.54,149.01,0.000,2.540,7.183,6.815,7.179,6.822,6.829,0.000,Worker_2,-4.290,-3.740,15.596,0,0,1,3.280,4.760,3.000,3.000,3.0,26.0,STRUCTURAL_HAZARD
2026-08-26T10:44:37.366Z,94.54,149.01,0.000,2.540,7.183,6.815,7.179,6.822,6.829,0.000,Worker_3,3.640,-7.120,14.391,0,0,1,3.280,4.760,3.000,3.000,3.0,26.0,STRUCTURAL_HAZARD
2026-08-26T10:44:37.502Z,94.68,149.01,0.000,2.540,7.183,6.815,7.179,6.822,6.829,0.000,Worker_1,-0.578,11.112,8.861,0,0,0,3.280,4.760,3.000,3.000,3.0,26.0,STRUCTURAL_HAZARD
2026-08-26T10:44:37.502Z,94.68,149.01,0.000,2.540,7.183,6.815,7.179,6.822,6.829,0.000,Worker_2,-4.290,-3.740,15.596,0,0,1,3.280,4.760,3.000,3.000,3.0,26.0,STRUCTURAL_HAZARD
2026-08-26T10:44:37.502Z,94.68,149.01,0.000,2.540,7.183,6.815,7.179,6.822,6.829,0.000,Worker_3,3.640,-7.120,14.391,0,0,1,3.280,4.760,3.000,3.000,3.0,26.0,STRUCTURAL_HAZARD
2026-08-26T10:44:37.617Z,94.79,149.01,0.000,2.540,7.183,6.815,7.179,6.822,6.829,0.000,Worker_1,-0.804,11.165,9.084,0,0,0,3.280,4.760,3.000,3.000,3.0,26.0,STRUCTURAL_HAZARD
2026-08-26T10:44:37.617Z,94.79,149.01,0.000,2.540,7.183,6.815,7.179,6.822,6.829,0.000,Worker_2,-4.290,-3.740,15.596,0,0,1,3.280,4.760,3.000,3.000,3.0,26.0,STRUCTURAL_HAZARD
2026-08-26T10:44:37.617Z,94.79,149.01,0.000,2.540,7.183,6.815,7.179,6.822,6.829,0.000,Worker_3,3.640,-7.120,14.391,0,0,1,3.280,4.760,3.000,3.000,3.0,26.0,STRUCTURAL_HAZARD
2026-08-26T10:44:37.719Z,94.89,149.01,0.000,2.540,7.183,6.815,7.179,6.822,6.829,0.000,Worker_1,-1.002,11.212,9.281,0,0,0,3.280,4.760,3.000,3.000,3.0,26.0,STRUCTURAL_HAZARD
2026-08-26T10:44:37.719Z,94.89,149.01,0.000,2.540,7.183,6.815,7.179,6.822,6.829,0.000,Worker_2,-4.290,-3.740,15.596,0,0,1,3.280,4.760,3.000,3.000,3.0,26.0,STRUCTURAL_HAZARD
2026-08-26T10:44:37.719Z,94.89,149.01,0.000,2.540,7.183,6.815,7.179,6.822,6.829,0.000,Worker_3,3.640,-7.120,14.391,0,0,1,3.280,4.760,3.000,3.000,3.0,26.0,STRUCTURAL_HAZARD
2026-08-26T10:44:37.836Z,95.01,149.01,0.000,2.540,7.183,6.815,7.179,6.822,6.829,0.000,Worker_1,-1.230,11.266,9.507,0,0,0,3.280,4.760,3.000,3.000,3.0,26.0,STRUCTURAL_HAZARD
2026-08-26T10:44:37.836Z,95.01,149.01,0.000,2.540,7.183,6.815,7.179,6.822,6.829,0.000,Worker_2,-4.290,-3.740,15.596,0,0,1,3.280,4.760,3.000,3.000,3.0,26.0,STRUCTURAL_HAZARD
2026-08-26T10:44:37.836Z,95.01,149.01,0.000,2.540,7.183,6.815,7.179,6.822,6.829,0.000,Worker_3,3.640,-7.120,14.391,0,0,1,3.280,4.760,3.000,3.000,3.0,26.0,STRUCTURAL_HAZARD
2026-08-26T10:44:37.947Z,95.12,149.01,0.000,2.540,7.183,6.815,7.179,6.822,6.829,0.000,Worker_1,-1.320,11.287,9.598,0,0,0,3.280,4.760,3.000,3.000,3.0,26.0,STRUCTURAL_HAZARD
2026-08-26T10:44:37.947Z,95.12,149.01,0.000,2.540,7.183,6.815,7.179,6.822,6.829,0.000,Worker_2,-4.290,-3.740,15.596,0,0,1,3.280,4.760,3.000,3.000,3.0,26.0,STRUCTURAL_HAZARD
2026-08-26T10:44:37.947Z,95.12,149.01,0.000,2.540,7.183,6.815,7.179,6.822,6.829,0.000,Worker_3,3.640,-7.120,14.391,0,0,1,3.280,4.760,3.000,3.000,3.0,26.0,STRUCTURAL_HAZARD
2026-08-26T10:44:38.067Z,95.24,149.01,0.000,2.540,7.183,6.815,7.179,6.822,6.829,0.000,Worker_1,-1.088,11.232,9.366,0,0,0,3.280,4.760,3.000,3.000,3.0,26.0,STRUCTURAL_HAZARD
2026-08-26T10:44:38.067Z,95.24,149.01,0.000,2.540,7.183,6.815,7.179,6.822,6.829,0.000,Worker_2,-4.290,-3.740,15.596,0,0,1,3.280,4.760,3.000,3.000,3.0,26.0,STRUCTURAL_HAZARD
2026-08-26T10:44:38.067Z,95.24,149.01,0.000,2.540,7.183,6.815,7.179,6.822,6.829,0.000,Worker_3,3.640,-7.120,14.391,0,0,1,3.280,4.760,3.000,3.000,3.0,26.0,STRUCTURAL_HAZARD
2026-08-26T10:44:38.168Z,95.34,149.01,0.000,2.540,7.183,6.815,7.179,6.822,6.829,0.000,Worker_1,-0.893,11.186,9.173,0,0,0,3.280,4.760,3.000,3.000,3.0,26.0,STRUCTURAL_HAZARD
2026-08-26T10:44:38.168Z,95.34,149.01,0.000,2.540,7.183,6.815,7.179,6.822,6.829,0.000,Worker_2,-4.290,-3.740,15.596,0,0,1,3.280,4.760,3.000,3.000,3.0,26.0,STRUCTURAL_HAZARD
2026-08-26T10:44:38.168Z,95.34,149.01,0.000,2.540,7.183,6.815,7.179,6.822,6.829,0.000,Worker_3,3.640,-7.120,14.391,0,0,1,3.280,4.760,3.000,3.000,3.0,26.0,STRUCTURAL_HAZARD
2026-08-26T10:44:38.303Z,95.48,149.01,0.000,2.540,7.183,6.815,7.179,6.822,6.829,0.000,Worker_1,-0.627,11.124,8.910,0,0,0,3.280,4.760,3.000,3.000,3.0,26.0,STRUCTURAL_HAZARD
2026-08-26T10:44:38.303Z,95.48,149.01,0.000,2.540,7.183,6.815,7.179,6.822,6.829,0.000,Worker_2,-4.290,-3.740,15.596,0,0,1,3.280,4.760,3.000,3.000,3.0,26.0,STRUCTURAL_HAZARD
2026-08-26T10:44:38.303Z,95.48,149.01,0.000,2.540,7.183,6.815,7.179,6.822,6.829,0.000,Worker_3,3.640,-7.120,14.391,0,0,1,3.280,4.760,3.000,3.000,3.0,26.0,STRUCTURAL_HAZARD
2026-08-26T10:44:38.417Z,95.59,149.01,0.000,2.540,7.183,6.815,7.179,6.822,6.829,0.000,Worker_1,-0.406,11.072,8.691,0,0,0,3.280,4.760,3.000,3.000,3.0,26.0,STRUCTURAL_HAZARD
2026-08-26T10:44:38.417Z,95.59,149.01,0.000,2.540,7.183,6.815,7.179,6.822,6.829,0.000,Worker_2,-4.290,-3.740,15.596,0,0,1,3.280,4.760,3.000,3.000,3.0,26.0,STRUCTURAL_HAZARD
2026-08-26T10:44:38.417Z,95.59,149.01,0.000,2.540,7.183,6.815,7.179,6.822,6.829,0.000,Worker_3,3.640,-7.120,14.391,0,0,1,3.280,4.760,3.000,3.000,3.0,26.0,STRUCTURAL_HAZARD
2026-08-26T10:44:38.535Z,95.71,149.01,0.000,2.540,7.183,6.815,7.179,6.822,6.829,0.000,Worker_1,-0.176,11.018,8.464,0,0,0,3.280,4.760,3.000,3.000,3.0,26.0,STRUCTURAL_HAZARD
2026-08-26T10:44:38.535Z,95.71,149.01,0.000,2.540,7.183,6.815,7.179,6.822,6.829,0.000,Worker_2,-4.290,-3.740,15.596,0,0,1,3.280,4.760,3.000,3.000,3.0,26.0,STRUCTURAL_HAZARD
2026-08-26T10:44:38.535Z,95.71,149.01,0.000,2.540,7.183,6.815,7.179,6.822,6.829,0.000,Worker_3,3.640,-7.120,14.391,0,0,1,3.280,4.760,3.000,3.000,3.0,26.0,STRUCTURAL_HAZARD
2026-08-26T10:44:38.666Z,95.84,149.01,0.000,2.540,7.183,6.815,7.179,6.822,6.829,0.000,Worker_1,0.078,10.958,8.214,0,0,0,3.280,4.760,3.000,3.000,3.0,26.0,STRUCTURAL_HAZARD
2026-08-26T10:44:38.666Z,95.84,149.01,0.000,2.540,7.183,6.815,7.179,6.822,6.829,0.000,Worker_2,-4.290,-3.740,15.596,0,0,1,3.280,4.760,3.000,3.000,3.0,26.0,STRUCTURAL_HAZARD
2026-08-26T10:44:38.666Z,95.84,149.01,0.000,2.540,7.183,6.815,7.179,6.822,6.829,0.000,Worker_3,3.640,-7.120,14.391,0,0,1,3.280,4.760,3.000,3.000,3.0,26.0,STRUCTURAL_HAZARD
2026-08-26T10:44:38.768Z,95.94,149.01,0.000,2.540,7.183,6.815,7.179,6.822,6.829,0.000,Worker_1,0.277,10.911,8.019,0,0,0,3.280,4.760,3.000,3.000,3.0,26.0,STRUCTURAL_HAZARD
2026-08-26T10:44:38.768Z,95.94,149.01,0.000,2.540,7.183,6.815,7.179,6.822,6.829,0.000,Worker_2,-4.290,-3.740,15.596,0,0,1,3.280,4.760,3.000,3.000,3.0,26.0,STRUCTURAL_HAZARD
2026-08-26T10:44:38.768Z,95.94,149.01,0.000,2.540,7.183,6.815,7.179,6.822,6.829,0.000,Worker_3,3.640,-7.120,14.391,0,0,1,3.280,4.760,3.000,3.000,3.0,26.0,STRUCTURAL_HAZARD
2026-08-26T10:44:38.871Z,96.05,149.01,0.000,2.540,7.183,6.815,7.179,6.822,6.829,0.000,Worker_1,0.479,10.863,7.821,0,0,0,3.280,4.760,3.000,3.000,3.0,26.0,STRUCTURAL_HAZARD
2026-08-26T10:44:38.871Z,96.05,149.01,0.000,2.540,7.183,6.815,7.179,6.822,6.829,0.000,Worker_2,-4.290,-3.740,15.596,0,0,1,3.280,4.760,3.000,3.000,3.0,26.0,STRUCTURAL_HAZARD
2026-08-26T10:44:38.871Z,96.05,149.01,0.000,2.540,7.183,6.815,7.179,6.822,6.829,0.000,Worker_3,3.640,-7.120,14.391,0,0,1,3.280,4.760,3.000,3.000,3.0,26.0,STRUCTURAL_HAZARD
2026-08-26T10:44:38.980Z,96.16,149.01,0.000,2.540,7.183,6.815,7.179,6.822,6.829,0.000,Worker_1,0.691,10.814,7.614,0,0,0,3.280,4.760,3.000,3.000,3.0,26.0,STRUCTURAL_HAZARD
2026-08-26T10:44:38.980Z,96.16,149.01,0.000,2.540,7.183,6.815,7.179,6.822,6.829,0.000,Worker_2,-4.290,-3.740,15.596,0,0,1,3.280,4.760,3.000,3.000,3.0,26.0,STRUCTURAL_HAZARD
2026-08-26T10:44:38.980Z,96.16,149.01,0.000,2.540,7.183,6.815,7.179,6.822,6.829,0.000,Worker_3,3.640,-7.120,14.391,0,0,1,3.280,4.760,3.000,3.000,3.0,26.0,STRUCTURAL_HAZARD
2026-08-26T10:44:39.085Z,96.26,149.01,0.000,2.540,7.183,6.815,7.179,6.822,6.829,0.000,Worker_1,0.894,10.766,7.416,0,0,0,3.280,4.760,3.000,3.000,3.0,26.0,STRUCTURAL_HAZARD
2026-08-26T10:44:39.085Z,96.26,149.01,0.000,2.540,7.183,6.815,7.179,6.822,6.829,0.000,Worker_2,-4.290,-3.740,15.596,0,0,1,3.280,4.760,3.000,3.000,3.0,26.0,STRUCTURAL_HAZARD
2026-08-26T10:44:39.085Z,96.26,149.01,0.000,2.540,7.183,6.815,7.179,6.822,6.829,0.000,Worker_3,3.640,-7.120,14.391,0,0,1,3.280,4.760,3.000,3.000,3.0,26.0,STRUCTURAL_HAZARD
2026-08-26T10:44:39.191Z,96.37,149.01,0.000,2.540,7.183,6.815,7.179,6.822,6.829,0.000,Worker_1,1.102,10.717,7.214,0,0,0,3.280,4.760,3.000,3.000,3.0,26.0,STRUCTURAL_HAZARD
2026-08-26T10:44:39.191Z,96.37,149.01,0.000,2.540,7.183,6.815,7.179,6.822,6.829,0.000,Worker_2,-4.290,-3.740,15.596,0,0,1,3.280,4.760,3.000,3.000,3.0,26.0,STRUCTURAL_HAZARD
2026-08-26T10:44:39.191Z,96.37,149.01,0.000,2.540,7.183,6.815,7.179,6.822,6.829,0.000,Worker_3,3.640,-7.120,14.391,0,0,1,3.280,4.760,3.000,3.000,3.0,26.0,STRUCTURAL_HAZARD
2026-08-26T10:44:39.314Z,96.49,149.01,0.000,2.540,7.183,6.815,7.179,6.822,6.829,0.000,Worker_1,1.341,10.660,6.983,0,0,0,3.280,4.760,3.000,3.000,3.0,26.0,STRUCTURAL_HAZARD
2026-08-26T10:44:39.314Z,96.49,149.01,0.000,2.540,7.183,6.815,7.179,6.822,6.829,0.000,Worker_2,-4.290,-3.740,15.596,0,0,1,3.280,4.760,3.000,3.000,3.0,26.0,STRUCTURAL_HAZARD
2026-08-26T10:44:39.314Z,96.49,149.01,0.000,2.540,7.183,6.815,7.179,6.822,6.829,0.000,Worker_3,3.640,-7.120,14.391,0,0,1,3.280,4.760,3.000,3.000,3.0,26.0,STRUCTURAL_HAZARD
2026-08-26T10:44:39.435Z,96.61,149.01,0.000,2.540,7.183,6.815,7.179,6.822,6.829,0.000,Worker_1,1.577,10.605,6.755,0,0,0,3.280,4.760,3.000,3.000,3.0,26.0,STRUCTURAL_HAZARD
2026-08-26T10:44:39.435Z,96.61,149.01,0.000,2.540,7.183,6.815,7.179,6.822,6.829,0.000,Worker_2,-4.290,-3.740,15.596,0,0,1,3.280,4.760,3.000,3.000,3.0,26.0,STRUCTURAL_HAZARD
2026-08-26T10:44:39.435Z,96.61,149.01,0.000,2.540,7.183,6.815,7.179,6.822,6.829,0.000,Worker_3,3.640,-7.120,14.391,0,0,1,3.280,4.760,3.000,3.000,3.0,26.0,STRUCTURAL_HAZARD
2026-08-26T10:44:39.549Z,96.72,149.01,0.000,2.540,7.183,6.815,7.179,6.822,6.829,0.000,Worker_1,1.798,10.553,6.544,0,0,0,3.280,4.760,3.000,3.000,3.0,26.0,STRUCTURAL_HAZARD
2026-08-26T10:44:39.549Z,96.72,149.01,0.000,2.540,7.183,6.815,7.179,6.822,6.829,0.000,Worker_2,-4.290,-3.740,15.596,0,0,1,3.280,4.760,3.000,3.000,3.0,26.0,STRUCTURAL_HAZARD
2026-08-26T10:44:39.549Z,96.72,149.01,0.000,2.540,7.183,6.815,7.179,6.822,6.829,0.000,Worker_3,3.640,-7.120,14.391,0,0,1,3.280,4.760,3.000,3.000,3.0,26.0,STRUCTURAL_HAZARD
2026-08-26T10:44:39.662Z,96.84,149.01,0.000,2.540,7.183,6.815,7.179,6.822,6.829,0.000,Worker_1,2.018,10.501,6.334,0,0,0,3.280,4.760,3.000,3.000,3.0,26.0,STRUCTURAL_HAZARD
2026-08-26T10:44:39.662Z,96.84,149.01,0.000,2.540,7.183,6.815,7.179,6.822,6.829,0.000,Worker_2,-4.290,-3.740,15.596,0,0,1,3.280,4.760,3.000,3.000,3.0,26.0,STRUCTURAL_HAZARD
2026-08-26T10:44:39.662Z,96.84,149.01,0.000,2.540,7.183,6.815,7.179,6.822,6.829,0.000,Worker_3,3.640,-7.120,14.391,0,0,1,3.280,4.760,3.000,3.000,3.0,26.0,STRUCTURAL_HAZARD
2026-08-26T10:44:39.765Z,96.94,149.01,0.000,2.540,7.183,6.815,7.179,6.822,6.829,0.000,Worker_1,2.219,10.454,6.143,0,0,0,3.280,4.760,3.000,3.000,3.0,26.0,STRUCTURAL_HAZARD
2026-08-26T10:44:39.765Z,96.94,149.01,0.000,2.540,7.183,6.815,7.179,6.822,6.829,0.000,Worker_2,-4.290,-3.740,15.596,0,0,1,3.280,4.760,3.000,3.000,3.0,26.0,STRUCTURAL_HAZARD
2026-08-26T10:44:39.765Z,96.94,149.01,0.000,2.540,7.183,6.815,7.179,6.822,6.829,0.000,Worker_3,3.640,-7.120,14.391,0,0,1,3.280,4.760,3.000,3.000,3.0,26.0,STRUCTURAL_HAZARD
2026-08-26T10:44:39.914Z,97.09,149.01,0.000,2.540,7.183,6.815,7.179,6.822,6.829,0.000,Worker_1,2.507,10.386,5.872,0,0,0,3.280,4.760,3.000,3.000,3.0,26.0,STRUCTURAL_HAZARD
2026-08-26T10:44:39.914Z,97.09,149.01,0.000,2.540,7.183,6.815,7.179,6.822,6.829,0.000,Worker_2,-4.290,-3.740,15.596,0,0,1,3.280,4.760,3.000,3.000,3.0,26.0,STRUCTURAL_HAZARD
2026-08-26T10:44:39.914Z,97.09,149.01,0.000,2.540,7.183,6.815,7.179,6.822,6.829,0.000,Worker_3,3.640,-7.120,14.391,0,0,1,3.280,4.760,3.000,3.000,3.0,26.0,STRUCTURAL_HAZARD
2026-08-26T10:44:40.046Z,97.22,149.01,0.000,2.540,7.183,6.815,7.179,6.822,6.829,0.000,Worker_1,2.764,10.325,5.632,0,0,1,3.280,4.760,3.000,3.000,3.0,26.0,STRUCTURAL_HAZARD
2026-08-26T10:44:40.046Z,97.22,149.01,0.000,2.540,7.183,6.815,7.179,6.822,6.829,0.000,Worker_2,-4.290,-3.740,15.596,0,0,1,3.280,4.760,3.000,3.000,3.0,26.0,STRUCTURAL_HAZARD
2026-08-26T10:44:40.046Z,97.22,149.01,0.000,2.540,7.183,6.815,7.179,6.822,6.829,0.000,Worker_3,3.640,-7.120,14.391,0,0,1,3.280,4.760,3.000,3.000,3.0,26.0,STRUCTURAL_HAZARD
2026-08-26T10:44:40.159Z,97.34,149.01,0.000,2.540,7.183,6.815,7.179,6.822,6.829,0.000,Worker_1,2.987,10.273,5.425,0,0,1,3.280,4.760,3.000,3.000,3.0,26.0,STRUCTURAL_HAZARD
2026-08-26T10:44:40.159Z,97.34,149.01,0.000,2.540,7.183,6.815,7.179,6.822,6.829,0.000,Worker_2,-4.290,-3.740,15.596,0,0,1,3.280,4.760,3.000,3.000,3.0,26.0,STRUCTURAL_HAZARD
2026-08-26T10:44:40.159Z,97.34,149.01,0.000,2.540,7.183,6.815,7.179,6.822,6.829,0.000,Worker_3,3.640,-7.120,14.391,0,0,1,3.280,4.760,3.000,3.000,3.0,26.0,STRUCTURAL_HAZARD
2026-08-26T10:44:40.268Z,97.44,149.01,0.000,2.540,7.183,6.815,7.179,6.822,6.829,0.000,Worker_1,3.196,10.224,5.233,0,1,1,3.280,4.760,3.000,3.000,3.0,26.0,STRUCTURAL_HAZARD
2026-08-26T10:44:40.268Z,97.44,149.01,0.000,2.540,7.183,6.815,7.179,6.822,6.829,0.000,Worker_2,-4.290,-3.740,15.596,0,0,1,3.280,4.760,3.000,3.000,3.0,26.0,STRUCTURAL_HAZARD
2026-08-26T10:44:40.268Z,97.44,149.01,0.000,2.540,7.183,6.815,7.179,6.822,6.829,0.000,Worker_3,3.640,-7.120,14.391,0,0,1,3.280,4.760,3.000,3.000,3.0,26.0,STRUCTURAL_HAZARD
2026-08-26T10:44:40.383Z,97.56,149.01,0.000,2.540,7.183,6.815,7.179,6.822,6.829,0.000,Worker_1,3.423,10.170,5.027,0,1,1,3.280,4.760,3.000,3.000,3.0,26.0,STRUCTURAL_HAZARD
2026-08-26T10:44:40.383Z,97.56,149.01,0.000,2.540,7.183,6.815,7.179,6.822,6.829,0.000,Worker_2,-4.290,-3.740,15.596,0,0,1,3.280,4.760,3.000,3.000,3.0,26.0,STRUCTURAL_HAZARD
2026-08-26T10:44:40.383Z,97.56,149.01,0.000,2.540,7.183,6.815,7.179,6.822,6.829,0.000,Worker_3,3.640,-7.120,14.391,0,0,1,3.280,4.760,3.000,3.000,3.0,26.0,STRUCTURAL_HAZARD
2026-08-26T10:44:40.499Z,97.67,149.01,0.000,2.540,7.183,6.815,7.179,6.822,6.829,0.000,Worker_1,3.648,10.117,4.825,0,1,1,3.280,4.760,3.000,3.000,3.0,26.0,STRUCTURAL_HAZARD
2026-08-26T10:44:40.499Z,97.67,149.01,0.000,2.540,7.183,6.815,7.179,6.822,6.829,0.000,Worker_2,-4.290,-3.740,15.596,0,0,1,3.280,4.760,3.000,3.000,3.0,26.0,STRUCTURAL_HAZARD
2026-08-26T10:44:40.499Z,97.67,149.01,0.000,2.540,7.183,6.815,7.179,6.822,6.829,0.000,Worker_3,3.640,-7.120,14.391,0,0,1,3.280,4.760,3.000,3.000,3.0,26.0,STRUCTURAL_HAZARD
2026-08-26T10:44:40.620Z,97.80,149.01,0.000,2.540,7.183,6.815,7.179,6.822,6.829,0.000,Worker_1,3.884,10.062,4.616,0,1,1,3.280,4.760,3.000,3.000,3.0,26.0,STRUCTURAL_HAZARD
2026-08-26T10:44:40.620Z,97.80,149.01,0.000,2.540,7.183,6.815,7.179,6.822,6.829,0.000,Worker_2,-4.290,-3.740,15.596,0,0,1,3.280,4.760,3.000,3.000,3.0,26.0,STRUCTURAL_HAZARD
2026-08-26T10:44:40.620Z,97.80,149.01,0.000,2.540,7.183,6.815,7.179,6.822,6.829,0.000,Worker_3,3.640,-7.120,14.391,0,0,1,3.280,4.760,3.000,3.000,3.0,26.0,STRUCTURAL_HAZARD
2026-08-26T10:44:40.736Z,97.91,149.01,0.000,2.540,7.183,6.815,7.179,6.822,6.829,0.000,Worker_1,4.109,10.009,4.420,0,1,1,3.280,4.760,3.000,3.000,3.0,26.0,STRUCTURAL_HAZARD
2026-08-26T10:44:40.736Z,97.91,149.01,0.000,2.540,7.183,6.815,7.179,6.822,6.829,0.000,Worker_2,-4.290,-3.740,15.596,0,0,1,3.280,4.760,3.000,3.000,3.0,26.0,STRUCTURAL_HAZARD
2026-08-26T10:44:40.736Z,97.91,149.01,0.000,2.540,7.183,6.815,7.179,6.822,6.829,0.000,Worker_3,3.640,-7.120,14.391,0,0,1,3.280,4.760,3.000,3.000,3.0,26.0,STRUCTURAL_HAZARD
2026-08-26T10:44:40.841Z,98.02,149.01,0.000,2.540,7.183,6.815,7.179,6.822,6.829,0.000,Worker_1,4.314,9.960,4.244,0,1,1,3.280,4.760,3.000,3.000,3.0,26.0,STRUCTURAL_HAZARD
2026-08-26T10:44:40.841Z,98.02,149.01,0.000,2.540,7.183,6.815,7.179,6.822,6.829,0.000,Worker_2,-4.290,-3.740,15.596,0,0,1,3.280,4.760,3.000,3.000,3.0,26.0,STRUCTURAL_HAZARD
2026-08-26T10:44:40.841Z,98.02,149.01,0.000,2.540,7.183,6.815,7.179,6.822,6.829,0.000,Worker_3,3.640,-7.120,14.391,0,0,1,3.280,4.760,3.000,3.000,3.0,26.0,STRUCTURAL_HAZARD
2026-08-26T10:44:40.963Z,98.14,149.01,0.000,2.540,7.183,6.815,7.179,6.822,6.829,0.000,Worker_1,4.552,9.904,4.045,0,1,1,3.280,4.760,3.000,3.000,3.0,26.0,STRUCTURAL_HAZARD
2026-08-26T10:44:40.963Z,98.14,149.01,0.000,2.540,7.183,6.815,7.179,6.822,6.829,0.000,Worker_2,-4.290,-3.740,15.596,0,0,1,3.280,4.760,3.000,3.000,3.0,26.0,STRUCTURAL_HAZARD
2026-08-26T10:44:40.963Z,98.14,149.01,0.000,2.540,7.183,6.815,7.179,6.822,6.829,0.000,Worker_3,3.640,-7.120,14.391,0,0,1,3.280,4.760,3.000,3.000,3.0,26.0,STRUCTURAL_HAZARD
2026-08-26T10:44:41.066Z,98.24,149.01,0.000,2.540,7.183,6.815,7.179,6.822,6.829,0.000,Worker_1,4.752,9.857,3.881,0,1,1,3.280,4.760,3.000,3.000,3.0,26.0,STRUCTURAL_HAZARD
2026-08-26T10:44:41.066Z,98.24,149.01,0.000,2.540,7.183,6.815,7.179,6.822,6.829,0.000,Worker_2,-4.290,-3.740,15.596,0,0,1,3.280,4.760,3.000,3.000,3.0,26.0,STRUCTURAL_HAZARD
2026-08-26T10:44:41.066Z,98.24,149.01,0.000,2.540,7.183,6.815,7.179,6.822,6.829,0.000,Worker_3,3.640,-7.120,14.391,0,0,1,3.280,4.760,3.000,3.000,3.0,26.0,STRUCTURAL_HAZARD
2026-08-26T10:44:41.189Z,98.37,149.01,0.000,2.540,7.183,6.815,7.179,6.822,6.829,0.000,Worker_1,4.993,9.800,3.689,0,1,1,3.280,4.760,3.000,3.000,3.0,26.0,STRUCTURAL_HAZARD
2026-08-26T10:44:41.189Z,98.37,149.01,0.000,2.540,7.183,6.815,7.179,6.822,6.829,0.000,Worker_2,-4.290,-3.740,15.596,0,0,1,3.280,4.760,3.000,3.000,3.0,26.0,STRUCTURAL_HAZARD
2026-08-26T10:44:41.189Z,98.37,149.01,0.000,2.540,7.183,6.815,7.179,6.822,6.829,0.000,Worker_3,3.640,-7.120,14.391,0,0,1,3.280,4.760,3.000,3.000,3.0,26.0,STRUCTURAL_HAZARD
2026-08-26T10:44:41.318Z,98.49,149.01,0.000,2.540,7.183,6.815,7.179,6.822,6.829,0.000,Worker_1,5.242,9.742,3.498,0,1,1,3.280,4.760,3.000,3.000,3.0,26.0,STRUCTURAL_HAZARD
2026-08-26T10:44:41.318Z,98.49,149.01,0.000,2.540,7.183,6.815,7.179,6.822,6.829,0.000,Worker_2,-4.290,-3.740,15.596,0,0,1,3.280,4.760,3.000,3.000,3.0,26.0,STRUCTURAL_HAZARD
2026-08-26T10:44:41.318Z,98.49,149.01,0.000,2.540,7.183,6.815,7.179,6.822,6.829,0.000,Worker_3,3.640,-7.120,14.391,0,0,1,3.280,4.760,3.000,3.000,3.0,26.0,STRUCTURAL_HAZARD
2026-08-26T10:44:41.419Z,98.60,149.01,0.000,2.540,7.183,6.815,7.179,6.822,6.829,0.000,Worker_1,5.440,9.695,3.353,0,1,1,3.280,4.760,3.000,3.000,3.0,26.0,STRUCTURAL_HAZARD
2026-08-26T10:44:41.419Z,98.60,149.01,0.000,2.540,7.183,6.815,7.179,6.822,6.829,0.000,Worker_2,-4.290,-3.740,15.596,0,0,1,3.280,4.760,3.000,3.000,3.0,26.0,STRUCTURAL_HAZARD
2026-08-26T10:44:41.419Z,98.60,149.01,0.000,2.540,7.183,6.815,7.179,6.822,6.829,0.000,Worker_3,3.640,-7.120,14.391,0,0,1,3.280,4.760,3.000,3.000,3.0,26.0,STRUCTURAL_HAZARD
2026-08-26T10:44:41.527Z,98.70,149.01,0.000,2.540,7.183,6.815,7.179,6.822,6.829,0.000,Worker_1,5.649,9.646,3.206,0,1,1,3.280,4.760,3.000,3.000,3.0,26.0,STRUCTURAL_HAZARD
2026-08-26T10:44:41.527Z,98.70,149.01,0.000,2.540,7.183,6.815,7.179,6.822,6.829,0.000,Worker_2,-4.290,-3.740,15.596,0,0,1,3.280,4.760,3.000,3.000,3.0,26.0,STRUCTURAL_HAZARD
2026-08-26T10:44:41.527Z,98.70,149.01,0.000,2.540,7.183,6.815,7.179,6.822,6.829,0.000,Worker_3,3.640,-7.120,14.391,0,0,1,3.280,4.760,3.000,3.000,3.0,26.0,STRUCTURAL_HAZARD
2026-08-26T10:44:41.656Z,98.83,149.01,0.000,2.540,7.183,6.815,7.179,6.822,6.829,0.000,Worker_1,5.902,9.586,3.039,0,1,1,3.280,4.760,3.000,3.000,3.0,26.0,STRUCTURAL_HAZARD
2026-08-26T10:44:41.656Z,98.83,149.01,0.000,2.540,7.183,6.815,7.179,6.822,6.829,0.000,Worker_2,-4.290,-3.740,15.596,0,0,1,3.280,4.760,3.000,3.000,3.0,26.0,STRUCTURAL_HAZARD
2026-08-26T10:44:41.656Z,98.83,149.01,0.000,2.540,7.183,6.815,7.179,6.822,6.829,0.000,Worker_3,3.640,-7.120,14.391,0,0,1,3.280,4.760,3.000,3.000,3.0,26.0,STRUCTURAL_HAZARD
2026-08-26T10:44:41.776Z,98.95,149.01,0.000,2.540,7.183,6.815,7.179,6.822,6.829,0.000,Worker_1,6.135,9.531,2.897,1,1,1,3.280,4.760,3.000,3.000,3.0,26.0,CRITICAL_BLINDSPOT
2026-08-26T10:44:41.776Z,98.95,149.01,0.000,2.540,7.183,6.815,7.179,6.822,6.829,0.000,Worker_2,-4.290,-3.740,15.596,0,0,1,3.280,4.760,3.000,3.000,3.0,26.0,STRUCTURAL_HAZARD
2026-08-26T10:44:41.776Z,98.95,149.01,0.000,2.540,7.183,6.815,7.179,6.822,6.829,0.000,Worker_3,3.640,-7.120,14.391,0,0,1,3.280,4.760,3.000,3.000,3.0,26.0,STRUCTURAL_HAZARD
2026-08-26T10:44:41.886Z,99.06,149.01,0.000,2.540,7.183,6.815,7.179,6.822,6.829,0.000,Worker_1,6.348,9.481,2.779,1,1,1,3.280,4.760,3.000,3.000,3.0,26.0,CRITICAL_BLINDSPOT
2026-08-26T10:44:41.886Z,99.06,149.01,0.000,2.540,7.183,6.815,7.179,6.822,6.829,0.000,Worker_2,-4.290,-3.740,15.596,0,0,1,3.280,4.760,3.000,3.000,3.0,26.0,STRUCTURAL_HAZARD
2026-08-26T10:44:41.886Z,99.06,149.01,0.000,2.540,7.183,6.815,7.179,6.822,6.829,0.000,Worker_3,3.640,-7.120,14.391,0,0,1,3.280,4.760,3.000,3.000,3.0,26.0,STRUCTURAL_HAZARD
2026-08-26T10:44:41.996Z,99.17,149.01,0.000,2.540,7.183,6.815,7.179,6.822,6.829,0.000,Worker_1,6.561,9.431,2.675,1,1,1,3.280,4.760,3.000,3.000,3.0,26.0,CRITICAL_BLINDSPOT
2026-08-26T10:44:41.996Z,99.17,149.01,0.000,2.540,7.183,6.815,7.179,6.822,6.829,0.000,Worker_2,-4.290,-3.740,15.596,0,0,1,3.280,4.760,3.000,3.000,3.0,26.0,STRUCTURAL_HAZARD
2026-08-26T10:44:41.996Z,99.17,149.01,0.000,2.540,7.183,6.815,7.179,6.822,6.829,0.000,Worker_3,3.640,-7.120,14.391,0,0,1,3.280,4.760,3.000,3.000,3.0,26.0,STRUCTURAL_HAZARD
2026-08-26T10:44:42.112Z,99.29,149.01,0.000,2.540,7.183,6.815,7.179,6.822,6.829,0.000,Worker_1,6.789,9.377,2.578,1,1,1,3.280,4.760,3.000,3.000,3.0,26.0,CRITICAL_BLINDSPOT
2026-08-26T10:44:42.112Z,99.29,149.01,0.000,2.540,7.183,6.815,7.179,6.822,6.829,0.000,Worker_2,-4.290,-3.740,15.596,0,0,1,3.280,4.760,3.000,3.000,3.0,26.0,STRUCTURAL_HAZARD
2026-08-26T10:44:42.112Z,99.29,149.01,0.000,2.540,7.183,6.815,7.179,6.822,6.829,0.000,Worker_3,3.640,-7.120,14.391,0,0,1,3.280,4.760,3.000,3.000,3.0,26.0,STRUCTURAL_HAZARD
2026-08-26T10:44:42.229Z,99.40,149.01,0.000,2.540,7.183,6.815,7.179,6.822,6.829,0.000,Worker_1,7.015,9.324,2.501,1,1,1,3.280,4.760,3.000,3.000,3.0,26.0,CRITICAL_BLINDSPOT
2026-08-26T10:44:42.229Z,99.40,149.01,0.000,2.540,7.183,6.815,7.179,6.822,6.829,0.000,Worker_2,-4.290,-3.740,15.596,0,0,1,3.280,4.760,3.000,3.000,3.0,26.0,STRUCTURAL_HAZARD
2026-08-26T10:44:42.229Z,99.40,149.01,0.000,2.540,7.183,6.815,7.179,6.822,6.829,0.000,Worker_3,3.640,-7.120,14.391,0,0,1,3.280,4.760,3.000,3.000,3.0,26.0,STRUCTURAL_HAZARD
2026-08-26T10:44:42.330Z,99.51,149.01,0.000,2.540,7.183,6.815,7.179,6.822,6.829,0.000,Worker_1,7.213,9.278,2.449,1,1,1,3.280,4.760,3.000,3.000,3.0,26.0,CRITICAL_BLINDSPOT
2026-08-26T10:44:42.330Z,99.51,149.01,0.000,2.540,7.183,6.815,7.179,6.822,6.829,0.000,Worker_2,-4.290,-3.740,15.596,0,0,1,3.280,4.760,3.000,3.000,3.0,26.0,STRUCTURAL_HAZARD
2026-08-26T10:44:42.330Z,99.51,149.01,0.000,2.540,7.183,6.815,7.179,6.822,6.829,0.000,Worker_3,3.640,-7.120,14.391,0,0,1,3.280,4.760,3.000,3.000,3.0,26.0,STRUCTURAL_HAZARD
2026-08-26T10:44:42.435Z,99.61,149.01,0.000,2.540,7.183,6.815,7.179,6.822,6.829,0.000,Worker_1,7.414,9.230,2.413,1,1,1,3.280,4.760,3.000,3.000,3.0,26.0,CRITICAL_BLINDSPOT
2026-08-26T10:44:42.435Z,99.61,149.01,0.000,2.540,7.183,6.815,7.179,6.822,6.829,0.000,Worker_2,-4.290,-3.740,15.596,0,0,1,3.280,4.760,3.000,3.000,3.0,26.0,STRUCTURAL_HAZARD
2026-08-26T10:44:42.435Z,99.61,149.01,0.000,2.540,7.183,6.815,7.179,6.822,6.829,0.000,Worker_3,3.640,-7.120,14.391,0,0,1,3.280,4.760,3.000,3.000,3.0,26.0,STRUCTURAL_HAZARD
2026-08-26T10:44:42.543Z,99.72,149.01,0.000,2.540,7.183,6.815,7.179,6.822,6.829,0.000,Worker_1,7.628,9.180,2.393,1,1,1,3.280,4.760,3.000,3.000,3.0,26.0,CRITICAL_BLINDSPOT
2026-08-26T10:44:42.543Z,99.72,149.01,0.000,2.540,7.183,6.815,7.179,6.822,6.829,0.000,Worker_2,-4.290,-3.740,15.596,0,0,1,3.280,4.760,3.000,3.000,3.0,26.0,STRUCTURAL_HAZARD
2026-08-26T10:44:42.543Z,99.72,149.01,0.000,2.540,7.183,6.815,7.179,6.822,6.829,0.000,Worker_3,3.640,-7.120,14.391,0,0,1,3.280,4.760,3.000,3.000,3.0,26.0,STRUCTURAL_HAZARD
2026-08-26T10:44:42.679Z,99.85,149.01,0.000,2.540,7.183,6.815,7.179,6.822,6.829,0.000,Worker_1,7.891,9.118,2.397,1,1,1,3.280,4.760,3.000,3.000,3.0,26.0,CRITICAL_BLINDSPOT
2026-08-26T10:44:42.679Z,99.85,149.01,0.000,2.540,7.183,6.815,7.179,6.822,6.829,0.000,Worker_2,-4.290,-3.740,15.596,0,0,1,3.280,4.760,3.000,3.000,3.0,26.0,STRUCTURAL_HAZARD
2026-08-26T10:44:42.679Z,99.85,149.01,0.000,2.540,7.183,6.815,7.179,6.822,6.829,0.000,Worker_3,3.640,-7.120,14.391,0,0,1,3.280,4.760,3.000,3.000,3.0,26.0,STRUCTURAL_HAZARD
2026-08-26T10:44:42.782Z,99.96,149.01,0.000,2.540,7.183,6.815,7.179,6.822,6.829,0.000,Worker_1,8.092,9.070,2.420,1,1,1,3.280,4.760,3.000,3.000,3.0,26.0,CRITICAL_BLINDSPOT
2026-08-26T10:44:42.782Z,99.96,149.01,0.000,2.540,7.183,6.815,7.179,6.822,6.829,0.000,Worker_2,-4.290,-3.740,15.596,0,0,1,3.280,4.760,3.000,3.000,3.0,26.0,STRUCTURAL_HAZARD
2026-08-26T10:44:42.782Z,99.96,149.01,0.000,2.540,7.183,6.815,7.179,6.822,6.829,0.000,Worker_3,3.640,-7.120,14.391,0,0,1,3.280,4.760,3.000,3.000,3.0,26.0,STRUCTURAL_HAZARD
2026-08-26T10:44:42.901Z,100.08,149.01,0.000,2.540,7.183,6.815,7.179,6.822,6.829,0.000,Worker_1,8.323,9.016,2.468,1,1,1,3.280,4.760,3.000,3.000,3.0,26.0,CRITICAL_BLINDSPOT
2026-08-26T10:44:42.901Z,100.08,149.01,0.000,2.540,7.183,6.815,7.179,6.822,6.829,0.000,Worker_2,-4.290,-3.740,15.596,0,0,1,3.280,4.760,3.000,3.000,3.0,26.0,STRUCTURAL_HAZARD
2026-08-26T10:44:42.901Z,100.08,149.01,0.000,2.540,7.183,6.815,7.179,6.822,6.829,0.000,Worker_3,3.640,-7.120,14.391,0,0,1,3.280,4.760,3.000,3.000,3.0,26.0,STRUCTURAL_HAZARD
2026-08-26T10:44:43.010Z,100.19,149.01,0.000,2.540,7.183,6.815,7.179,6.822,6.829,0.000,Worker_1,8.537,8.966,2.532,1,1,1,3.280,4.760,3.000,3.000,3.0,26.0,CRITICAL_BLINDSPOT
2026-08-26T10:44:43.010Z,100.19,149.01,0.000,2.540,7.183,6.815,7.179,6.822,6.829,0.000,Worker_2,-4.290,-3.740,15.596,0,0,1,3.280,4.760,3.000,3.000,3.0,26.0,STRUCTURAL_HAZARD
2026-08-26T10:44:43.010Z,100.19,149.01,0.000,2.540,7.183,6.815,7.179,6.822,6.829,0.000,Worker_3,3.640,-7.120,14.391,0,0,1,3.280,4.760,3.000,3.000,3.0,26.0,STRUCTURAL_HAZARD
2026-08-26T10:44:43.148Z,100.32,149.01,0.000,2.540,7.183,6.815,7.179,6.822,6.829,0.000,Worker_1,8.804,8.903,2.635,1,1,1,3.280,4.760,3.000,3.000,3.0,26.0,CRITICAL_BLINDSPOT
2026-08-26T10:44:43.148Z,100.32,149.01,0.000,2.540,7.183,6.815,7.179,6.822,6.829,0.000,Worker_2,-4.290,-3.740,15.596,0,0,1,3.280,4.760,3.000,3.000,3.0,26.0,STRUCTURAL_HAZARD
2026-08-26T10:44:43.148Z,100.32,149.01,0.000,2.540,7.183,6.815,7.179,6.822,6.829,0.000,Worker_3,3.640,-7.120,14.391,0,0,1,3.280,4.760,3.000,3.000,3.0,26.0,STRUCTURAL_HAZARD
2026-08-26T10:44:43.261Z,100.44,149.01,0.000,2.540,7.183,6.815,7.179,6.822,6.829,0.000,Worker_1,9.025,8.851,2.738,1,1,1,3.280,4.760,3.000,3.000,3.0,26.0,CRITICAL_BLINDSPOT
2026-08-26T10:44:43.261Z,100.44,149.01,0.000,2.540,7.183,6.815,7.179,6.822,6.829,0.000,Worker_2,-4.290,-3.740,15.596,0,0,1,3.280,4.760,3.000,3.000,3.0,26.0,STRUCTURAL_HAZARD
2026-08-26T10:44:43.261Z,100.44,149.01,0.000,2.540,7.183,6.815,7.179,6.822,6.829,0.000,Worker_3,3.640,-7.120,14.391,0,0,1,3.280,4.760,3.000,3.000,3.0,26.0,STRUCTURAL_HAZARD
2026-08-26T10:44:43.379Z,100.55,149.01,0.000,2.540,7.183,6.815,7.179,6.822,6.829,0.000,Worker_1,9.255,8.797,2.860,1,1,1,3.280,4.760,3.000,3.000,3.0,26.0,CRITICAL_BLINDSPOT
2026-08-26T10:44:43.379Z,100.55,149.01,0.000,2.540,7.183,6.815,7.179,6.822,6.829,0.000,Worker_2,-4.290,-3.740,15.596,0,0,1,3.280,4.760,3.000,3.000,3.0,26.0,STRUCTURAL_HAZARD
2026-08-26T10:44:43.379Z,100.55,149.01,0.000,2.540,7.183,6.815,7.179,6.822,6.829,0.000,Worker_3,3.640,-7.120,14.391,0,0,1,3.280,4.760,3.000,3.000,3.0,26.0,STRUCTURAL_HAZARD
2026-08-26T10:44:43.494Z,100.67,149.01,0.000,2.540,7.183,6.815,7.179,6.822,6.829,0.000,Worker_1,9.478,8.744,2.992,1,1,1,3.280,4.760,3.000,3.000,3.0,26.0,CRITICAL_BLINDSPOT
2026-08-26T10:44:43.494Z,100.67,149.01,0.000,2.540,7.183,6.815,7.179,6.822,6.829,0.000,Worker_2,-4.290,-3.740,15.596,0,0,1,3.280,4.760,3.000,3.000,3.0,26.0,STRUCTURAL_HAZARD
2026-08-26T10:44:43.494Z,100.67,149.01,0.000,2.540,7.183,6.815,7.179,6.822,6.829,0.000,Worker_3,3.640,-7.120,14.391,0,0,1,3.280,4.760,3.000,3.000,3.0,26.0,STRUCTURAL_HAZARD
2026-08-26T10:44:43.603Z,100.78,149.01,0.000,2.540,7.183,6.815,7.179,6.822,6.829,0.000,Worker_1,9.644,8.705,3.097,0,1,0,3.280,4.760,3.000,3.000,3.0,26.0,STRUCTURAL_HAZARD
2026-08-26T10:44:43.603Z,100.78,149.01,0.000,2.540,7.183,6.815,7.179,6.822,6.829,0.000,Worker_2,-4.290,-3.740,15.596,0,0,1,3.280,4.760,3.000,3.000,3.0,26.0,STRUCTURAL_HAZARD
2026-08-26T10:44:43.603Z,100.78,149.01,0.000,2.540,7.183,6.815,7.179,6.822,6.829,0.000,Worker_3,3.640,-7.120,14.391,0,0,1,3.280,4.760,3.000,3.000,3.0,26.0,STRUCTURAL_HAZARD
2026-08-26T10:44:43.732Z,100.91,149.01,0.000,2.540,7.183,6.815,7.179,6.822,6.829,0.000,Worker_1,9.393,8.764,2.941,1,1,1,3.280,4.760,3.000,3.000,3.0,26.0,CRITICAL_BLINDSPOT
2026-08-26T10:44:43.732Z,100.91,149.01,0.000,2.540,7.183,6.815,7.179,6.822,6.829,0.000,Worker_2,-4.290,-3.740,15.596,0,0,1,3.280,4.760,3.000,3.000,3.0,26.0,STRUCTURAL_HAZARD
2026-08-26T10:44:43.732Z,100.91,149.01,0.000,2.540,7.183,6.815,7.179,6.822,6.829,0.000,Worker_3,3.640,-7.120,14.391,0,0,1,3.280,4.760,3.000,3.000,3.0,26.0,STRUCTURAL_HAZARD
